device_id,timestamp,temperature_c,humidity_pct,battery_pct,signal_dbm,firmware_version,status
AH-00033,2026-06-01 00:00:00,23.88,42.8,77.2,-44.5,v1.5.0,online
AH-00194,2026-06-01 00:02:00,26.75,49.58,76.9,-64.3,v1.5.0,online
AH-00026,2026-06-01 00:03:00,21.33,55.25,81.0,-48.6,v2.0.1,online
AH-00049,2026-06-01 00:04:00,20.9,41.31,85.8,-59.8,v1.5.0,online
AH-00081,2026-06-01 00:04:00,22.11,42.47,57.3,-53.7,v1.5.0,online
AH-00146,2026-06-01 00:04:00,23.09,51.78,100.0,-74.9,v2.0.1,online
AH-00087,2026-06-01 00:04:00,25.7,48.78,100.0,-62.1,v2.1.0,online
AH-00193,2026-06-01 00:06:00,19.17,55.91,75.2,-67.2,v1.4.2,online
AH-00091,2026-06-01 00:08:00,23.1,63.94,86.7,-65.2,v2.0.1,online
AH-00131,2026-06-01 00:09:00,20.86,37.9,84.7,-65.3,v2.1.0,online
AH-00120,2026-06-01 00:11:00,20.24,48.36,98.6,-79.4,v2.0.1,online
AH-00087,2026-06-01 00:11:00,20.23,45.53,83.5,-61.5,v1.5.0,online
AH-00151,2026-06-01 00:12:00,26.64,46.28,53.7,-59.6,v1.5.0,online
AH-00029,2026-06-01 00:13:00,22.56,51.78,100.0,-61.2,v1.5.0,maintenance
AH-00166,2026-06-01 00:15:00,21.89,35.1,84.3,-46.7,v1.4.2,online
AH-00146,2026-06-01 00:18:00,25.6,44.91,83.5,-60.8,v2.1.0,maintenance
AH-00159,2026-06-01 00:18:00,22.31,35.41,84.1,-70.7,v2.0.1,online
AH-00005,2026-06-01 00:19:00,21.99,38.96,79.9,-53.9,v1.5.0,online
AH-00155,2026-06-01 00:20:00,18.86,46.68,92.9,-59.9,v1.5.0,offline
AH-00091,2026-06-01 00:21:00,24.63,34.98,79.6,-52.2,v1.5.0,online
AH-00027,2026-06-01 00:21:00,21.49,40.59,89.0,-57.9,v2.0.1,online
AH-00090,2026-06-01 00:22:00,18.52,31.02,75.9,-64.5,v2.1.0,online
AH-00173,2026-06-01 00:22:00,24.16,46.46,69.3,-59.4,v2.0.1,online
AH-00151,2026-06-01 00:22:00,18.5,39.55,92.0,-61.0,v2.1.0,online
AH-00031,2026-06-01 00:23:00,29.34,44.03,76.6,-69.5,v1.5.0,online
AH-00033,2026-06-01 00:24:00,21.38,39.87,72.4,-73.3,v2.0.1,online
AH-00170,2026-06-01 00:24:00,21.43,28.16,76.8,-70.8,v2.0.1,online
AH-00090,2026-06-01 00:25:00,20.43,44.28,59.1,-66.0,v1.5.0,maintenance
AH-00189,2026-06-01 00:26:00,19.84,38.4,83.3,-58.5,v1.5.0,online
AH-00010,2026-06-01 00:28:00,15.43,55.98,63.3,-42.5,v1.5.0,online
AH-00001,2026-06-01 00:30:00,21.26,52.08,59.3,-64.7,v2.1.0,online
AH-00174,2026-06-01 00:30:00,18.52,37.86,79.5,-60.3,v2.1.0,online
AH-00084,2026-06-01 00:30:00,24.68,31.93,67.7,-63.0,v1.5.0,offline
AH-00081,2026-06-01 00:31:00,23.8,34.83,81.1,-53.8,v1.5.0,online
AH-00027,2026-06-01 00:33:00,24.01,46.99,62.7,-70.2,v2.1.0,online
AH-00048,2026-06-01 00:33:00,19.85,43.77,84.1,-50.8,v2.0.1,online
AH-00192,2026-06-01 00:34:00,22.45,43.5,81.7,-48.2,v1.5.0,online
AH-00180,2026-06-01 00:35:00,20.64,48.53,85.9,-73.0,v2.0.1,online
AH-00061,2026-06-01 00:35:00,23.17,65.92,100.0,-49.6,v2.0.1,online
AH-00034,2026-06-01 00:36:00,19.04,56.97,69.5,-60.4,v2.0.1,online
AH-00008,2026-06-01 00:37:00,22.05,48.33,67.0,-62.2,v2.1.0,online
AH-00181,2026-06-01 00:37:00,19.64,48.23,84.2,-56.2,v2.0.1,maintenance
AH-00038,2026-06-01 00:39:00,20.35,17.44,91.2,-63.7,v2.1.0,offline
AH-00028,2026-06-01 00:40:00,24.24,46.43,58.3,-66.0,v2.1.0,online
AH-00144,2026-06-01 00:44:00,23.19,51.12,76.0,-59.3,v1.5.0,online
AH-00071,2026-06-01 00:46:00,19.6,66.48,78.8,-75.8,v1.5.0,online
AH-00147,2026-06-01 00:46:00,19.98,49.02,65.7,-67.1,v2.1.0,offline
AH-00158,2026-06-01 00:47:00,18.56,46.44,75.9,-59.2,v2.1.0,online
AH-00148,2026-06-01 00:48:00,20.4,47.43,95.6,-76.4,v1.4.2,online
AH-00148,2026-06-01 00:50:00,26.37,37.65,88.1,-62.6,v2.0.1,maintenance
AH-00079,2026-06-01 00:50:00,20.64,33.47,62.8,-56.5,v1.5.0,online
AH-00074,2026-06-01 00:53:00,20.75,62.77,77.6,-52.9,v2.0.1,online
AH-00127,2026-06-01 00:55:00,22.97,37.36,93.2,-55.2,v2.0.1,online
AH-00074,2026-06-01 00:57:00,15.39,56.83,71.5,-64.0,v1.4.2,online
AH-00180,2026-06-01 00:58:00,17.5,39.86,88.1,-80.1,v2.1.0,online
AH-00092,2026-06-01 00:59:00,19.02,59.9,80.6,-70.0,v1.4.2,online
AH-00198,2026-06-01 01:00:00,21.66,36.65,71.4,-67.7,v1.5.0,online
AH-00186,2026-06-01 01:00:00,24.28,55.02,81.3,-66.0,v2.1.0,online
AH-00135,2026-06-01 01:01:00,19.99,47.62,89.0,-61.9,v1.4.2,offline
AH-00046,2026-06-01 01:01:00,22.24,50.09,90.6,-63.6,v1.5.0,maintenance
AH-00191,2026-06-01 01:02:00,20.44,33.69,83.5,-52.0,v2.1.0,online
AH-00011,2026-06-01 01:02:00,25.2,44.92,100.0,-57.5,v2.0.1,online
AH-00139,2026-06-01 01:03:00,22.04,37.81,78.7,-67.1,v1.5.0,online
AH-00021,2026-06-01 01:04:00,27.28,34.3,99.7,-65.0,v2.0.1,online
AH-00077,2026-06-01 01:07:00,21.84,37.83,92.9,-45.7,v2.1.0,online
AH-00145,2026-06-01 01:09:00,19.78,38.91,78.7,-51.6,v1.5.0,online
AH-00128,2026-06-01 01:10:00,25.19,45.04,79.2,-69.6,v1.5.0,online
AH-00045,2026-06-01 01:10:00,16.43,46.76,88.1,-77.8,v2.0.1,online
AH-00088,2026-06-01 01:11:00,28.03,42.01,66.7,-54.0,v2.1.0,online
AH-00106,2026-06-01 01:12:00,23.39,42.47,67.6,-51.2,v1.5.0,offline
AH-00064,2026-06-01 01:12:00,24.51,44.39,98.1,-68.3,v2.0.1,online
AH-00194,2026-06-01 01:16:00,22.54,43.84,97.8,-71.2,v1.4.2,online
AH-00176,2026-06-01 01:16:00,21.59,49.44,90.0,-69.5,v1.5.0,online
AH-00065,2026-06-01 01:16:00,14.14,32.16,73.4,-57.5,v2.0.1,online
AH-00043,2026-06-01 01:17:00,24.88,48.52,58.8,-63.9,v2.0.1,online
AH-00180,2026-06-01 01:17:00,22.03,43.31,69.7,-62.5,v2.1.0,online
AH-00012,2026-06-01 01:19:00,26.7,57.02,71.1,-50.9,v2.0.1,online
AH-00126,2026-06-01 01:19:00,24.78,68.39,75.7,-85.6,v1.5.0,offline
AH-00043,2026-06-01 01:19:00,19.67,43.05,61.6,-52.6,v1.5.0,online
AH-00058,2026-06-01 01:19:00,22.93,44.5,81.8,-54.3,v1.5.0,online
AH-00025,2026-06-01 01:20:00,21.12,47.31,88.4,-57.7,v1.5.0,online
AH-00148,2026-06-01 01:20:00,24.97,52.46,83.0,-56.3,v2.0.1,online
AH-00089,2026-06-01 01:20:00,20.82,23.76,87.3,-65.0,v2.0.1,online
AH-00068,2026-06-01 01:21:00,21.71,53.91,81.5,-77.1,v2.0.1,online
AH-00151,2026-06-01 01:21:00,20.46,41.93,69.7,-52.9,v1.5.0,online
AH-00144,2026-06-01 01:22:00,20.32,60.06,69.3,-63.4,v1.5.0,offline
AH-00075,2026-06-01 01:22:00,26.16,27.94,66.8,-74.2,v1.4.2,online
AH-00119,2026-06-01 01:23:00,28.05,27.96,76.7,-63.9,v1.5.0,online
AH-00160,2026-06-01 01:24:00,16.94,52.47,66.3,-55.9,v1.5.0,online
AH-00142,2026-06-01 01:24:00,22.38,32.04,66.1,-58.0,v1.4.2,online
AH-00168,2026-06-01 01:28:00,20.29,39.21,94.7,-52.5,v2.0.1,online
AH-00044,2026-06-01 01:29:00,25.31,46.64,61.8,-56.5,v1.5.0,online
AH-00134,2026-06-01 01:29:00,22.58,66.01,84.6,-58.0,v2.0.1,online
AH-00001,2026-06-01 01:31:00,21.08,52.29,97.5,-48.1,v2.0.1,online
AH-00169,2026-06-01 01:34:00,20.5,56.2,74.1,-47.0,v2.0.1,online
AH-00027,2026-06-01 01:35:00,21.7,56.9,82.8,-65.6,v2.1.0,online
AH-00170,2026-06-01 01:37:00,23.78,51.89,67.4,-59.1,v1.4.2,online
AH-00170,2026-06-01 01:37:00,28.84,43.57,88.1,-65.7,v2.1.0,online
AH-00127,2026-06-01 01:39:00,27.39,37.85,70.3,-52.5,v1.5.0,online
AH-00076,2026-06-01 01:39:00,22.35,52.66,95.4,-74.9,v2.0.1,online
AH-00166,2026-06-01 01:40:00,21.37,36.43,63.7,-60.5,v1.4.2,online
AH-00109,2026-06-01 01:41:00,16.29,27.05,72.6,-69.5,v2.1.0,online
AH-00083,2026-06-01 01:41:00,23.18,43.52,68.9,-66.2,v1.5.0,online
AH-00073,2026-06-01 01:41:00,20.55,33.27,62.0,-68.0,v2.1.0,online
AH-00185,2026-06-01 01:41:00,22.9,39.43,84.2,-59.8,v2.0.1,online
AH-00099,2026-06-01 01:42:00,20.95,55.21,85.8,-56.9,v2.0.1,online
AH-00167,2026-06-01 01:42:00,24.86,61.1,55.8,-54.2,v2.0.1,online
AH-00107,2026-06-01 01:43:00,21.5,54.87,70.5,-57.4,v2.1.0,online
AH-00176,2026-06-01 01:43:00,28.21,53.44,59.2,-60.2,v2.1.0,online
AH-00178,2026-06-01 01:44:00,18.74,48.55,90.1,-69.8,v1.4.2,maintenance
AH-00102,2026-06-01 01:45:00,22.95,52.46,40.8,-65.6,v1.4.2,online
AH-00035,2026-06-01 01:48:00,27.31,41.88,92.5,-64.3,v2.0.1,online
AH-00087,2026-06-01 01:49:00,19.69,30.33,86.3,-78.0,v2.0.1,online
AH-00199,2026-06-01 01:51:00,23.67,42.64,75.9,-54.0,v2.1.0,offline
AH-00111,2026-06-01 01:56:00,22.36,49.41,80.9,-70.5,v2.1.0,online
AH-00198,2026-06-01 01:56:00,26.78,58.04,56.8,-60.6,v1.5.0,online
AH-00197,2026-06-01 01:56:00,20.9,50.11,66.4,-66.2,v2.0.1,online
AH-00162,2026-06-01 01:57:00,19.47,54.26,94.3,-67.8,v2.0.1,online
AH-00103,2026-06-01 01:59:00,23.65,49.1,60.5,-49.9,v2.1.0,online
AH-00144,2026-06-01 02:01:00,24.33,42.0,88.9,-67.5,v2.1.0,online
AH-00046,2026-06-01 02:01:00,20.3,56.69,100.0,-49.1,v1.4.2,online
AH-00027,2026-06-01 02:02:00,17.07,46.92,90.0,-69.9,v2.0.1,online
AH-00100,2026-06-01 02:03:00,24.72,41.68,74.4,-55.1,v1.4.2,online
AH-00058,2026-06-01 02:03:00,28.49,40.3,71.3,-67.3,v1.5.0,online
AH-00087,2026-06-01 02:04:00,26.07,61.29,68.4,-59.5,v2.1.0,online
AH-00092,2026-06-01 02:05:00,20.31,40.77,85.1,-57.8,v1.4.2,offline
AH-00049,2026-06-01 02:07:00,23.7,59.71,74.1,-52.7,v2.0.1,online
AH-00035,2026-06-01 02:07:00,22.35,51.5,70.6,-63.1,v2.0.1,online
AH-00200,2026-06-01 02:08:00,24.42,48.85,67.2,-62.7,v1.4.2,online
AH-00118,2026-06-01 02:10:00,23.08,44.22,94.8,-57.0,v2.0.1,maintenance
AH-00133,2026-06-01 02:10:00,22.02,55.02,88.3,-63.8,v2.1.0,online
AH-00193,2026-06-01 02:11:00,20.51,35.14,63.5,-57.5,v2.0.1,online
AH-00113,2026-06-01 02:11:00,22.75,36.67,75.5,-63.2,v1.5.0,online
AH-00080,2026-06-01 02:11:00,20.7,49.46,66.5,-60.7,v2.0.1,online
AH-00142,2026-06-01 02:12:00,20.37,45.98,100.0,-49.5,v1.5.0,online
AH-00184,2026-06-01 02:14:00,22.09,46.14,80.3,-75.6,v2.0.1,online
AH-00180,2026-06-01 02:14:00,21.03,46.81,68.4,-67.9,v1.5.0,online
AH-00069,2026-06-01 02:15:00,25.71,50.17,85.4,-56.4,v2.0.1,online
AH-00086,2026-06-01 02:15:00,28.54,41.73,63.7,-66.5,v2.1.0,online
AH-00106,2026-06-01 02:16:00,21.47,45.56,62.6,-61.4,v1.5.0,online
AH-00074,2026-06-01 02:21:00,22.51,55.15,67.1,-62.6,v2.0.1,online
AH-00076,2026-06-01 02:21:00,24.55,49.45,83.0,-63.1,v2.0.1,online
AH-00020,2026-06-01 02:21:00,20.74,45.79,73.9,-51.3,v2.0.1,online
AH-00132,2026-06-01 02:23:00,24.29,52.73,71.8,-56.4,v2.0.1,online
AH-00030,2026-06-01 02:23:00,25.32,41.46,84.7,-62.8,v2.0.1,online
AH-00022,2026-06-01 02:25:00,22.64,41.73,95.7,-61.0,v2.0.1,online
AH-00004,2026-06-01 02:27:00,22.33,47.28,76.6,-70.2,v2.0.1,online
AH-00006,2026-06-01 02:28:00,21.07,41.56,63.9,-69.7,v2.0.1,offline
AH-00100,2026-06-01 02:28:00,24.98,61.84,61.2,-64.3,v2.0.1,online
AH-00158,2026-06-01 02:28:00,21.75,59.6,93.7,-60.4,v2.0.1,online
AH-00026,2026-06-01 02:29:00,21.33,50.64,100.0,-69.6,v2.0.1,online
AH-00088,2026-06-01 02:29:00,20.33,53.5,88.0,-57.7,v1.5.0,online
AH-00060,2026-06-01 02:30:00,18.68,47.62,67.4,-58.9,v1.5.0,online
AH-00158,2026-06-01 02:31:00,20.75,40.33,87.6,-83.4,v2.0.1,online
AH-00065,2026-06-01 02:32:00,19.93,35.53,83.9,-56.2,v2.0.1,online
AH-00029,2026-06-01 02:32:00,21.32,42.09,98.8,-42.1,v1.5.0,online
AH-00147,2026-06-01 02:32:00,22.95,38.09,76.0,-65.4,v2.1.0,online
AH-00057,2026-06-01 02:33:00,27.76,51.21,75.0,-71.8,v2.1.0,online
AH-00023,2026-06-01 02:34:00,22.15,54.0,66.1,-57.8,v1.5.0,online
AH-00158,2026-06-01 02:35:00,20.62,43.07,67.8,-61.5,v2.0.1,online
AH-00119,2026-06-01 02:35:00,23.81,48.27,93.0,-78.3,v1.5.0,online
AH-00058,2026-06-01 02:36:00,21.02,38.89,61.6,-67.2,v2.1.0,offline
AH-00156,2026-06-01 02:37:00,17.69,30.95,68.8,-63.3,v2.0.1,offline
AH-00175,2026-06-01 02:40:00,20.02,42.76,85.8,-69.5,v2.1.0,online
AH-00123,2026-06-01 02:42:00,25.81,38.15,65.6,-64.5,v2.0.1,online
AH-00011,2026-06-01 02:43:00,18.32,48.06,57.3,-67.1,v1.4.2,online
AH-00086,2026-06-01 02:44:00,21.25,52.29,90.3,-59.1,v2.0.1,offline
AH-00036,2026-06-01 02:44:00,16.15,37.69,68.8,-81.6,v2.0.1,online
AH-00077,2026-06-01 02:46:00,24.1,46.17,71.6,-45.3,v2.0.1,online
AH-00094,2026-06-01 02:47:00,28.56,45.68,80.8,-65.0,v2.1.0,online
AH-00028,2026-06-01 02:48:00,20.49,59.16,81.6,-48.2,v1.4.2,online
AH-00184,2026-06-01 02:48:00,25.72,37.14,77.5,-66.4,v2.1.0,online
AH-00155,2026-06-01 02:49:00,20.38,61.46,77.4,-73.3,v1.4.2,maintenance
AH-00089,2026-06-01 02:49:00,16.46,40.46,88.7,-55.8,v1.5.0,online
AH-00034,2026-06-01 02:49:00,20.0,39.4,88.4,-65.7,v1.5.0,offline
AH-00112,2026-06-01 02:51:00,21.73,56.07,69.5,-53.3,v2.0.1,online
AH-00040,2026-06-01 02:52:00,21.98,49.19,87.8,-56.2,v2.0.1,online
AH-00054,2026-06-01 02:52:00,24.75,54.52,67.5,-65.3,v1.5.0,online
AH-00178,2026-06-01 02:53:00,26.01,41.64,74.6,-75.2,v2.0.1,online
AH-00101,2026-06-01 02:54:00,21.3,28.66,65.7,-73.3,v2.0.1,online
AH-00033,2026-06-01 02:55:00,16.71,31.19,53.2,-57.1,v2.0.1,maintenance
AH-00193,2026-06-01 02:55:00,20.0,40.53,79.4,-65.6,v2.1.0,online
AH-00016,2026-06-01 02:56:00,23.06,41.93,64.6,-59.9,v2.0.1,online
AH-00032,2026-06-01 03:00:00,24.56,44.04,79.4,-54.2,v2.0.1,offline
AH-00045,2026-06-01 03:00:00,22.05,54.64,60.8,-55.0,v2.0.1,offline
AH-00180,2026-06-01 03:01:00,22.09,57.38,94.1,-61.8,v2.0.1,online
AH-00005,2026-06-01 03:01:00,26.26,34.45,96.8,-50.3,v2.0.1,online
AH-00154,2026-06-01 03:01:00,19.55,55.32,95.7,-61.7,v1.5.0,online
AH-00040,2026-06-01 03:02:00,24.22,32.82,83.3,-79.1,v2.0.1,offline
AH-00066,2026-06-01 03:04:00,22.34,28.59,75.5,-66.1,v2.0.1,online
AH-00081,2026-06-01 03:04:00,20.32,44.62,76.7,-67.9,v1.5.0,online
AH-00195,2026-06-01 03:05:00,26.45,46.9,66.0,-66.4,v2.0.1,online
AH-00021,2026-06-01 03:05:00,18.05,37.03,82.8,-60.1,v2.0.1,online
AH-00107,2026-06-01 03:05:00,26.67,55.2,79.7,-66.6,v2.0.1,online
AH-00137,2026-06-01 03:06:00,20.39,52.81,49.8,-65.1,v1.5.0,online
AH-00110,2026-06-01 03:10:00,20.01,43.06,65.5,-67.4,v2.0.1,online
AH-00014,2026-06-01 03:10:00,20.18,48.71,68.8,-54.8,v1.5.0,offline
AH-00111,2026-06-01 03:11:00,22.36,38.3,91.3,-71.6,v1.5.0,offline
AH-00051,2026-06-01 03:12:00,21.24,37.62,76.0,-62.8,v2.1.0,online
AH-00002,2026-06-01 03:13:00,20.94,41.59,60.8,-54.5,v2.0.1,offline
AH-00172,2026-06-01 03:13:00,21.57,51.34,69.8,-46.3,v2.1.0,maintenance
AH-00090,2026-06-01 03:14:00,22.22,49.27,95.0,-54.3,v2.0.1,online
AH-00162,2026-06-01 03:14:00,19.37,52.34,83.8,-68.9,v2.0.1,offline
AH-00009,2026-06-01 03:16:00,12.99,44.59,74.7,-57.2,v1.5.0,online
AH-00100,2026-06-01 03:17:00,21.9,44.84,62.9,-69.7,v1.5.0,online
AH-00057,2026-06-01 03:17:00,18.36,42.59,60.7,-57.9,v2.0.1,online
AH-00074,2026-06-01 03:19:00,20.46,46.49,92.6,-55.8,v1.5.0,online
AH-00119,2026-06-01 03:19:00,24.26,51.56,89.4,-60.1,v1.5.0,online
AH-00079,2026-06-01 03:20:00,22.03,38.27,100.0,-56.9,v1.5.0,online
AH-00036,2026-06-01 03:22:00,20.94,39.75,77.7,-54.6,v2.0.1,online
AH-00063,2026-06-01 03:22:00,20.1,43.28,77.1,-72.5,v1.5.0,online
AH-00074,2026-06-01 03:22:00,22.61,38.14,100.0,-35.4,v1.5.0,online
AH-00152,2026-06-01 03:23:00,24.18,48.46,68.1,-64.1,v2.1.0,offline
AH-00045,2026-06-01 03:24:00,26.25,47.08,89.2,-65.1,v2.0.1,online
AH-00032,2026-06-01 03:24:00,21.37,49.92,68.9,-56.5,v2.0.1,online
AH-00192,2026-06-01 03:26:00,20.68,57.79,78.0,-70.7,v1.5.0,offline
AH-00112,2026-06-01 03:26:00,17.77,48.2,97.8,-62.9,v1.4.2,online
AH-00042,2026-06-01 03:28:00,23.0,43.57,81.9,-44.9,v2.0.1,online
AH-00128,2026-06-01 03:30:00,22.8,45.6,89.2,-65.4,v1.5.0,online
AH-00105,2026-06-01 03:30:00,22.24,27.25,81.9,-62.1,v2.1.0,online
AH-00093,2026-06-01 03:34:00,18.92,37.56,92.0,-76.0,v2.1.0,online
AH-00075,2026-06-01 03:34:00,20.46,33.97,55.5,-76.9,v2.1.0,online
AH-00150,2026-06-01 03:35:00,23.72,49.88,56.6,-66.3,v1.5.0,online
AH-00120,2026-06-01 03:41:00,23.39,37.27,54.8,-55.5,v1.5.0,online
AH-00118,2026-06-01 03:41:00,21.74,40.43,71.6,-59.6,v2.0.1,online
AH-00096,2026-06-01 03:44:00,20.52,49.01,90.7,-48.7,v2.1.0,online
AH-00170,2026-06-01 03:44:00,25.63,52.98,66.9,-59.8,v2.0.1,online
AH-00162,2026-06-01 03:47:00,18.12,47.05,54.8,-46.4,v1.5.0,online
AH-00188,2026-06-01 03:48:00,20.26,46.49,78.1,-50.5,v2.1.0,online
AH-00095,2026-06-01 03:50:00,20.74,51.64,68.6,-61.4,v1.5.0,online
AH-00156,2026-06-01 03:51:00,24.56,40.17,78.9,-65.3,v2.0.1,online
AH-00194,2026-06-01 03:52:00,16.36,43.37,59.8,-56.9,v2.0.1,online
AH-00023,2026-06-01 03:52:00,20.94,40.66,64.8,-57.0,v1.5.0,online
AH-00169,2026-06-01 03:53:00,17.76,53.67,58.2,-72.3,v2.0.1,online
AH-00124,2026-06-01 03:55:00,26.15,37.09,86.8,-53.3,v2.0.1,online
AH-00132,2026-06-01 03:56:00,18.95,37.96,65.5,-64.9,v2.1.0,online
AH-00153,2026-06-01 03:56:00,17.75,51.09,81.4,-77.2,v2.0.1,online
AH-00029,2026-06-01 03:56:00,25.03,51.83,100.0,-48.0,v2.1.0,online
AH-00056,2026-06-01 03:57:00,18.75,47.76,79.2,-50.1,v2.1.0,online
AH-00012,2026-06-01 04:03:00,25.55,40.82,76.9,-57.0,v1.5.0,online
AH-00057,2026-06-01 04:03:00,21.38,51.43,78.8,-45.0,v2.1.0,maintenance
AH-00113,2026-06-01 04:03:00,19.51,51.01,78.6,-64.8,v2.0.1,online
AH-00196,2026-06-01 04:04:00,23.55,29.6,82.8,-68.6,v2.1.0,online
AH-00119,2026-06-01 04:04:00,19.95,38.87,80.9,-69.4,v1.5.0,offline
AH-00100,2026-06-01 04:07:00,23.61,48.72,76.1,-64.0,v2.1.0,online
AH-00065,2026-06-01 04:07:00,18.92,36.45,79.8,-53.2,v2.0.1,online
AH-00069,2026-06-01 04:08:00,28.05,30.04,91.1,-65.7,v1.4.2,online
AH-00018,2026-06-01 04:09:00,18.74,47.3,100.0,-55.6,v1.5.0,online
AH-00106,2026-06-01 04:10:00,24.94,42.7,84.6,-67.0,v2.0.1,offline
AH-00113,2026-06-01 04:10:00,22.3,47.91,85.6,-49.5,v2.0.1,online
AH-00195,2026-06-01 04:12:00,21.5,44.44,94.8,-60.3,v1.5.0,online
AH-00090,2026-06-01 04:18:00,28.94,42.14,75.1,-68.6,v2.1.0,online
AH-00152,2026-06-01 04:19:00,23.8,40.29,64.8,-66.5,v2.0.1,online
AH-00084,2026-06-01 04:19:00,17.9,38.72,85.2,-52.3,v1.4.2,online
AH-00036,2026-06-01 04:21:00,22.03,55.65,82.7,-46.6,v1.5.0,online
AH-00147,2026-06-01 04:22:00,19.74,32.07,74.8,-60.7,v1.5.0,online
AH-00027,2026-06-01 04:23:00,25.23,38.69,87.5,-58.2,v1.5.0,online
AH-00107,2026-06-01 04:25:00,22.29,47.26,90.2,-68.4,v1.5.0,online
AH-00042,2026-06-01 04:26:00,27.51,45.74,71.0,-58.8,v2.0.1,online
AH-00196,2026-06-01 04:26:00,23.68,45.11,100.0,-58.6,v1.4.2,online
AH-00033,2026-06-01 04:26:00,21.41,41.54,67.7,-52.8,v2.1.0,online
AH-00103,2026-06-01 04:27:00,22.6,52.22,46.5,-66.7,v2.1.0,online
AH-00066,2026-06-01 04:30:00,21.52,48.67,77.9,-59.6,v2.0.1,online
AH-00131,2026-06-01 04:30:00,18.7,35.16,69.8,-56.3,v2.1.0,online
AH-00197,2026-06-01 04:31:00,20.53,38.35,74.9,-63.8,v1.5.0,online
AH-00088,2026-06-01 04:33:00,22.85,39.02,68.3,-64.8,v2.0.1,offline
AH-00136,2026-06-01 04:33:00,17.11,47.45,97.1,-57.2,v1.5.0,online
AH-00092,2026-06-01 04:37:00,17.07,31.82,84.5,-69.7,v1.5.0,online
AH-00103,2026-06-01 04:40:00,21.73,60.69,95.4,-51.0,v2.0.1,online
AH-00143,2026-06-01 04:44:00,27.29,32.17,97.7,-55.4,v2.1.0,online
AH-00041,2026-06-01 04:44:00,23.83,41.74,82.7,-53.9,v2.1.0,online
AH-00060,2026-06-01 04:44:00,20.63,41.47,71.7,-69.4,v1.5.0,online
AH-00127,2026-06-01 04:45:00,19.52,40.71,71.4,-64.8,v1.5.0,online
AH-00195,2026-06-01 04:46:00,16.9,37.07,100.0,-54.1,v1.5.0,online
AH-00061,2026-06-01 04:46:00,20.69,39.78,83.9,-64.5,v1.5.0,online
AH-00155,2026-06-01 04:46:00,18.96,45.68,75.0,-55.8,v1.5.0,online
AH-00127,2026-06-01 04:48:00,27.44,45.51,63.8,-58.9,v1.5.0,online
AH-00168,2026-06-01 04:48:00,23.98,44.78,79.5,-62.9,v2.1.0,online
AH-00131,2026-06-01 04:49:00,22.56,57.94,96.0,-68.7,v2.1.0,online
AH-00155,2026-06-01 04:52:00,17.12,64.17,81.7,-69.8,v2.1.0,online
AH-00170,2026-06-01 04:52:00,19.3,33.33,71.8,-63.9,v2.0.1,online
AH-00116,2026-06-01 04:52:00,13.69,39.46,83.2,-47.4,v2.0.1,online
AH-00121,2026-06-01 04:54:00,21.84,44.36,86.4,-60.5,v2.0.1,online
AH-00104,2026-06-01 04:54:00,22.87,44.32,50.7,-60.4,v1.5.0,online
AH-00119,2026-06-01 04:57:00,16.19,40.08,90.0,-65.1,v2.0.1,online
AH-00136,2026-06-01 04:58:00,21.03,48.49,95.6,-75.0,v2.1.0,online
AH-00125,2026-06-01 04:59:00,19.94,41.34,72.1,-58.3,v2.0.1,online
AH-00122,2026-06-01 04:59:00,25.44,36.01,74.8,-56.8,v1.4.2,online
AH-00048,2026-06-01 04:59:00,19.84,47.32,74.2,-63.1,v1.4.2,online
AH-00157,2026-06-01 04:59:00,24.53,43.84,75.0,-63.2,v1.5.0,online
AH-00122,2026-06-01 05:02:00,19.93,35.81,97.7,-64.4,v2.1.0,online
AH-00007,2026-06-01 05:02:00,23.59,33.57,78.3,-58.3,v2.0.1,online
AH-00095,2026-06-01 05:03:00,23.95,44.41,76.9,-68.9,v2.0.1,offline
AH-00006,2026-06-01 05:04:00,20.18,42.12,79.6,-64.9,v2.0.1,online
AH-00108,2026-06-01 05:06:00,24.42,37.25,75.9,-58.8,v2.1.0,online
AH-00001,2026-06-01 05:07:00,16.49,41.11,71.8,-56.3,v1.5.0,online
AH-00130,2026-06-01 05:08:00,21.13,49.29,90.9,-44.8,v2.0.1,online
AH-00083,2026-06-01 05:08:00,23.82,60.04,94.8,-57.9,v1.4.2,online
AH-00064,2026-06-01 05:09:00,20.67,40.55,71.9,-41.6,v2.1.0,online
AH-00085,2026-06-01 05:09:00,25.83,48.79,70.1,-57.0,v2.0.1,online
AH-00139,2026-06-01 05:09:00,18.72,46.38,80.9,-67.3,v2.0.1,online
AH-00066,2026-06-01 05:12:00,23.47,43.06,92.9,-72.8,v1.5.0,online
AH-00157,2026-06-01 05:12:00,18.56,55.46,46.7,-63.0,v2.0.1,online
AH-00099,2026-06-01 05:16:00,19.77,54.93,94.6,-58.3,v1.5.0,online
AH-00047,2026-06-01 05:18:00,24.01,34.22,63.6,-76.0,v2.0.1,online
AH-00180,2026-06-01 05:19:00,20.04,47.46,77.3,-58.2,v1.5.0,online
AH-00185,2026-06-01 05:19:00,18.09,45.08,79.2,-76.3,v1.5.0,online
AH-00018,2026-06-01 05:19:00,20.05,45.67,69.7,-68.9,v2.0.1,online
AH-00083,2026-06-01 05:20:00,19.65,45.57,82.7,-79.5,v2.0.1,online
AH-00051,2026-06-01 05:21:00,25.37,33.15,73.1,-63.4,v2.0.1,online
AH-00067,2026-06-01 05:21:00,16.37,48.87,100.0,-57.9,v2.1.0,online
AH-00142,2026-06-01 05:22:00,23.99,43.14,92.3,-75.7,v2.1.0,online
AH-00045,2026-06-01 05:23:00,22.75,60.3,86.1,-61.1,v2.0.1,online
AH-00090,2026-06-01 05:23:00,20.14,52.8,72.7,-70.5,v2.0.1,online
AH-00070,2026-06-01 05:24:00,20.99,42.39,75.8,-55.8,v1.4.2,online
AH-00012,2026-06-01 05:26:00,29.71,37.58,75.1,-54.7,v2.0.1,maintenance
AH-00056,2026-06-01 05:26:00,26.47,44.71,78.7,-70.1,v1.4.2,online
AH-00062,2026-06-01 05:26:00,17.97,57.69,62.4,-72.7,v2.1.0,online
AH-00149,2026-06-01 05:28:00,17.47,43.6,78.7,-46.5,v1.5.0,online
AH-00010,2026-06-01 05:29:00,20.56,42.85,94.5,-56.3,v1.5.0,online
AH-00019,2026-06-01 05:29:00,23.01,54.66,78.0,-49.5,v1.4.2,online
AH-00007,2026-06-01 05:30:00,23.27,29.62,87.7,-49.8,v2.0.1,online
AH-00123,2026-06-01 05:30:00,22.94,50.99,74.1,-60.1,v2.0.1,online
AH-00008,2026-06-01 05:31:00,23.71,46.62,89.0,-69.8,v2.0.1,online
AH-00107,2026-06-01 05:33:00,22.63,42.59,71.7,-67.8,v2.0.1,online
AH-00174,2026-06-01 05:35:00,19.47,38.67,81.6,-55.9,v2.0.1,online
AH-00073,2026-06-01 05:35:00,20.0,33.37,64.3,-50.0,v2.0.1,online
AH-00064,2026-06-01 05:36:00,22.0,35.39,97.5,-71.9,v1.4.2,online
AH-00191,2026-06-01 05:37:00,18.4,51.56,67.4,-60.2,v2.0.1,online
AH-00124,2026-06-01 05:37:00,21.05,56.9,60.4,-68.2,v2.0.1,online
AH-00091,2026-06-01 05:38:00,26.46,47.3,71.7,-64.9,v2.1.0,online
AH-00182,2026-06-01 05:41:00,19.03,36.14,72.9,-45.1,v1.4.2,offline
AH-00070,2026-06-01 05:44:00,21.0,46.27,75.7,-79.8,v1.5.0,online
AH-00094,2026-06-01 05:44:00,23.74,46.65,82.0,-50.1,v1.5.0,online
AH-00067,2026-06-01 05:45:00,23.84,60.4,91.3,-55.4,v1.5.0,online
AH-00057,2026-06-01 05:47:00,18.49,30.45,72.5,-61.9,v2.0.1,online
AH-00117,2026-06-01 05:48:00,23.72,50.99,84.9,-53.2,v2.1.0,maintenance
AH-00181,2026-06-01 05:48:00,18.89,39.77,78.3,-57.0,v2.0.1,online
AH-00147,2026-06-01 05:49:00,27.92,31.32,68.3,-62.0,v2.0.1,online
AH-00162,2026-06-01 05:50:00,23.61,47.44,71.0,-65.5,v2.0.1,offline
AH-00180,2026-06-01 05:50:00,16.41,45.36,90.2,-59.2,v1.5.0,online
AH-00117,2026-06-01 05:51:00,19.47,45.78,95.1,-58.2,v2.1.0,online
AH-00171,2026-06-01 05:51:00,18.02,35.79,79.5,-65.9,v2.0.1,online
AH-00020,2026-06-01 05:51:00,22.62,41.29,86.1,-64.1,v1.5.0,online
AH-00032,2026-06-01 05:52:00,21.36,33.55,67.8,-67.4,v1.5.0,online
AH-00198,2026-06-01 05:52:00,23.38,41.69,77.6,-58.6,v2.1.0,online
AH-00182,2026-06-01 05:52:00,23.64,43.05,75.8,-71.4,v1.4.2,online
AH-00049,2026-06-01 05:52:00,17.63,42.64,81.2,-66.9,v2.1.0,online
AH-00167,2026-06-01 05:52:00,20.61,41.9,49.8,-73.6,v1.5.0,online
AH-00116,2026-06-01 05:53:00,20.92,43.78,82.2,-52.0,v2.0.1,online
AH-00173,2026-06-01 05:54:00,19.46,42.51,91.5,-64.0,v1.5.0,offline
AH-00082,2026-06-01 05:55:00,23.23,47.51,71.1,-69.6,v1.4.2,online
AH-00170,2026-06-01 05:55:00,25.32,39.46,73.8,-73.1,v2.0.1,online
AH-00122,2026-06-01 05:55:00,20.18,46.41,87.2,-44.0,v2.0.1,online
AH-00132,2026-06-01 05:56:00,28.28,46.05,58.9,-78.8,v1.5.0,online
AH-00102,2026-06-01 05:56:00,21.02,40.86,72.7,-65.2,v1.4.2,online
AH-00199,2026-06-01 05:57:00,23.35,57.73,80.7,-49.3,v2.0.1,maintenance
AH-00078,2026-06-01 05:57:00,19.95,44.47,62.8,-53.5,v2.1.0,online
AH-00010,2026-06-01 05:58:00,21.46,48.7,86.0,-67.0,v2.0.1,online
AH-00011,2026-06-01 05:59:00,23.89,42.65,96.3,-62.5,v2.0.1,online
AH-00061,2026-06-01 06:02:00,20.61,45.78,80.6,-80.7,v2.1.0,online
AH-00185,2026-06-01 06:02:00,18.74,53.24,69.6,-58.1,v2.1.0,online
AH-00048,2026-06-01 06:05:00,22.4,46.96,85.9,-67.7,v2.0.1,offline
AH-00036,2026-06-01 06:06:00,22.4,41.12,82.9,-62.2,v2.0.1,online
AH-00026,2026-06-01 06:06:00,21.93,42.82,91.9,-55.7,v2.0.1,online
AH-00060,2026-06-01 06:06:00,20.1,46.8,78.9,-63.9,v1.5.0,online
AH-00157,2026-06-01 06:07:00,22.48,46.93,100.0,-51.1,v2.0.1,online
AH-00174,2026-06-01 06:08:00,30.11,45.8,73.6,-63.9,v1.5.0,online
AH-00067,2026-06-01 06:08:00,25.29,28.73,75.6,-70.8,v1.5.0,online
AH-00154,2026-06-01 06:08:00,19.57,55.07,86.0,-65.2,v1.5.0,online
AH-00143,2026-06-01 06:09:00,25.15,31.73,89.6,-65.9,v2.0.1,online
AH-00147,2026-06-01 06:10:00,17.49,53.03,88.5,-77.0,v1.4.2,online
AH-00056,2026-06-01 06:13:00,18.45,59.49,70.3,-70.4,v1.5.0,online
AH-00008,2026-06-01 06:14:00,19.38,51.49,99.6,-66.2,v1.5.0,online
AH-00044,2026-06-01 06:14:00,24.14,44.71,88.9,-58.9,v1.5.0,online
AH-00064,2026-06-01 06:14:00,20.4,32.46,75.7,-71.0,v1.4.2,online
AH-00011,2026-06-01 06:15:00,18.81,53.32,93.6,-71.6,v1.5.0,online
AH-00007,2026-06-01 06:16:00,19.03,43.22,82.3,-63.3,v1.5.0,online
AH-00145,2026-06-01 06:17:00,21.75,41.36,100.0,-62.3,v2.1.0,online
AH-00150,2026-06-01 06:19:00,21.38,33.9,90.0,-66.8,v1.5.0,online
AH-00155,2026-06-01 06:19:00,21.95,46.54,71.4,-61.0,v2.0.1,online
AH-00005,2026-06-01 06:20:00,18.59,53.61,80.0,-60.0,v1.5.0,online
AH-00104,2026-06-01 06:21:00,25.46,58.17,95.3,-76.2,v2.0.1,online
AH-00196,2026-06-01 06:22:00,20.07,44.6,67.2,-62.0,v2.0.1,online
AH-00060,2026-06-01 06:23:00,21.97,59.05,66.9,-50.6,v2.0.1,online
AH-00152,2026-06-01 06:23:00,12.95,47.5,76.8,-60.5,v2.0.1,online
AH-00163,2026-06-01 06:23:00,15.62,42.15,82.8,-62.3,v2.0.1,offline
AH-00052,2026-06-01 06:27:00,24.45,37.82,51.6,-62.3,v2.0.1,online
AH-00108,2026-06-01 06:27:00,21.52,47.89,60.6,-59.6,v2.0.1,online
AH-00136,2026-06-01 06:28:00,19.68,51.08,53.4,-75.7,v2.0.1,online
AH-00021,2026-06-01 06:31:00,19.06,49.63,69.0,-62.0,v2.0.1,online
AH-00017,2026-06-01 06:33:00,22.47,33.49,65.3,-59.6,v2.0.1,maintenance
AH-00159,2026-06-01 06:33:00,23.41,40.5,79.2,-70.6,v2.0.1,online
AH-00091,2026-06-01 06:34:00,23.15,44.78,83.0,-62.8,v1.4.2,online
AH-00049,2026-06-01 06:34:00,25.29,45.15,66.5,-59.6,v1.5.0,online
AH-00038,2026-06-01 06:35:00,24.29,49.34,63.8,-76.3,v2.0.1,online
AH-00143,2026-06-01 06:36:00,25.25,36.76,87.6,-60.0,v1.5.0,online
AH-00158,2026-06-01 06:37:00,21.96,58.28,77.3,-69.4,v1.4.2,online
AH-00099,2026-06-01 06:37:00,23.73,40.21,75.8,-68.3,v1.5.0,online
AH-00151,2026-06-01 06:39:00,21.88,47.63,85.6,-51.9,v2.0.1,online
AH-00021,2026-06-01 06:40:00,21.41,39.98,69.1,-50.7,v2.0.1,maintenance
AH-00070,2026-06-01 06:41:00,20.47,52.23,84.1,-71.8,v2.0.1,online
AH-00069,2026-06-01 06:42:00,21.2,41.89,100.0,-66.1,v2.0.1,online
AH-00158,2026-06-01 06:43:00,17.34,35.94,80.5,-64.2,v2.1.0,online
AH-00130,2026-06-01 06:43:00,18.31,60.88,62.0,-51.3,v2.1.0,online
AH-00050,2026-06-01 06:43:00,18.24,31.88,84.4,-71.6,v1.5.0,online
AH-00107,2026-06-01 06:44:00,25.15,59.78,62.4,-56.1,v2.0.1,online
AH-00164,2026-06-01 06:45:00,21.82,56.61,100.0,-62.4,v1.5.0,online
AH-00033,2026-06-01 06:47:00,20.81,43.26,80.2,-55.6,v2.0.1,online
AH-00161,2026-06-01 06:48:00,24.77,42.93,75.0,-57.6,v2.1.0,online
AH-00044,2026-06-01 06:49:00,24.09,43.92,73.8,-57.7,v1.5.0,online
AH-00035,2026-06-01 06:52:00,21.45,52.5,64.8,-57.9,v2.0.1,online
AH-00042,2026-06-01 06:53:00,22.37,44.87,91.8,-56.4,v2.0.1,maintenance
AH-00014,2026-06-01 06:54:00,20.41,55.44,87.6,-77.2,v2.0.1,online
AH-00037,2026-06-01 06:54:00,20.17,42.17,82.1,-73.3,v1.5.0,online
AH-00086,2026-06-01 06:55:00,19.17,47.77,89.4,-56.1,v2.0.1,online
AH-00141,2026-06-01 06:57:00,24.39,42.51,92.8,-78.9,v1.5.0,online
AH-00090,2026-06-01 06:58:00,24.3,44.73,82.4,-73.3,v2.0.1,online
AH-00022,2026-06-01 06:59:00,19.31,53.52,76.8,-54.1,v2.0.1,online
AH-00154,2026-06-01 07:01:00,20.4,56.77,82.7,-46.4,v2.0.1,online
AH-00105,2026-06-01 07:02:00,24.69,39.58,92.2,-76.1,v1.5.0,online
AH-00131,2026-06-01 07:03:00,23.69,38.09,75.9,-49.4,v2.0.1,offline
AH-00048,2026-06-01 07:04:00,21.92,47.75,89.4,-53.4,v2.0.1,online
AH-00020,2026-06-01 07:04:00,21.79,43.36,61.6,-60.0,v1.5.0,online
AH-00072,2026-06-01 07:04:00,19.42,33.73,74.3,-57.4,v2.1.0,online
AH-00006,2026-06-01 07:05:00,17.44,46.05,80.2,-63.0,v1.5.0,online
AH-00125,2026-06-01 07:07:00,18.56,37.92,81.2,-63.4,v2.0.1,offline
AH-00051,2026-06-01 07:08:00,26.46,32.42,86.8,-63.6,v2.0.1,online
AH-00050,2026-06-01 07:09:00,22.03,51.53,86.7,-67.2,v2.1.0,online
AH-00101,2026-06-01 07:09:00,19.38,58.28,63.0,-70.6,v2.0.1,online
AH-00033,2026-06-01 07:11:00,21.01,40.26,40.4,-49.2,v2.0.1,offline
AH-00094,2026-06-01 07:11:00,22.42,26.22,53.3,-51.4,v2.0.1,offline
AH-00033,2026-06-01 07:11:00,22.56,48.87,76.4,-62.8,v2.0.1,online
AH-00110,2026-06-01 07:11:00,20.86,34.19,88.3,-66.5,v1.4.2,online
AH-00110,2026-06-01 07:12:00,21.8,49.63,79.0,-59.1,v1.5.0,offline
AH-00144,2026-06-01 07:12:00,16.95,48.22,50.2,-58.8,v2.0.1,online
AH-00086,2026-06-01 07:13:00,22.17,43.51,85.8,-61.0,v1.4.2,online
AH-00052,2026-06-01 07:14:00,24.81,32.64,80.9,-67.7,v2.0.1,online
AH-00181,2026-06-01 07:15:00,20.83,35.02,86.1,-74.3,v2.1.0,maintenance
AH-00085,2026-06-01 07:16:00,22.03,35.6,84.3,-68.0,v2.0.1,offline
AH-00025,2026-06-01 07:17:00,20.09,56.46,78.2,-64.8,v1.5.0,online
AH-00031,2026-06-01 07:18:00,19.98,41.92,85.0,-74.5,v2.0.1,online
AH-00150,2026-06-01 07:18:00,20.66,47.68,66.7,-48.3,v2.0.1,offline
AH-00149,2026-06-01 07:19:00,17.8,33.91,85.0,-59.6,v1.5.0,online
AH-00065,2026-06-01 07:21:00,30.41,45.89,80.5,-65.8,v2.0.1,online
AH-00091,2026-06-01 07:22:00,20.33,39.51,77.6,-64.1,v2.0.1,online
AH-00116,2026-06-01 07:23:00,24.78,54.55,66.1,-63.4,v2.1.0,online
AH-00073,2026-06-01 07:23:00,27.74,47.87,90.1,-70.1,v2.0.1,maintenance
AH-00160,2026-06-01 07:30:00,22.39,39.99,71.2,-65.3,v2.0.1,online
AH-00072,2026-06-01 07:30:00,26.05,36.27,84.8,-58.2,v1.5.0,online
AH-00157,2026-06-01 07:30:00,25.89,54.46,85.6,-68.8,v2.0.1,online
AH-00135,2026-06-01 07:31:00,23.41,42.48,87.6,-61.0,v1.5.0,online
AH-00033,2026-06-01 07:32:00,23.28,52.6,79.8,-60.1,v2.1.0,online
AH-00147,2026-06-01 07:32:00,17.95,46.64,72.9,-57.7,v2.0.1,online
AH-00108,2026-06-01 07:35:00,21.72,40.96,80.9,-57.0,v1.5.0,online
AH-00149,2026-06-01 07:37:00,23.58,54.01,75.1,-49.0,v1.5.0,online
AH-00018,2026-06-01 07:39:00,20.83,45.03,90.4,-50.3,v2.1.0,online
AH-00176,2026-06-01 07:41:00,23.67,38.14,75.6,-50.8,v1.5.0,online
AH-00178,2026-06-01 07:42:00,21.84,34.7,77.3,-62.1,v1.5.0,online
AH-00032,2026-06-01 07:42:00,26.71,49.64,85.1,-66.9,v1.5.0,online
AH-00062,2026-06-01 07:43:00,22.37,42.58,55.0,-66.3,v2.1.0,online
AH-00072,2026-06-01 07:45:00,24.52,50.53,90.3,-60.5,v2.0.1,online
AH-00166,2026-06-01 07:45:00,20.5,29.84,89.1,-59.5,v2.1.0,maintenance
AH-00196,2026-06-01 07:46:00,20.38,50.77,64.8,-66.3,v2.1.0,online
AH-00133,2026-06-01 07:46:00,21.83,44.27,71.4,-61.9,v1.5.0,online
AH-00109,2026-06-01 07:47:00,17.53,38.08,60.1,-54.7,v2.0.1,online
AH-00188,2026-06-01 07:47:00,24.08,38.21,62.1,-60.6,v2.0.1,online
AH-00044,2026-06-01 07:48:00,17.39,49.0,84.2,-61.6,v1.5.0,online
AH-00119,2026-06-01 07:50:00,21.63,44.03,90.3,-78.0,v1.5.0,offline
AH-00121,2026-06-01 07:51:00,26.87,50.65,83.5,-72.0,v2.0.1,online
AH-00165,2026-06-01 07:52:00,19.09,50.28,73.6,-77.4,v2.1.0,online
AH-00145,2026-06-01 07:55:00,20.69,39.16,79.7,-69.9,v2.0.1,online
AH-00172,2026-06-01 07:56:00,21.93,57.46,71.3,-71.8,v1.4.2,online
AH-00096,2026-06-01 07:56:00,24.94,33.99,73.0,-53.8,v2.0.1,online
AH-00056,2026-06-01 07:57:00,25.65,49.21,75.1,-62.5,v2.0.1,online
AH-00162,2026-06-01 08:00:00,24.98,62.48,97.5,-64.2,v1.4.2,online
AH-00138,2026-06-01 08:02:00,20.07,40.72,87.6,-74.8,v2.0.1,online
AH-00165,2026-06-01 08:03:00,24.36,44.53,99.0,-58.6,v1.5.0,online
AH-00034,2026-06-01 08:04:00,17.63,45.47,64.1,-55.1,v2.0.1,online
AH-00198,2026-06-01 08:04:00,24.75,54.18,68.0,-62.3,v2.0.1,offline
AH-00040,2026-06-01 08:04:00,20.59,44.18,70.9,-59.9,v2.0.1,online
AH-00068,2026-06-01 08:07:00,23.84,65.31,76.8,-66.6,v2.1.0,online
AH-00031,2026-06-01 08:07:00,21.38,43.55,85.7,-51.0,v2.0.1,online
AH-00103,2026-06-01 08:10:00,25.84,48.45,99.0,-57.3,v1.5.0,online
AH-00008,2026-06-01 08:11:00,24.86,40.75,100.0,-51.7,v2.1.0,online
AH-00110,2026-06-01 08:13:00,20.1,51.12,88.0,-65.6,v2.0.1,offline
AH-00039,2026-06-01 08:14:00,21.69,38.41,69.8,-70.3,v2.0.1,online
AH-00032,2026-06-01 08:15:00,20.12,39.55,92.4,-51.5,v1.4.2,maintenance
AH-00114,2026-06-01 08:15:00,19.07,32.51,77.1,-62.5,v2.1.0,maintenance
AH-00118,2026-06-01 08:17:00,26.32,39.24,100.0,-57.3,v2.0.1,online
AH-00077,2026-06-01 08:19:00,23.06,37.77,61.3,-58.1,v2.0.1,online
AH-00061,2026-06-01 08:19:00,23.05,38.49,96.8,-58.3,v2.0.1,online
AH-00050,2026-06-01 08:20:00,25.11,38.11,95.7,-54.0,v1.4.2,online
AH-00105,2026-06-01 08:20:00,15.58,41.37,100.0,-59.9,v1.5.0,online
AH-00195,2026-06-01 08:22:00,24.52,34.25,77.6,-73.1,v2.1.0,online
AH-00063,2026-06-01 08:22:00,22.71,41.75,85.4,-59.5,v2.1.0,online
AH-00095,2026-06-01 08:23:00,18.93,43.53,86.1,-74.8,v2.0.1,online
AH-00190,2026-06-01 08:23:00,21.07,41.21,65.6,-64.5,v2.0.1,online
AH-00040,2026-06-01 08:24:00,20.78,38.05,79.7,-67.7,v2.0.1,offline
AH-00059,2026-06-01 08:24:00,21.02,46.76,52.5,-63.3,v2.0.1,online
AH-00148,2026-06-01 08:27:00,19.98,39.63,86.6,-65.8,v2.0.1,online
AH-00067,2026-06-01 08:27:00,23.16,40.13,87.6,-60.4,v1.5.0,online
AH-00108,2026-06-01 08:28:00,16.22,44.21,78.2,-54.9,v1.4.2,online
AH-00094,2026-06-01 08:28:00,24.57,46.16,80.0,-65.2,v2.1.0,offline
AH-00053,2026-06-01 08:29:00,28.09,37.61,79.1,-67.2,v2.1.0,online
AH-00013,2026-06-01 08:29:00,21.86,50.07,85.6,-59.3,v2.0.1,online
AH-00171,2026-06-01 08:29:00,21.72,25.32,87.6,-66.3,v2.0.1,online
AH-00145,2026-06-01 08:31:00,24.14,53.55,77.6,-74.7,v1.4.2,online
AH-00194,2026-06-01 08:32:00,27.16,52.06,72.5,-63.9,v2.0.1,maintenance
AH-00122,2026-06-01 08:35:00,19.7,47.58,100.0,-58.9,v2.0.1,online
AH-00037,2026-06-01 08:36:00,24.18,31.2,61.1,-63.8,v1.5.0,online
AH-00082,2026-06-01 08:37:00,25.51,46.51,79.1,-71.1,v2.1.0,online
AH-00101,2026-06-01 08:40:00,20.42,39.55,90.5,-73.7,v2.0.1,online
AH-00018,2026-06-01 08:41:00,21.35,52.79,71.5,-66.1,v2.0.1,online
AH-00038,2026-06-01 08:41:00,20.67,43.53,79.2,-67.0,v1.4.2,offline
AH-00007,2026-06-01 08:42:00,22.33,40.49,72.6,-66.6,v2.0.1,online
AH-00159,2026-06-01 08:43:00,23.51,43.41,93.6,-64.6,v2.1.0,online
AH-00172,2026-06-01 08:46:00,24.35,51.3,71.1,-54.2,v2.0.1,online
AH-00106,2026-06-01 08:47:00,25.23,55.45,53.3,-75.0,v2.0.1,online
AH-00162,2026-06-01 08:48:00,23.67,53.91,83.8,-67.0,v2.1.0,online
AH-00146,2026-06-01 08:49:00,22.21,51.97,78.9,-63.2,v2.0.1,online
AH-00071,2026-06-01 08:49:00,24.17,44.29,79.8,-67.0,v2.0.1,online
AH-00190,2026-06-01 08:50:00,20.27,41.59,76.1,-61.0,v2.0.1,online
AH-00200,2026-06-01 08:51:00,17.86,49.72,86.0,-64.6,v1.5.0,online
AH-00069,2026-06-01 08:51:00,21.21,31.05,60.1,-66.3,v2.0.1,online
AH-00150,2026-06-01 08:53:00,23.09,38.73,95.6,-70.2,v1.5.0,online
AH-00091,2026-06-01 08:54:00,23.43,51.35,84.1,-74.6,v1.5.0,online
AH-00077,2026-06-01 08:55:00,23.68,37.72,85.2,-60.7,v1.5.0,online
AH-00015,2026-06-01 08:56:00,26.19,51.56,82.3,-59.4,v1.5.0,online
AH-00009,2026-06-01 08:56:00,20.89,44.61,81.7,-67.1,v2.0.1,online
AH-00056,2026-06-01 08:56:00,16.41,50.42,87.2,-62.9,v1.5.0,online
AH-00054,2026-06-01 09:00:00,24.13,38.84,55.7,-47.8,v2.0.1,online
AH-00024,2026-06-01 09:01:00,16.15,49.28,74.5,-64.3,v1.5.0,offline
AH-00107,2026-06-01 09:01:00,25.44,39.61,93.1,-45.2,v1.5.0,online
AH-00190,2026-06-01 09:02:00,22.35,40.46,78.1,-60.1,v2.0.1,maintenance
AH-00159,2026-06-01 09:02:00,26.28,47.38,67.9,-54.6,v2.1.0,online
AH-00198,2026-06-01 09:05:00,24.21,43.61,76.7,-49.5,v2.0.1,online
AH-00160,2026-06-01 09:05:00,27.7,45.0,91.5,-64.7,v2.0.1,online
AH-00076,2026-06-01 09:06:00,23.79,49.7,89.9,-60.7,v1.5.0,online
AH-00088,2026-06-01 09:07:00,18.25,43.05,72.2,-59.6,v1.5.0,online
AH-00199,2026-06-01 09:08:00,21.91,43.67,78.0,-62.2,v2.0.1,online
AH-00165,2026-06-01 09:08:00,20.48,53.17,79.8,-48.6,v1.5.0,online
AH-00081,2026-06-01 09:08:00,15.05,24.46,95.8,-67.5,v2.0.1,online
AH-00041,2026-06-01 09:10:00,27.98,43.91,73.8,-72.7,v1.4.2,online
AH-00168,2026-06-01 09:13:00,22.08,45.07,66.5,-65.1,v1.4.2,online
AH-00151,2026-06-01 09:14:00,22.03,45.28,86.8,-53.7,v2.0.1,maintenance
AH-00070,2026-06-01 09:14:00,27.94,66.22,87.4,-70.0,v1.4.2,online
AH-00083,2026-06-01 09:16:00,27.92,51.3,82.3,-64.1,v1.5.0,online
AH-00081,2026-06-01 09:17:00,19.5,58.72,82.9,-51.2,v2.1.0,online
AH-00069,2026-06-01 09:18:00,23.94,50.96,62.7,-54.9,v1.5.0,online
AH-00026,2026-06-01 09:19:00,23.79,44.39,81.4,-52.0,v2.0.1,online
AH-00139,2026-06-01 09:20:00,27.8,48.18,65.1,-67.1,v2.1.0,online
AH-00076,2026-06-01 09:20:00,24.05,44.45,74.8,-48.9,v2.1.0,offline
AH-00011,2026-06-01 09:20:00,23.87,34.02,76.7,-57.7,v1.5.0,online
AH-00048,2026-06-01 09:23:00,19.13,50.05,68.7,-75.5,v2.0.1,online
AH-00084,2026-06-01 09:25:00,21.55,42.13,56.8,-50.3,v1.5.0,offline
AH-00177,2026-06-01 09:27:00,17.76,51.17,85.9,-57.2,v1.5.0,online
AH-00137,2026-06-01 09:28:00,23.01,40.8,48.4,-62.9,v2.0.1,online
AH-00107,2026-06-01 09:29:00,17.97,52.66,70.3,-62.3,v2.0.1,online
AH-00047,2026-06-01 09:30:00,27.89,58.17,100.0,-60.7,v2.0.1,online
AH-00102,2026-06-01 09:31:00,23.04,53.9,76.6,-73.0,v2.0.1,online
AH-00083,2026-06-01 09:31:00,20.5,60.24,69.4,-59.9,v2.0.1,online
AH-00173,2026-06-01 09:32:00,23.68,43.85,80.9,-70.2,v1.4.2,online
AH-00020,2026-06-01 09:32:00,25.46,44.24,65.4,-56.3,v1.5.0,offline
AH-00102,2026-06-01 09:34:00,19.17,40.99,82.2,-60.3,v1.5.0,online
AH-00138,2026-06-01 09:36:00,18.02,42.77,78.9,-57.9,v1.5.0,offline
AH-00172,2026-06-01 09:37:00,23.29,42.72,83.3,-66.8,v2.0.1,online
AH-00053,2026-06-01 09:40:00,28.69,44.84,60.7,-50.8,v2.0.1,online
AH-00040,2026-06-01 09:40:00,22.49,31.81,66.7,-67.7,v2.0.1,online
AH-00009,2026-06-01 09:44:00,21.98,49.96,61.3,-52.1,v2.0.1,online
AH-00038,2026-06-01 09:47:00,30.26,46.47,62.0,-58.8,v2.0.1,online
AH-00172,2026-06-01 09:50:00,28.56,44.14,69.6,-62.3,v2.0.1,online
AH-00173,2026-06-01 09:50:00,23.29,39.6,75.4,-79.0,v1.4.2,online
AH-00032,2026-06-01 09:52:00,24.02,35.47,86.6,-66.7,v2.0.1,offline
AH-00126,2026-06-01 09:52:00,20.48,53.67,77.0,-57.0,v2.1.0,online
AH-00142,2026-06-01 09:52:00,20.57,34.88,71.2,-69.6,v2.0.1,online
AH-00159,2026-06-01 09:53:00,21.44,50.71,64.5,-60.3,v1.5.0,online
AH-00015,2026-06-01 09:54:00,24.37,50.43,78.5,-60.7,v2.0.1,online
AH-00088,2026-06-01 09:54:00,21.44,46.57,96.7,-45.1,v2.0.1,online
AH-00172,2026-06-01 09:55:00,19.04,56.08,95.8,-52.5,v2.0.1,online
AH-00196,2026-06-01 09:55:00,21.35,31.0,74.5,-65.7,v2.0.1,offline
AH-00129,2026-06-01 09:57:00,28.32,44.22,66.8,-60.5,v1.5.0,online
AH-00018,2026-06-01 09:57:00,26.56,33.34,63.7,-49.4,v1.5.0,online
AH-00162,2026-06-01 09:59:00,22.93,49.42,79.3,-60.4,v2.0.1,online
AH-00137,2026-06-01 10:02:00,20.41,34.89,75.6,-60.4,v1.5.0,online
AH-00110,2026-06-01 10:02:00,19.51,41.57,92.6,-54.4,v1.5.0,offline
AH-00032,2026-06-01 10:03:00,22.59,41.52,63.7,-67.1,v1.4.2,online
AH-00060,2026-06-01 10:07:00,17.24,45.63,67.8,-58.6,v1.5.0,online
AH-00060,2026-06-01 10:08:00,20.24,59.26,83.2,-77.6,v2.0.1,online
AH-00106,2026-06-01 10:08:00,21.83,56.98,94.1,-65.2,v1.4.2,online
AH-00089,2026-06-01 10:10:00,25.0,44.73,68.7,-53.0,v1.5.0,online
AH-00021,2026-06-01 10:10:00,22.88,53.92,74.9,-70.7,v1.5.0,online
AH-00112,2026-06-01 10:11:00,24.14,36.6,86.4,-59.7,v2.0.1,online
AH-00114,2026-06-01 10:14:00,19.95,40.46,78.7,-72.7,v2.0.1,online
AH-00048,2026-06-01 10:18:00,22.69,49.41,56.9,-62.7,v2.0.1,online
AH-00190,2026-06-01 10:18:00,23.97,50.33,79.0,-55.3,v1.5.0,online
AH-00034,2026-06-01 10:19:00,25.33,52.41,87.2,-68.5,v1.5.0,online
AH-00084,2026-06-01 10:19:00,24.76,42.98,65.5,-67.7,v1.5.0,online
AH-00014,2026-06-01 10:20:00,20.76,33.13,57.6,-74.1,v1.4.2,online
AH-00090,2026-06-01 10:20:00,20.02,48.27,78.5,-55.3,v1.5.0,online
AH-00015,2026-06-01 10:20:00,23.4,47.55,75.6,-57.6,v2.0.1,online
AH-00038,2026-06-01 10:20:00,25.9,43.74,97.4,-70.4,v1.5.0,online
AH-00003,2026-06-01 10:21:00,24.55,44.41,68.5,-72.9,v2.0.1,online
AH-00054,2026-06-01 10:22:00,26.34,48.27,87.0,-59.0,v2.0.1,online
AH-00077,2026-06-01 10:22:00,15.64,38.95,90.6,-58.6,v2.0.1,offline
AH-00160,2026-06-01 10:22:00,23.7,51.51,91.4,-55.7,v1.4.2,online
AH-00114,2026-06-01 10:23:00,20.65,47.96,69.0,-63.5,v1.5.0,online
AH-00036,2026-06-01 10:24:00,23.75,56.26,78.2,-45.1,v2.0.1,online
AH-00131,2026-06-01 10:24:00,21.47,57.65,80.7,-56.8,v2.0.1,online
AH-00110,2026-06-01 10:26:00,25.22,40.99,72.8,-51.0,v1.5.0,online
AH-00105,2026-06-01 10:26:00,23.76,50.51,47.7,-53.7,v2.1.0,online
AH-00089,2026-06-01 10:27:00,21.83,36.35,91.3,-53.5,v2.0.1,online
AH-00137,2026-06-01 10:28:00,22.83,47.86,70.7,-72.4,v2.0.1,online
AH-00108,2026-06-01 10:31:00,26.94,29.37,68.6,-64.7,v2.0.1,online
AH-00155,2026-06-01 10:31:00,19.68,39.6,64.5,-70.6,v2.1.0,online
AH-00171,2026-06-01 10:34:00,22.02,49.02,81.6,-56.3,v2.0.1,online
AH-00165,2026-06-01 10:36:00,23.2,39.16,74.4,-58.5,v1.5.0,offline
AH-00007,2026-06-01 10:37:00,25.03,40.41,94.3,-52.4,v2.0.1,online
AH-00008,2026-06-01 10:37:00,25.58,52.0,77.0,-51.2,v2.1.0,offline
AH-00060,2026-06-01 10:38:00,23.64,46.96,96.3,-47.1,v2.0.1,online
AH-00100,2026-06-01 10:39:00,24.59,45.84,72.8,-62.2,v1.4.2,online
AH-00066,2026-06-01 10:39:00,21.02,37.53,69.6,-62.9,v2.0.1,offline
AH-00024,2026-06-01 10:40:00,16.33,49.16,83.6,-61.8,v2.0.1,online
AH-00157,2026-06-01 10:41:00,22.79,54.18,73.7,-57.1,v2.1.0,online
AH-00032,2026-06-01 10:42:00,22.31,43.43,82.3,-64.8,v2.1.0,online
AH-00108,2026-06-01 10:42:00,19.14,38.7,79.7,-69.5,v2.0.1,online
AH-00135,2026-06-01 10:44:00,31.62,45.59,88.8,-46.7,v2.0.1,online
AH-00017,2026-06-01 10:44:00,24.21,42.22,68.3,-69.6,v2.1.0,online
AH-00114,2026-06-01 10:45:00,24.16,37.31,74.8,-70.6,v2.0.1,online
AH-00185,2026-06-01 10:45:00,17.67,46.98,71.5,-72.9,v1.5.0,online
AH-00036,2026-06-01 10:46:00,18.36,39.53,87.7,-56.6,v2.0.1,online
AH-00171,2026-06-01 10:47:00,26.66,45.74,92.3,-73.9,v1.5.0,online
AH-00058,2026-06-01 10:47:00,23.53,59.36,68.0,-69.4,v2.0.1,online
AH-00085,2026-06-01 10:47:00,17.87,45.08,70.1,-60.5,v1.5.0,online
AH-00109,2026-06-01 10:48:00,21.56,39.6,87.8,-69.8,v2.0.1,online
AH-00031,2026-06-01 10:48:00,26.19,46.65,63.3,-53.3,v2.0.1,online
AH-00068,2026-06-01 10:50:00,21.59,41.66,88.9,-60.0,v2.0.1,online
AH-00024,2026-06-01 10:53:00,27.28,51.96,83.9,-56.6,v2.0.1,offline
AH-00163,2026-06-01 10:54:00,27.78,34.36,87.0,-70.3,v2.0.1,online
AH-00104,2026-06-01 10:54:00,22.41,60.06,92.0,-58.2,v2.1.0,online
AH-00074,2026-06-01 10:56:00,21.04,48.19,79.0,-43.7,v2.0.1,online
AH-00173,2026-06-01 10:57:00,20.28,40.93,89.6,-58.8,v2.0.1,online
AH-00171,2026-06-01 10:59:00,19.59,45.8,90.9,-50.6,v1.5.0,maintenance
AH-00087,2026-06-01 10:59:00,23.56,55.23,83.8,-70.0,v1.5.0,online
AH-00023,2026-06-01 11:00:00,18.99,44.38,84.6,-74.6,v1.5.0,online
AH-00170,2026-06-01 11:01:00,15.68,47.24,88.8,-61.6,v2.0.1,online
AH-00165,2026-06-01 11:01:00,23.41,38.45,61.7,-52.1,v1.5.0,online
AH-00086,2026-06-01 11:02:00,19.28,26.84,72.7,-62.2,v2.0.1,online
AH-00023,2026-06-01 11:02:00,22.8,56.31,79.6,-70.0,v2.0.1,online
AH-00140,2026-06-01 11:02:00,23.15,42.7,64.1,-67.7,v1.5.0,online
AH-00106,2026-06-01 11:03:00,22.07,51.71,90.3,-58.0,v2.0.1,online
AH-00082,2026-06-01 11:03:00,20.78,44.22,58.3,-68.0,v2.1.0,offline
AH-00114,2026-06-01 11:07:00,21.39,53.2,100.0,-59.3,v1.5.0,online
AH-00102,2026-06-01 11:09:00,21.39,47.83,75.0,-56.3,v2.0.1,online
AH-00176,2026-06-01 11:09:00,18.02,36.2,72.9,-60.9,v1.5.0,online
AH-00065,2026-06-01 11:09:00,24.29,35.48,91.2,-44.4,v2.0.1,online
AH-00004,2026-06-01 11:10:00,16.92,49.06,67.9,-65.1,v2.1.0,online
AH-00082,2026-06-01 11:13:00,20.46,46.39,80.9,-61.9,v2.0.1,online
AH-00020,2026-06-01 11:15:00,22.24,53.74,81.2,-51.8,v1.5.0,offline
AH-00093,2026-06-01 11:16:00,23.83,49.84,92.5,-58.6,v2.0.1,online
AH-00171,2026-06-01 11:16:00,22.97,37.33,75.5,-60.7,v2.1.0,online
AH-00073,2026-06-01 11:16:00,26.28,46.77,61.5,-62.0,v1.5.0,offline
AH-00072,2026-06-01 11:18:00,16.94,37.85,82.8,-58.1,v2.0.1,online
AH-00061,2026-06-01 11:18:00,21.26,67.13,79.2,-38.7,v2.1.0,maintenance
AH-00053,2026-06-01 11:20:00,23.43,54.17,72.9,-70.1,v1.5.0,online
AH-00112,2026-06-01 11:23:00,25.31,46.12,100.0,-60.2,v1.5.0,online
AH-00030,2026-06-01 11:23:00,23.0,37.02,75.4,-63.4,v1.5.0,online
AH-00018,2026-06-01 11:23:00,23.93,47.58,64.3,-60.8,v1.5.0,online
AH-00062,2026-06-01 11:24:00,18.27,50.07,61.1,-74.6,v1.5.0,online
AH-00056,2026-06-01 11:24:00,23.79,36.62,77.2,-57.6,v2.0.1,online
AH-00040,2026-06-01 11:24:00,20.73,44.24,86.8,-38.7,v2.1.0,online
AH-00033,2026-06-01 11:25:00,18.56,65.43,70.0,-49.8,v2.0.1,online
AH-00185,2026-06-01 11:27:00,20.34,53.72,95.4,-41.6,v2.0.1,online
AH-00173,2026-06-01 11:29:00,21.27,48.38,78.3,-63.3,v2.0.1,online
AH-00154,2026-06-01 11:29:00,18.67,42.95,68.6,-60.5,v2.0.1,online
AH-00102,2026-06-01 11:29:00,19.69,39.37,100.0,-53.0,v2.0.1,online
AH-00143,2026-06-01 11:30:00,21.25,45.62,57.1,-62.4,v2.0.1,offline
AH-00068,2026-06-01 11:31:00,27.9,36.73,81.0,-42.0,v1.5.0,online
AH-00169,2026-06-01 11:33:00,23.82,50.37,77.1,-60.5,v2.0.1,online
AH-00003,2026-06-01 11:33:00,21.28,60.49,74.3,-60.6,v1.5.0,online
AH-00156,2026-06-01 11:34:00,25.24,60.6,83.8,-63.7,v1.5.0,online
AH-00021,2026-06-01 11:35:00,25.05,45.66,78.3,-57.8,v1.4.2,online
AH-00199,2026-06-01 11:36:00,25.58,39.48,78.4,-66.6,v2.1.0,offline
AH-00161,2026-06-01 11:37:00,22.4,40.78,66.5,-67.5,v2.0.1,online
AH-00125,2026-06-01 11:40:00,27.67,45.96,69.9,-56.9,v2.0.1,online
AH-00038,2026-06-01 11:40:00,26.12,42.17,85.9,-63.8,v1.5.0,online
AH-00118,2026-06-01 11:41:00,23.45,54.51,83.6,-68.7,v2.0.1,online
AH-00123,2026-06-01 11:42:00,20.2,50.95,95.0,-59.0,v2.0.1,online
AH-00172,2026-06-01 11:42:00,27.04,51.02,76.2,-58.2,v1.4.2,online
AH-00073,2026-06-01 11:46:00,23.59,48.2,100.0,-62.6,v2.0.1,online
AH-00121,2026-06-01 11:47:00,15.8,43.08,83.5,-56.2,v2.1.0,online
AH-00148,2026-06-01 11:47:00,21.63,53.62,86.7,-57.9,v2.0.1,online
AH-00069,2026-06-01 11:48:00,25.3,53.66,82.9,-62.8,v1.5.0,online
AH-00180,2026-06-01 11:50:00,22.62,54.99,91.7,-69.4,v2.0.1,online
AH-00114,2026-06-01 11:51:00,23.3,42.12,78.7,-65.9,v1.5.0,online
AH-00078,2026-06-01 11:51:00,15.87,43.35,83.7,-70.6,v2.0.1,offline
AH-00188,2026-06-01 11:52:00,19.63,56.98,91.6,-57.9,v2.1.0,online
AH-00072,2026-06-01 11:52:00,19.4,46.65,100.0,-56.6,v1.5.0,online
AH-00038,2026-06-01 11:52:00,21.81,45.49,77.5,-58.1,v1.5.0,online
AH-00062,2026-06-01 11:53:00,21.35,46.62,74.0,-70.1,v1.5.0,online
AH-00145,2026-06-01 11:54:00,19.06,43.68,88.8,-63.2,v2.1.0,online
AH-00024,2026-06-01 11:55:00,24.5,40.57,99.3,-61.6,v2.0.1,online
AH-00027,2026-06-01 11:55:00,21.27,63.09,74.1,-47.9,v1.5.0,online
AH-00001,2026-06-01 11:55:00,20.33,49.67,96.0,-66.2,v1.5.0,online
AH-00034,2026-06-01 11:56:00,23.4,40.59,69.9,-47.2,v2.0.1,online
AH-00151,2026-06-01 11:56:00,18.52,30.75,96.3,-54.5,v2.0.1,online
AH-00090,2026-06-01 11:56:00,21.14,55.81,76.6,-59.1,v2.1.0,online
AH-00138,2026-06-01 11:56:00,16.53,53.17,71.5,-57.7,v2.0.1,offline
AH-00177,2026-06-01 11:58:00,21.87,41.53,85.6,-55.4,v2.0.1,online
AH-00112,2026-06-01 12:00:00,24.81,70.01,100.0,-67.0,v2.0.1,online
AH-00144,2026-06-01 12:00:00,22.91,34.78,89.0,-60.5,v2.1.0,online
AH-00197,2026-06-01 12:01:00,21.11,40.44,82.0,-78.9,v1.5.0,online
AH-00193,2026-06-01 12:01:00,24.78,48.17,100.0,-64.8,v2.0.1,online
AH-00102,2026-06-01 12:03:00,20.74,36.3,52.1,-42.9,v2.0.1,online
AH-00038,2026-06-01 12:04:00,22.46,51.53,67.6,-50.1,v1.5.0,offline
AH-00068,2026-06-01 12:06:00,21.6,51.49,99.1,-67.7,v1.5.0,online
AH-00111,2026-06-01 12:09:00,23.07,46.98,89.6,-47.3,v2.0.1,online
AH-00178,2026-06-01 12:10:00,20.29,54.04,80.6,-72.3,v2.1.0,online
AH-00175,2026-06-01 12:12:00,23.23,54.02,68.4,-69.7,v2.1.0,online
AH-00128,2026-06-01 12:12:00,23.14,46.92,88.8,-62.2,v1.5.0,online
AH-00158,2026-06-01 12:12:00,25.79,36.17,82.9,-55.5,v2.0.1,online
AH-00106,2026-06-01 12:13:00,21.6,34.52,93.9,-58.9,v1.5.0,online
AH-00198,2026-06-01 12:15:00,17.31,30.04,68.2,-61.0,v2.0.1,online
AH-00116,2026-06-01 12:18:00,23.55,45.66,100.0,-69.0,v2.1.0,online
AH-00154,2026-06-01 12:18:00,23.21,42.91,80.5,-62.4,v1.5.0,online
AH-00142,2026-06-01 12:19:00,21.83,53.18,65.8,-56.8,v2.0.1,online
AH-00053,2026-06-01 12:19:00,22.73,39.01,82.3,-56.3,v1.5.0,online
AH-00148,2026-06-01 12:21:00,22.59,55.25,77.5,-60.4,v2.0.1,online
AH-00155,2026-06-01 12:23:00,26.16,38.41,84.7,-67.7,v1.5.0,online
AH-00063,2026-06-01 12:23:00,23.91,32.3,82.5,-66.1,v2.0.1,online
AH-00038,2026-06-01 12:23:00,17.8,44.28,54.6,-70.2,v2.1.0,offline
AH-00111,2026-06-01 12:24:00,25.04,49.26,75.8,-64.8,v2.0.1,online
AH-00131,2026-06-01 12:25:00,23.8,36.86,73.9,-66.6,v2.0.1,online
AH-00157,2026-06-01 12:26:00,19.02,40.68,68.5,-70.3,v2.1.0,online
AH-00036,2026-06-01 12:26:00,22.24,56.04,72.7,-47.8,v1.5.0,online
AH-00170,2026-06-01 12:28:00,22.03,59.11,90.8,-47.3,v2.0.1,online
AH-00041,2026-06-01 12:29:00,26.37,48.05,75.3,-70.9,v2.1.0,online
AH-00067,2026-06-01 12:29:00,19.33,44.51,75.6,-57.0,v2.0.1,online
AH-00110,2026-06-01 12:33:00,21.35,39.13,71.1,-55.0,v1.5.0,offline
AH-00039,2026-06-01 12:34:00,24.05,32.7,99.4,-66.4,v2.0.1,online
AH-00089,2026-06-01 12:35:00,22.05,45.72,66.1,-53.2,v1.4.2,online
AH-00009,2026-06-01 12:35:00,20.89,36.09,89.6,-56.8,v2.1.0,online
AH-00016,2026-06-01 12:36:00,20.43,41.11,76.7,-58.2,v2.0.1,online
AH-00012,2026-06-01 12:36:00,18.74,44.49,87.1,-69.5,v1.5.0,online
AH-00195,2026-06-01 12:37:00,21.36,44.74,81.8,-57.5,v2.0.1,online
AH-00059,2026-06-01 12:38:00,24.89,48.1,84.1,-60.0,v2.0.1,online
AH-00099,2026-06-01 12:38:00,19.1,49.31,51.6,-61.5,v1.5.0,online
AH-00137,2026-06-01 12:41:00,22.68,40.7,86.1,-61.0,v1.5.0,online
AH-00092,2026-06-01 12:42:00,26.95,40.6,82.7,-66.5,v1.5.0,offline
AH-00150,2026-06-01 12:42:00,19.55,45.42,88.7,-56.0,v1.5.0,online
AH-00004,2026-06-01 12:44:00,19.64,39.24,85.2,-63.7,v2.0.1,offline
AH-00113,2026-06-01 12:44:00,21.34,50.38,84.6,-54.3,v2.1.0,online
AH-00123,2026-06-01 12:44:00,22.35,39.9,87.3,-69.3,v2.0.1,online
AH-00023,2026-06-01 12:44:00,21.86,33.1,69.1,-66.6,v2.0.1,online
AH-00010,2026-06-01 12:45:00,27.33,39.75,48.2,-71.1,v1.5.0,online
AH-00033,2026-06-01 12:46:00,19.94,56.99,65.1,-59.8,v2.0.1,online
AH-00074,2026-06-01 12:47:00,26.32,37.12,82.2,-59.8,v2.0.1,online
AH-00104,2026-06-01 12:47:00,25.16,54.34,75.5,-53.9,v1.5.0,online
AH-00009,2026-06-01 12:47:00,21.17,35.34,94.7,-65.3,v1.5.0,maintenance
AH-00065,2026-06-01 12:47:00,20.8,39.68,87.5,-54.1,v1.5.0,online
AH-00192,2026-06-01 12:48:00,21.22,46.66,89.8,-45.2,v1.5.0,online
AH-00034,2026-06-01 12:50:00,27.49,34.13,81.3,-75.8,v2.0.1,online
AH-00086,2026-06-01 12:50:00,20.12,36.85,68.9,-69.1,v1.5.0,online
AH-00001,2026-06-01 12:51:00,18.71,41.38,76.8,-83.0,v1.5.0,online
AH-00131,2026-06-01 12:51:00,24.23,58.55,80.1,-70.5,v2.0.1,online
AH-00038,2026-06-01 12:51:00,18.41,37.13,70.1,-62.5,v2.1.0,online
AH-00089,2026-06-01 12:52:00,20.99,46.3,86.9,-58.2,v2.0.1,online
AH-00049,2026-06-01 12:54:00,24.6,46.44,69.9,-59.8,v1.4.2,offline
AH-00163,2026-06-01 12:55:00,19.54,54.97,62.4,-69.2,v1.5.0,online
AH-00199,2026-06-01 12:57:00,20.55,61.95,80.8,-59.3,v2.1.0,online
AH-00018,2026-06-01 12:58:00,11.77,45.61,84.4,-54.6,v2.1.0,online
AH-00009,2026-06-01 12:58:00,28.5,49.75,78.8,-62.3,v1.5.0,online
AH-00014,2026-06-01 13:00:00,20.75,42.54,59.8,-55.4,v1.5.0,online
AH-00199,2026-06-01 13:01:00,21.61,31.2,76.7,-74.4,v1.4.2,online
AH-00169,2026-06-01 13:01:00,25.2,62.32,75.4,-70.9,v1.4.2,online
AH-00197,2026-06-01 13:05:00,20.67,45.58,70.0,-59.8,v2.0.1,online
AH-00013,2026-06-01 13:05:00,13.45,40.9,80.7,-55.6,v1.5.0,online
AH-00186,2026-06-01 13:07:00,18.0,62.07,96.8,-75.4,v2.1.0,online
AH-00084,2026-06-01 13:07:00,20.77,32.2,94.9,-65.3,v2.0.1,online
AH-00109,2026-06-01 13:08:00,23.96,42.03,70.5,-76.6,v2.0.1,online
AH-00063,2026-06-01 13:08:00,20.16,40.26,63.1,-75.9,v1.5.0,online
AH-00105,2026-06-01 13:08:00,25.78,42.22,75.3,-63.1,v1.4.2,online
AH-00092,2026-06-01 13:10:00,21.52,49.8,67.9,-63.5,v1.5.0,maintenance
AH-00046,2026-06-01 13:10:00,20.11,48.21,65.3,-67.5,v2.0.1,online
AH-00039,2026-06-01 13:12:00,19.13,53.63,60.0,-70.5,v2.0.1,online
AH-00011,2026-06-01 13:12:00,25.05,38.4,72.1,-49.4,v1.5.0,online
AH-00172,2026-06-01 13:12:00,16.34,49.13,80.5,-63.7,v2.0.1,online
AH-00161,2026-06-01 13:13:00,19.32,46.46,56.3,-57.1,v1.5.0,online
AH-00175,2026-06-01 13:13:00,21.97,48.38,85.0,-67.1,v1.5.0,online
AH-00008,2026-06-01 13:14:00,20.06,56.7,80.5,-62.7,v1.5.0,online
AH-00032,2026-06-01 13:14:00,20.76,36.57,67.2,-67.3,v2.1.0,online
AH-00136,2026-06-01 13:15:00,23.16,51.45,92.3,-70.3,v2.0.1,maintenance
AH-00150,2026-06-01 13:17:00,22.44,38.33,86.8,-67.8,v2.0.1,maintenance
AH-00030,2026-06-01 13:18:00,18.82,40.42,68.5,-51.2,v2.1.0,online
AH-00159,2026-06-01 13:18:00,17.52,47.27,75.2,-61.0,v2.1.0,online
AH-00182,2026-06-01 13:20:00,21.98,39.19,85.9,-66.1,v2.1.0,online
AH-00115,2026-06-01 13:21:00,24.34,45.95,86.0,-81.5,v2.0.1,online
AH-00085,2026-06-01 13:21:00,14.4,48.53,98.7,-71.8,v2.1.0,online
AH-00068,2026-06-01 13:23:00,25.95,39.99,57.8,-56.0,v2.0.1,online
AH-00040,2026-06-01 13:24:00,15.85,51.89,72.5,-56.6,v2.0.1,online
AH-00021,2026-06-01 13:24:00,22.91,56.67,85.0,-61.1,v1.5.0,online
AH-00002,2026-06-01 13:25:00,22.45,38.51,71.7,-71.3,v1.5.0,online
AH-00188,2026-06-01 13:26:00,16.4,38.47,68.4,-58.2,v2.0.1,offline
AH-00089,2026-06-01 13:27:00,17.29,50.53,95.0,-68.5,v1.5.0,online
AH-00178,2026-06-01 13:27:00,22.58,52.08,75.5,-58.1,v2.0.1,online
AH-00044,2026-06-01 13:27:00,18.03,48.31,80.5,-65.6,v1.5.0,online
AH-00012,2026-06-01 13:28:00,24.83,49.78,100.0,-62.5,v2.0.1,online
AH-00111,2026-06-01 13:29:00,20.76,46.99,70.6,-54.4,v2.0.1,online
AH-00156,2026-06-01 13:30:00,28.0,37.8,56.3,-64.9,v2.0.1,maintenance
AH-00056,2026-06-01 13:33:00,25.45,52.97,67.5,-53.6,v1.5.0,online
AH-00099,2026-06-01 13:33:00,21.14,39.83,89.2,-56.1,v2.1.0,online
AH-00076,2026-06-01 13:35:00,23.53,42.59,60.6,-61.7,v2.0.1,online
AH-00040,2026-06-01 13:36:00,22.99,31.48,91.3,-47.5,v2.1.0,offline
AH-00152,2026-06-01 13:36:00,20.99,60.08,98.4,-67.8,v1.4.2,online
AH-00171,2026-06-01 13:36:00,21.14,50.41,92.5,-65.8,v1.4.2,online
AH-00179,2026-06-01 13:37:00,25.61,47.3,82.9,-49.7,v1.4.2,maintenance
AH-00079,2026-06-01 13:38:00,22.23,61.04,71.5,-45.1,v1.5.0,online
AH-00182,2026-06-01 13:41:00,27.87,57.35,74.8,-49.6,v2.0.1,online
AH-00013,2026-06-01 13:41:00,23.92,49.3,81.1,-80.1,v1.5.0,maintenance
AH-00171,2026-06-01 13:42:00,23.64,37.95,62.4,-56.4,v2.0.1,online
AH-00140,2026-06-01 13:45:00,24.54,38.02,76.6,-67.1,v2.1.0,online
AH-00200,2026-06-01 13:45:00,19.71,41.84,94.3,-65.5,v2.1.0,online
AH-00073,2026-06-01 13:47:00,21.17,54.59,93.5,-61.5,v2.0.1,offline
AH-00146,2026-06-01 13:47:00,23.27,49.56,74.8,-55.2,v2.0.1,online
AH-00115,2026-06-01 13:47:00,19.96,44.39,61.0,-64.3,v2.0.1,online
AH-00028,2026-06-01 13:48:00,24.17,61.89,74.1,-62.3,v1.4.2,online
AH-00198,2026-06-01 13:48:00,20.28,31.43,84.7,-64.0,v2.0.1,online
AH-00036,2026-06-01 13:49:00,24.62,41.02,63.9,-53.7,v2.1.0,maintenance
AH-00002,2026-06-01 13:49:00,22.72,39.0,75.9,-57.1,v1.5.0,online
AH-00093,2026-06-01 13:49:00,22.09,53.03,72.7,-65.5,v1.4.2,online
AH-00102,2026-06-01 13:54:00,22.47,36.6,100.0,-59.6,v1.5.0,online
AH-00043,2026-06-01 13:56:00,23.6,41.46,95.1,-68.4,v2.0.1,online
AH-00032,2026-06-01 13:56:00,21.99,40.77,69.7,-62.3,v2.0.1,offline
AH-00024,2026-06-01 13:56:00,26.93,63.09,80.2,-65.2,v1.5.0,offline
AH-00058,2026-06-01 13:59:00,23.58,38.96,63.6,-66.5,v2.0.1,offline
AH-00159,2026-06-01 14:00:00,22.09,47.23,69.0,-60.5,v1.5.0,online
AH-00102,2026-06-01 14:01:00,23.3,26.18,91.2,-63.8,v1.5.0,online
AH-00111,2026-06-01 14:01:00,24.04,33.35,65.9,-50.5,v1.5.0,online
AH-00039,2026-06-01 14:03:00,20.54,47.8,76.2,-68.6,v2.1.0,online
AH-00008,2026-06-01 14:04:00,22.27,56.7,74.1,-41.1,v1.4.2,online
AH-00197,2026-06-01 14:06:00,17.99,35.96,79.3,-82.4,v2.0.1,online
AH-00139,2026-06-01 14:08:00,19.39,44.5,88.3,-59.1,v1.5.0,online
AH-00160,2026-06-01 14:08:00,22.54,39.1,71.0,-52.7,v2.0.1,online
AH-00057,2026-06-01 14:09:00,26.18,41.25,75.3,-51.0,v1.5.0,online
AH-00125,2026-06-01 14:09:00,28.16,47.75,61.9,-63.4,v2.1.0,online
AH-00025,2026-06-01 14:11:00,19.78,41.93,66.5,-64.1,v2.1.0,online
AH-00148,2026-06-01 14:13:00,18.23,48.05,80.5,-73.6,v2.0.1,offline
AH-00024,2026-06-01 14:15:00,23.26,44.99,100.0,-66.7,v2.0.1,online
AH-00014,2026-06-01 14:18:00,22.6,60.66,78.4,-51.9,v1.5.0,online
AH-00150,2026-06-01 14:19:00,22.72,52.62,79.7,-70.5,v1.5.0,online
AH-00170,2026-06-01 14:20:00,17.11,46.95,71.1,-66.1,v1.5.0,online
AH-00199,2026-06-01 14:20:00,16.77,41.1,73.9,-59.2,v2.0.1,online
AH-00040,2026-06-01 14:21:00,25.25,51.1,68.0,-64.9,v2.1.0,online
AH-00058,2026-06-01 14:24:00,20.66,43.81,61.7,-58.6,v1.5.0,online
AH-00161,2026-06-01 14:25:00,22.22,37.68,77.3,-49.1,v2.0.1,online
AH-00106,2026-06-01 14:25:00,22.04,44.13,83.9,-68.7,v2.1.0,online
AH-00047,2026-06-01 14:26:00,22.61,34.16,81.4,-59.3,v2.0.1,offline
AH-00091,2026-06-01 14:28:00,19.44,50.46,73.8,-59.8,v1.5.0,online
AH-00038,2026-06-01 14:29:00,24.28,29.27,62.4,-67.4,v1.4.2,online
AH-00031,2026-06-01 14:31:00,17.72,39.34,75.2,-74.4,v2.1.0,online
AH-00118,2026-06-01 14:31:00,19.85,55.82,89.9,-69.4,v2.0.1,online
AH-00083,2026-06-01 14:31:00,21.57,34.81,99.0,-52.6,v1.4.2,online
AH-00050,2026-06-01 14:32:00,26.51,47.91,66.6,-61.0,v2.0.1,online
AH-00093,2026-06-01 14:32:00,19.51,53.34,66.1,-64.9,v1.4.2,online
AH-00168,2026-06-01 14:34:00,24.83,37.13,65.1,-54.8,v1.4.2,online
AH-00092,2026-06-01 14:34:00,15.8,50.51,73.1,-54.1,v2.0.1,online
AH-00148,2026-06-01 14:34:00,23.05,43.4,70.6,-62.0,v2.0.1,online
AH-00047,2026-06-01 14:34:00,22.88,35.24,68.7,-49.0,v2.1.0,online
AH-00134,2026-06-01 14:35:00,24.69,41.7,82.0,-61.9,v2.0.1,online
AH-00193,2026-06-01 14:35:00,19.02,40.81,82.1,-56.7,v1.4.2,maintenance
AH-00169,2026-06-01 14:39:00,22.53,26.16,71.3,-67.7,v2.0.1,online
AH-00153,2026-06-01 14:39:00,22.33,43.26,76.6,-38.8,v2.0.1,online
AH-00148,2026-06-01 14:41:00,17.06,46.65,100.0,-77.7,v2.1.0,offline
AH-00174,2026-06-01 14:42:00,25.83,58.82,67.4,-58.4,v1.5.0,online
AH-00165,2026-06-01 14:42:00,23.99,45.07,92.0,-66.7,v2.0.1,online
AH-00151,2026-06-01 14:44:00,22.92,38.99,87.0,-72.8,v1.5.0,online
AH-00002,2026-06-01 14:46:00,21.76,44.18,92.3,-59.3,v2.1.0,online
AH-00040,2026-06-01 14:49:00,22.74,47.23,84.3,-68.0,v2.0.1,online
AH-00085,2026-06-01 14:49:00,23.5,47.43,79.7,-49.7,v2.1.0,maintenance
AH-00185,2026-06-01 14:50:00,19.29,39.56,71.1,-45.2,v1.5.0,online
AH-00020,2026-06-01 14:50:00,20.42,42.8,97.0,-44.0,v2.1.0,online
AH-00034,2026-06-01 14:50:00,26.56,43.24,58.2,-49.1,v1.5.0,online
AH-00121,2026-06-01 14:51:00,21.69,50.91,95.9,-60.2,v2.1.0,offline
AH-00052,2026-06-01 14:51:00,23.4,52.45,75.5,-66.4,v2.0.1,online
AH-00131,2026-06-01 14:51:00,21.08,44.88,64.4,-51.6,v1.5.0,online
AH-00124,2026-06-01 14:53:00,18.82,64.32,87.8,-69.0,v1.5.0,online
AH-00042,2026-06-01 14:54:00,18.92,55.65,89.7,-71.3,v1.5.0,online
AH-00150,2026-06-01 14:55:00,19.74,50.06,73.0,-47.4,v1.5.0,online
AH-00141,2026-06-01 14:55:00,19.44,43.52,94.6,-60.9,v2.0.1,online
AH-00107,2026-06-01 14:57:00,22.59,47.68,100.0,-59.3,v1.4.2,online
AH-00170,2026-06-01 14:57:00,26.42,51.34,94.5,-62.7,v1.5.0,online
AH-00151,2026-06-01 14:58:00,24.06,46.5,87.4,-73.5,v2.1.0,online
AH-00141,2026-06-01 14:59:00,22.28,36.02,77.7,-62.4,v2.1.0,online
AH-00151,2026-06-01 14:59:00,19.73,46.96,80.8,-67.2,v2.0.1,online
AH-00077,2026-06-01 15:00:00,23.59,42.85,89.8,-59.1,v2.0.1,online
AH-00133,2026-06-01 15:01:00,19.56,58.05,82.1,-57.8,v1.5.0,online
AH-00132,2026-06-01 15:01:00,26.52,37.19,98.1,-71.9,v2.0.1,online
AH-00061,2026-06-01 15:01:00,23.16,55.1,86.2,-55.0,v2.0.1,online
AH-00003,2026-06-01 15:04:00,22.64,42.25,59.8,-62.7,v1.5.0,online
AH-00099,2026-06-01 15:05:00,26.68,45.66,80.0,-40.2,v2.0.1,online
AH-00008,2026-06-01 15:07:00,23.96,49.49,68.0,-61.6,v1.4.2,online
AH-00094,2026-06-01 15:07:00,24.97,31.23,74.5,-62.5,v2.0.1,online
AH-00005,2026-06-01 15:08:00,24.09,42.51,73.7,-47.5,v2.0.1,online
AH-00012,2026-06-01 15:09:00,19.4,57.44,78.4,-54.9,v1.5.0,online
AH-00099,2026-06-01 15:09:00,20.27,37.42,91.1,-64.2,v1.4.2,offline
AH-00047,2026-06-01 15:14:00,16.58,49.9,63.1,-48.1,v2.0.1,offline
AH-00029,2026-06-01 15:15:00,19.0,58.13,78.0,-64.4,v1.4.2,online
AH-00102,2026-06-01 15:16:00,23.32,53.46,78.0,-60.9,v2.1.0,online
AH-00197,2026-06-01 15:17:00,22.6,33.78,87.1,-52.5,v1.5.0,online
AH-00006,2026-06-01 15:18:00,14.18,56.37,70.6,-50.7,v2.0.1,online
AH-00054,2026-06-01 15:19:00,20.2,42.4,80.6,-60.8,v2.1.0,maintenance
AH-00021,2026-06-01 15:19:00,20.2,62.54,91.6,-71.4,v2.0.1,online
AH-00102,2026-06-01 15:20:00,21.99,45.92,65.5,-71.2,v1.5.0,online
AH-00093,2026-06-01 15:21:00,19.79,50.64,92.2,-45.3,v1.5.0,online
AH-00034,2026-06-01 15:21:00,19.26,45.36,85.5,-82.1,v2.0.1,online
AH-00036,2026-06-01 15:22:00,24.72,40.0,88.1,-46.5,v2.1.0,online
AH-00126,2026-06-01 15:22:00,17.18,33.38,82.5,-64.6,v2.1.0,online
AH-00012,2026-06-01 15:24:00,20.07,57.12,65.4,-67.0,v2.0.1,online
AH-00059,2026-06-01 15:24:00,18.09,48.6,82.4,-46.3,v2.0.1,online
AH-00167,2026-06-01 15:24:00,23.21,37.26,63.1,-73.8,v2.0.1,online
AH-00155,2026-06-01 15:27:00,18.12,49.77,76.7,-63.7,v1.5.0,online
AH-00010,2026-06-01 15:28:00,20.26,42.19,80.9,-56.6,v1.5.0,maintenance
AH-00171,2026-06-01 15:30:00,27.14,38.82,67.8,-44.5,v2.1.0,online
AH-00137,2026-06-01 15:31:00,16.38,50.66,80.6,-59.4,v1.5.0,online
AH-00171,2026-06-01 15:32:00,22.44,41.0,88.5,-65.5,v2.0.1,online
AH-00081,2026-06-01 15:32:00,23.28,59.97,92.2,-50.8,v2.0.1,online
AH-00147,2026-06-01 15:33:00,24.97,46.79,73.3,-57.2,v2.0.1,online
AH-00071,2026-06-01 15:33:00,22.84,27.79,78.8,-59.0,v2.0.1,online
AH-00083,2026-06-01 15:33:00,22.23,62.5,97.2,-49.2,v1.5.0,offline
AH-00178,2026-06-01 15:33:00,21.36,54.32,84.9,-53.0,v1.4.2,online
AH-00153,2026-06-01 15:36:00,19.13,50.86,82.4,-62.3,v1.5.0,maintenance
AH-00185,2026-06-01 15:36:00,25.42,36.55,92.8,-50.7,v1.5.0,online
AH-00154,2026-06-01 15:37:00,23.09,49.09,77.0,-62.1,v1.5.0,online
AH-00146,2026-06-01 15:37:00,22.51,43.33,90.5,-63.6,v1.5.0,online
AH-00189,2026-06-01 15:38:00,21.5,40.12,79.3,-51.4,v2.0.1,online
AH-00029,2026-06-01 15:38:00,23.75,55.17,85.3,-51.7,v2.1.0,maintenance
AH-00152,2026-06-01 15:39:00,28.07,54.31,70.5,-71.4,v1.5.0,online
AH-00092,2026-06-01 15:39:00,20.45,31.96,91.3,-62.6,v1.5.0,online
AH-00170,2026-06-01 15:39:00,21.1,40.64,100.0,-61.1,v2.0.1,online
AH-00148,2026-06-01 15:40:00,20.69,40.92,90.4,-61.9,v2.0.1,online
AH-00200,2026-06-01 15:42:00,24.28,36.63,96.9,-57.2,v1.4.2,online
AH-00038,2026-06-01 15:43:00,18.99,40.53,91.4,-60.3,v1.4.2,online
AH-00154,2026-06-01 15:43:00,13.75,48.13,66.4,-58.3,v1.5.0,offline
AH-00065,2026-06-01 15:44:00,20.61,25.57,75.4,-49.0,v1.5.0,online
AH-00075,2026-06-01 15:46:00,20.44,30.83,89.0,-64.1,v1.5.0,online
AH-00199,2026-06-01 15:48:00,31.88,43.3,100.0,-70.8,v2.1.0,online
AH-00161,2026-06-01 15:48:00,23.49,44.92,70.3,-54.7,v2.1.0,online
AH-00145,2026-06-01 15:50:00,17.97,32.6,62.5,-72.0,v2.0.1,online
AH-00019,2026-06-01 15:50:00,20.75,42.09,63.7,-62.0,v2.1.0,online
AH-00186,2026-06-01 15:50:00,29.01,56.81,76.2,-59.6,v2.0.1,online
AH-00196,2026-06-01 15:52:00,25.86,48.74,90.6,-67.2,v2.0.1,online
AH-00107,2026-06-01 15:53:00,22.15,51.18,66.1,-75.2,v1.5.0,online
AH-00197,2026-06-01 15:53:00,20.64,29.04,87.6,-61.5,v2.1.0,offline
AH-00031,2026-06-01 15:54:00,26.25,40.83,75.7,-68.6,v1.4.2,online
AH-00059,2026-06-01 15:57:00,23.36,29.99,93.7,-69.7,v1.5.0,online
AH-00086,2026-06-01 15:59:00,23.77,49.56,75.5,-57.8,v2.0.1,online
AH-00080,2026-06-01 16:01:00,20.79,35.86,79.2,-61.4,v1.5.0,online
AH-00186,2026-06-01 16:01:00,20.48,49.07,33.6,-57.8,v1.5.0,online
AH-00019,2026-06-01 16:02:00,19.94,55.48,68.3,-68.2,v2.0.1,online
AH-00185,2026-06-01 16:02:00,26.34,47.46,43.6,-54.3,v2.1.0,online
AH-00083,2026-06-01 16:05:00,21.57,31.74,76.3,-50.0,v2.0.1,online
AH-00106,2026-06-01 16:06:00,19.51,36.91,88.7,-65.6,v2.0.1,online
AH-00176,2026-06-01 16:08:00,22.51,47.42,75.4,-57.7,v2.1.0,offline
AH-00018,2026-06-01 16:08:00,22.22,43.32,58.2,-58.8,v1.5.0,online
AH-00123,2026-06-01 16:11:00,22.63,,80.6,-55.5,v2.0.1,online
AH-00058,2026-06-01 16:12:00,24.16,44.28,77.2,-61.3,v2.1.0,online
AH-00190,2026-06-01 16:13:00,16.42,55.03,69.8,-60.7,v1.5.0,offline
AH-00034,2026-06-01 16:13:00,24.71,53.43,71.2,-62.4,v1.4.2,online
AH-00099,2026-06-01 16:14:00,18.2,41.08,86.4,-68.2,v2.0.1,online
AH-00147,2026-06-01 16:14:00,18.68,38.51,72.0,-63.6,v2.0.1,online
AH-00014,2026-06-01 16:14:00,17.14,43.28,80.5,-60.7,v2.1.0,online
AH-00018,2026-06-01 16:15:00,20.84,37.54,63.6,-53.8,v2.0.1,online
AH-00057,2026-06-01 16:15:00,20.31,40.95,77.8,-53.1,v1.5.0,online
AH-00065,2026-06-01 16:16:00,20.04,41.33,95.7,-59.3,v2.0.1,online
AH-00151,2026-06-01 16:16:00,21.24,46.9,81.6,-42.3,v1.5.0,online
AH-00153,2026-06-01 16:17:00,23.09,41.61,93.8,-64.0,v2.1.0,online
AH-00096,2026-06-01 16:18:00,16.62,51.36,83.0,-75.3,v2.0.1,online
AH-00155,2026-06-01 16:22:00,26.12,45.72,84.4,-70.9,v2.0.1,online
AH-00107,2026-06-01 16:23:00,24.61,43.35,94.0,-73.6,v2.1.0,online
AH-00100,2026-06-01 16:24:00,24.02,30.31,74.5,-59.9,v2.0.1,online
AH-00177,2026-06-01 16:25:00,23.16,36.82,80.0,-68.8,v2.0.1,online
AH-00152,2026-06-01 16:27:00,22.03,43.8,82.0,-47.8,v2.1.0,online
AH-00039,2026-06-01 16:28:00,21.06,48.71,92.2,-43.3,v2.1.0,online
AH-00002,2026-06-01 16:29:00,15.95,33.78,78.3,-64.5,v1.5.0,online
AH-00018,2026-06-01 16:29:00,18.7,57.06,66.8,-57.7,v1.5.0,online
AH-00017,2026-06-01 16:31:00,20.13,44.08,80.8,-85.6,v1.5.0,online
AH-00066,2026-06-01 16:34:00,19.83,41.14,67.3,-65.7,v2.1.0,online
AH-00200,2026-06-01 16:34:00,18.07,38.76,73.4,-71.6,v1.5.0,online
AH-00166,2026-06-01 16:35:00,25.82,39.1,95.9,-67.9,v2.1.0,online
AH-00172,2026-06-01 16:38:00,21.95,44.98,94.7,-59.5,v1.5.0,online
AH-00104,2026-06-01 16:39:00,22.96,38.64,90.7,-66.2,v2.0.1,online
AH-00183,2026-06-01 16:39:00,18.01,60.98,63.5,-59.8,v2.0.1,online
AH-00049,2026-06-01 16:40:00,22.86,38.66,71.4,-59.8,v1.5.0,online
AH-00144,2026-06-01 16:40:00,21.95,45.16,86.0,-70.0,v2.0.1,online
AH-00001,2026-06-01 16:41:00,26.14,52.35,86.1,-66.6,v2.1.0,online
AH-00020,2026-06-01 16:41:00,20.14,56.77,78.1,-70.0,v1.5.0,online
AH-00038,2026-06-01 16:41:00,14.96,45.87,74.5,-62.1,v2.1.0,online
AH-00186,2026-06-01 16:41:00,17.96,51.79,100.0,-66.9,v2.1.0,online
AH-00040,2026-06-01 16:42:00,25.3,46.25,54.3,-58.3,v2.0.1,online
AH-00180,2026-06-01 16:43:00,19.8,43.28,74.2,-52.0,v1.4.2,offline
AH-00056,2026-06-01 16:44:00,25.02,49.15,82.1,-65.2,v2.1.0,online
AH-00034,2026-06-01 16:45:00,15.32,42.97,90.0,-64.9,v1.5.0,online
AH-00046,2026-06-01 16:45:00,20.9,44.91,92.4,-55.0,v1.5.0,online
AH-00148,2026-06-01 16:47:00,21.42,49.28,76.9,-62.8,v2.0.1,offline
AH-00095,2026-06-01 16:48:00,17.35,38.7,88.6,-57.8,v2.0.1,online
AH-00012,2026-06-01 16:48:00,18.87,42.12,82.2,-56.8,v1.5.0,online
AH-00101,2026-06-01 16:50:00,27.01,37.0,67.0,-69.9,v2.0.1,online
AH-00102,2026-06-01 16:51:00,28.21,30.04,79.7,-64.9,v2.1.0,online
AH-00115,2026-06-01 16:52:00,20.96,46.85,76.8,-55.4,v1.5.0,offline
AH-00057,2026-06-01 16:52:00,20.46,51.91,74.9,-51.3,v2.1.0,online
AH-00040,2026-06-01 16:53:00,19.1,33.64,82.6,-66.9,v2.0.1,online
AH-00043,2026-06-01 16:53:00,24.71,47.47,96.3,-53.0,v1.5.0,online
AH-00112,2026-06-01 16:54:00,16.55,43.75,81.3,-62.4,v1.5.0,online
AH-00005,2026-06-01 16:54:00,23.26,28.93,80.0,-57.0,v2.1.0,online
AH-00031,2026-06-01 16:55:00,20.14,47.4,71.2,-62.8,v1.5.0,online
AH-00186,2026-06-01 16:57:00,23.82,37.57,61.3,-64.3,v2.1.0,online
AH-00190,2026-06-01 16:58:00,21.5,60.42,80.2,-62.0,v1.5.0,online
AH-00060,2026-06-01 17:00:00,21.02,43.0,65.9,-62.4,v1.5.0,online
AH-00140,2026-06-01 17:03:00,19.81,44.91,80.3,-50.2,v2.0.1,online
AH-00184,2026-06-01 17:05:00,23.21,40.65,62.3,-64.1,v2.0.1,online
AH-00013,2026-06-01 17:05:00,27.84,41.49,87.5,-53.1,v2.1.0,online
AH-00036,2026-06-01 17:06:00,18.41,46.33,97.4,-74.7,v1.5.0,maintenance
AH-00071,2026-06-01 17:08:00,21.94,50.21,76.5,-70.2,v2.1.0,online
AH-00166,2026-06-01 17:09:00,19.73,34.89,69.7,-54.3,v2.1.0,online
AH-00013,2026-06-01 17:09:00,21.87,40.97,58.6,-70.4,v2.1.0,online
AH-00192,2026-06-01 17:09:00,18.49,41.99,75.1,-69.6,v2.0.1,offline
AH-00121,2026-06-01 17:11:00,21.8,34.04,76.0,-68.0,v1.5.0,online
AH-00113,2026-06-01 17:13:00,22.35,51.24,86.1,-54.6,v1.5.0,offline
AH-00096,2026-06-01 17:13:00,17.79,45.22,76.8,-67.7,v2.0.1,offline
AH-00117,2026-06-01 17:14:00,16.47,59.94,87.8,-47.0,v2.0.1,online
AH-00197,2026-06-01 17:14:00,20.46,41.47,93.4,-62.3,v2.1.0,online
AH-00008,2026-06-01 17:16:00,18.9,49.7,68.3,-79.0,v2.1.0,maintenance
AH-00073,2026-06-01 17:16:00,23.95,44.86,81.3,-53.8,v1.5.0,online
AH-00060,2026-06-01 17:16:00,20.73,40.95,71.0,-81.2,v2.0.1,online
AH-00155,2026-06-01 17:18:00,23.75,47.02,85.9,-52.0,v2.0.1,online
AH-00121,2026-06-01 17:19:00,19.77,42.78,89.3,-51.1,v1.5.0,online
AH-00039,2026-06-01 17:21:00,20.71,57.72,83.2,-60.5,v2.0.1,online
AH-00101,2026-06-01 17:22:00,19.62,46.07,85.3,-54.1,v2.0.1,online
AH-00152,2026-06-01 17:23:00,21.87,39.05,85.7,-62.1,v2.1.0,online
AH-00069,2026-06-01 17:23:00,18.98,52.89,75.6,-74.2,v2.0.1,online
AH-00024,2026-06-01 17:23:00,23.53,66.57,77.5,-53.8,v1.5.0,online
AH-00097,2026-06-01 17:26:00,23.98,46.72,67.9,-60.7,v2.0.1,online
AH-00060,2026-06-01 17:27:00,20.93,53.92,87.3,-60.6,v1.4.2,online
AH-00157,2026-06-01 17:27:00,21.63,35.65,70.5,-75.3,v1.5.0,online
AH-00183,2026-06-01 17:28:00,21.28,61.1,70.1,-61.6,v1.5.0,online
AH-00049,2026-06-01 17:29:00,24.99,43.59,100.0,-63.0,v2.0.1,online
AH-00126,2026-06-01 17:30:00,18.16,30.14,75.5,-69.4,v2.0.1,online
AH-00176,2026-06-01 17:30:00,20.68,49.75,68.1,-59.2,v1.5.0,online
AH-00117,2026-06-01 17:31:00,26.2,47.29,88.9,-64.4,v1.5.0,online
AH-00101,2026-06-01 17:33:00,26.58,60.54,82.0,-61.1,v1.5.0,maintenance
AH-00101,2026-06-01 17:34:00,26.99,42.84,93.0,-61.1,v1.5.0,online
AH-00166,2026-06-01 17:35:00,17.66,20.86,65.0,-57.9,v1.5.0,online
AH-00173,2026-06-01 17:35:00,20.31,46.47,62.1,-75.7,v2.0.1,online
AH-00181,2026-06-01 17:36:00,16.99,31.35,62.9,-56.9,v1.5.0,online
AH-00165,2026-06-01 17:36:00,22.53,37.09,75.6,-76.5,v2.0.1,online
AH-00037,2026-06-01 17:36:00,24.68,51.0,83.6,-61.3,v2.1.0,online
AH-00127,2026-06-01 17:37:00,16.38,46.8,69.9,-58.2,v2.0.1,online
AH-00128,2026-06-01 17:38:00,27.17,58.68,84.2,-65.0,v1.5.0,online
AH-00172,2026-06-01 17:39:00,18.56,52.13,63.7,-66.5,v2.0.1,online
AH-00095,2026-06-01 17:39:00,24.0,33.84,52.7,-51.6,v2.0.1,online
AH-00198,2026-06-01 17:39:00,23.97,47.81,84.5,-67.9,v1.5.0,online
AH-00060,2026-06-01 17:40:00,21.8,43.89,100.0,-58.8,v1.4.2,online
AH-00007,2026-06-01 17:43:00,24.54,45.0,72.3,-50.1,v1.5.0,online
AH-00067,2026-06-01 17:45:00,27.98,58.46,85.6,-70.9,v1.5.0,online
AH-00030,2026-06-01 17:45:00,21.82,29.7,78.8,-55.3,v2.0.1,online
AH-00135,2026-06-01 17:51:00,24.13,47.27,79.8,-57.1,v1.5.0,offline
AH-00145,2026-06-01 17:51:00,21.41,46.15,83.8,-48.8,v1.5.0,online
AH-00158,2026-06-01 17:53:00,23.14,42.09,92.8,-64.1,v1.5.0,offline
AH-00199,2026-06-01 17:55:00,29.07,39.8,69.3,-58.3,v2.1.0,online
AH-00113,2026-06-01 17:55:00,25.18,47.8,73.9,-58.7,v2.0.1,online
AH-00127,2026-06-01 17:55:00,22.84,40.95,62.3,-70.0,v2.1.0,offline
AH-00055,2026-06-01 17:56:00,23.19,34.43,69.2,-57.4,v1.4.2,online
AH-00118,2026-06-01 17:57:00,22.67,58.14,95.4,-62.2,v1.5.0,online
AH-00014,2026-06-01 18:00:00,18.34,64.24,86.6,-66.3,v2.1.0,online
AH-00179,2026-06-01 18:01:00,25.39,32.09,92.4,-57.3,v2.0.1,online
AH-00138,2026-06-01 18:01:00,21.17,33.16,67.8,-51.7,v1.5.0,offline
AH-00115,2026-06-01 18:03:00,25.89,50.73,66.1,-53.6,v1.4.2,online
AH-00030,2026-06-01 18:03:00,16.01,48.81,95.6,-83.9,v2.1.0,online
AH-00085,2026-06-01 18:03:00,27.4,30.15,80.7,-71.0,v2.1.0,online
AH-00187,2026-06-01 18:03:00,21.82,53.36,91.6,-59.7,v1.5.0,online
AH-00136,2026-06-01 18:05:00,21.01,38.65,83.4,-59.8,v2.1.0,online
AH-00199,2026-06-01 18:08:00,20.35,48.7,71.5,-67.0,v2.0.1,online
AH-00141,2026-06-01 18:09:00,18.08,29.99,64.9,-52.1,v2.0.1,online
AH-00081,2026-06-01 18:09:00,16.06,43.13,88.1,-55.3,v2.0.1,online
AH-00123,2026-06-01 18:11:00,23.77,54.32,85.6,-67.1,v2.0.1,maintenance
AH-00100,2026-06-01 18:12:00,19.68,42.32,84.7,-51.2,v2.0.1,online
AH-00137,2026-06-01 18:13:00,27.66,39.56,97.0,-72.8,v2.0.1,online
AH-00167,2026-06-01 18:14:00,21.88,53.22,82.6,-61.5,v1.4.2,online
AH-00006,2026-06-01 18:15:00,18.9,40.06,80.9,-59.8,v2.0.1,online
AH-00019,2026-06-01 18:15:00,20.21,30.82,79.8,-53.2,v2.0.1,online
AH-00182,2026-06-01 18:15:00,26.22,49.4,86.4,-43.2,v2.0.1,online
AH-00104,2026-06-01 18:16:00,22.3,45.91,96.6,-75.3,v2.1.0,online
AH-00167,2026-06-01 18:16:00,23.9,35.84,77.3,-60.7,v2.1.0,online
AH-00141,2026-06-01 18:18:00,23.59,39.02,61.8,-62.0,v2.0.1,offline
AH-00005,2026-06-01 18:19:00,19.13,42.44,77.9,-60.2,v2.0.1,online
AH-00107,2026-06-01 18:19:00,23.07,46.08,75.2,-56.3,v2.0.1,online
AH-00168,2026-06-01 18:20:00,19.92,,88.4,-63.6,v2.1.0,online
AH-00197,2026-06-01 18:20:00,28.35,45.98,77.7,-45.5,v2.0.1,online
AH-00083,2026-06-01 18:20:00,21.69,42.82,69.9,-48.7,v1.4.2,online
AH-00046,2026-06-01 18:22:00,19.88,51.13,69.7,-63.8,v1.5.0,online
AH-00117,2026-06-01 18:22:00,18.5,34.23,56.3,-62.3,v1.5.0,online
AH-00020,2026-06-01 18:23:00,24.5,32.94,66.5,-61.0,v1.5.0,online
AH-00169,2026-06-01 18:24:00,20.13,51.71,82.5,-50.0,v1.5.0,online
AH-00052,2026-06-01 18:24:00,21.99,37.66,100.0,-58.4,v2.0.1,online
AH-00197,2026-06-01 18:27:00,15.39,50.98,94.9,-57.9,v2.0.1,online
AH-00055,2026-06-01 18:27:00,18.83,38.91,81.3,-62.9,v1.4.2,online
AH-00093,2026-06-01 18:27:00,23.05,42.1,66.9,-62.3,v1.5.0,online
AH-00196,2026-06-01 18:27:00,19.82,39.98,78.4,-64.9,v2.1.0,online
AH-00059,2026-06-01 18:28:00,21.94,39.75,90.8,-68.8,v1.4.2,online
AH-00175,2026-06-01 18:29:00,22.51,47.73,63.2,-61.3,v2.0.1,online
AH-00147,2026-06-01 18:29:00,22.4,46.96,68.9,-61.2,v1.5.0,offline
AH-00198,2026-06-01 18:29:00,23.18,26.43,67.5,-76.3,v2.0.1,online
AH-00100,2026-06-01 18:29:00,28.4,36.53,58.2,-60.7,v2.0.1,online
AH-00066,2026-06-01 18:31:00,18.04,31.22,94.6,-73.4,v2.0.1,online
AH-00032,2026-06-01 18:32:00,20.21,47.89,100.0,-58.0,v2.0.1,online
AH-00161,2026-06-01 18:32:00,24.77,44.51,58.8,-50.1,v2.0.1,online
AH-00196,2026-06-01 18:34:00,18.26,36.4,67.3,-46.8,v2.1.0,online
AH-00051,2026-06-01 18:35:00,21.3,38.36,59.5,-67.6,v1.5.0,online
AH-00105,2026-06-01 18:37:00,19.64,29.73,71.2,-59.3,v2.1.0,online
AH-00138,2026-06-01 18:39:00,23.46,47.48,63.5,-71.6,v2.1.0,online
AH-00047,2026-06-01 18:39:00,16.84,32.18,85.7,-63.0,v2.0.1,online
AH-00148,2026-06-01 18:42:00,21.69,37.61,69.7,-51.4,v2.1.0,online
AH-00108,2026-06-01 18:42:00,23.46,30.68,93.3,-50.9,v2.0.1,online
AH-00170,2026-06-01 18:44:00,21.81,47.5,84.6,-66.3,v1.5.0,online
AH-00119,2026-06-01 18:45:00,21.88,48.59,76.8,-70.0,v2.1.0,online
AH-00082,2026-06-01 18:45:00,23.5,42.09,68.6,-52.8,v2.1.0,offline
AH-00131,2026-06-01 18:46:00,25.68,32.46,76.0,-54.4,v1.5.0,online
AH-00133,2026-06-01 18:46:00,26.33,50.2,81.9,-54.5,v2.1.0,online
AH-00038,2026-06-01 18:47:00,25.84,36.21,100.0,-58.2,v1.5.0,online
AH-00039,2026-06-01 18:48:00,21.49,52.67,88.6,-64.9,v2.0.1,online
AH-00154,2026-06-01 18:48:00,20.2,44.56,85.5,-54.1,v1.5.0,online
AH-00013,2026-06-01 18:48:00,30.88,48.76,78.3,-77.6,v2.0.1,maintenance
AH-00127,2026-06-01 18:50:00,22.63,38.99,85.3,-61.4,v2.1.0,online
AH-00148,2026-06-01 18:51:00,19.05,43.71,95.1,-62.4,v2.1.0,online
AH-00017,2026-06-01 18:51:00,23.98,53.39,81.8,-61.3,v2.0.1,online
AH-00068,2026-06-01 18:52:00,20.57,61.84,80.0,-54.8,v2.0.1,online
AH-00107,2026-06-01 18:52:00,21.06,47.1,80.0,-64.6,v2.1.0,online
AH-00013,2026-06-01 18:53:00,25.59,48.46,82.0,-63.5,v1.5.0,online
AH-00133,2026-06-01 18:53:00,16.35,46.01,61.1,-54.7,v2.0.1,online
AH-00125,2026-06-01 18:58:00,25.01,57.78,59.9,-55.5,v2.0.1,online
AH-00132,2026-06-01 18:59:00,21.63,31.81,86.5,-68.7,v2.0.1,online
AH-00002,2026-06-01 19:00:00,27.27,31.55,100.0,-63.0,v2.1.0,online
AH-00017,2026-06-01 19:01:00,20.47,31.89,63.1,-46.6,v2.0.1,online
AH-00069,2026-06-01 19:01:00,24.85,48.31,83.6,-64.5,v2.0.1,online
AH-00072,2026-06-01 19:02:00,25.93,59.91,68.7,-60.1,v1.4.2,online
AH-00109,2026-06-01 19:04:00,16.38,45.85,71.0,-59.5,v2.1.0,maintenance
AH-00136,2026-06-01 19:09:00,22.31,46.4,71.7,-68.0,v2.0.1,online
AH-00127,2026-06-01 19:09:00,21.24,44.55,49.7,-56.2,v1.5.0,online
AH-00129,2026-06-01 19:10:00,24.53,45.33,48.2,-55.7,v2.0.1,online
AH-00067,2026-06-01 19:12:00,28.09,39.4,62.9,-61.8,v2.0.1,online
AH-00003,2026-06-01 19:12:00,17.85,50.39,54.7,-61.3,v1.5.0,online
AH-00045,2026-06-01 19:13:00,26.7,35.13,57.6,-57.6,v2.0.1,online
AH-00052,2026-06-01 19:13:00,18.12,38.9,68.7,-53.6,v2.1.0,maintenance
AH-00052,2026-06-01 19:14:00,23.86,41.3,84.6,-57.7,v1.4.2,online
AH-00058,2026-06-01 19:15:00,25.48,41.99,88.4,-60.2,v2.1.0,online
AH-00085,2026-06-01 19:18:00,25.64,50.1,60.6,-56.2,v2.0.1,online
AH-00191,2026-06-01 19:20:00,25.57,44.32,81.2,-54.4,v1.5.0,online
AH-00055,2026-06-01 19:22:00,23.53,51.22,80.4,-57.7,v2.1.0,online
AH-00190,2026-06-01 19:22:00,17.31,42.01,87.8,-76.4,v1.5.0,online
AH-00089,2026-06-01 19:23:00,20.46,35.13,69.2,-40.6,v1.5.0,online
AH-00167,2026-06-01 19:23:00,17.66,46.31,80.6,-72.0,v2.0.1,online
AH-00073,2026-06-01 19:25:00,24.3,53.53,89.5,-65.3,v2.1.0,online
AH-00139,2026-06-01 19:25:00,17.05,60.56,86.5,-61.7,v1.5.0,online
AH-00118,2026-06-01 19:27:00,20.32,40.03,72.3,-55.3,v2.0.1,online
AH-00089,2026-06-01 19:29:00,23.07,43.74,85.2,-62.2,v1.5.0,online
AH-00109,2026-06-01 19:30:00,30.99,47.66,83.3,-60.7,v2.1.0,online
AH-00046,2026-06-01 19:31:00,23.73,46.29,73.0,-59.4,v2.1.0,offline
AH-00107,2026-06-01 19:31:00,17.08,52.14,89.4,-59.0,v1.5.0,maintenance
AH-00189,2026-06-01 19:31:00,22.37,47.41,86.5,-60.2,v2.1.0,online
AH-00166,2026-06-01 19:33:00,23.36,37.9,87.9,-53.5,v1.5.0,maintenance
AH-00058,2026-06-01 19:35:00,17.44,32.32,86.9,-63.1,v1.5.0,online
AH-00014,2026-06-01 19:35:00,21.69,42.85,76.1,-64.6,v1.5.0,maintenance
AH-00016,2026-06-01 19:35:00,22.62,33.65,68.3,-59.5,v1.5.0,online
AH-00073,2026-06-01 19:37:00,24.68,45.39,57.7,-60.1,v2.0.1,online
AH-00102,2026-06-01 19:37:00,21.48,48.23,69.9,-71.1,v2.1.0,offline
AH-00018,2026-06-01 19:37:00,23.32,37.75,69.5,-66.2,v2.0.1,offline
AH-00047,2026-06-01 19:38:00,20.95,37.03,89.4,-58.2,v2.1.0,online
AH-00045,2026-06-01 19:38:00,22.68,46.5,78.6,-66.3,v2.1.0,online
AH-00192,2026-06-01 19:39:00,17.79,43.52,51.9,-68.5,v1.4.2,online
AH-00167,2026-06-01 19:39:00,22.82,49.24,93.9,-75.1,v1.5.0,online
AH-00035,2026-06-01 19:41:00,26.87,40.36,65.1,-53.8,v1.5.0,online
AH-00121,2026-06-01 19:41:00,24.59,54.62,69.0,-67.1,v1.5.0,online
AH-00084,2026-06-01 19:41:00,21.69,57.63,62.2,-51.4,v2.0.1,online
AH-00029,2026-06-01 19:42:00,24.72,41.53,73.9,-56.3,v2.0.1,online
AH-00190,2026-06-01 19:43:00,19.7,36.13,85.9,-69.3,v1.4.2,online
AH-00108,2026-06-01 19:43:00,23.33,43.14,66.1,-55.9,v2.0.1,online
AH-00004,2026-06-01 19:44:00,24.37,35.01,100.0,-59.4,v2.1.0,online
AH-00143,2026-06-01 19:44:00,20.53,37.39,70.9,-65.5,v1.5.0,online
AH-00059,2026-06-01 19:46:00,25.31,49.22,78.4,-51.1,v1.5.0,online
AH-00184,2026-06-01 19:46:00,25.55,45.2,82.5,-64.3,v1.5.0,offline
AH-00192,2026-06-01 19:48:00,23.85,37.76,74.5,-75.2,v2.1.0,online
AH-00086,2026-06-01 19:48:00,24.62,44.6,65.9,-64.8,v2.1.0,online
AH-00010,2026-06-01 19:49:00,19.47,44.77,74.7,-56.8,v2.0.1,online
AH-00129,2026-06-01 19:49:00,27.66,52.85,74.1,-61.7,v1.5.0,online
AH-00189,2026-06-01 19:49:00,18.53,61.88,77.7,-52.9,v2.0.1,offline
AH-00173,2026-06-01 19:49:00,22.44,28.63,84.9,-56.6,v1.5.0,online
AH-00084,2026-06-01 19:49:00,25.84,49.81,72.2,-64.4,v2.0.1,online
AH-00102,2026-06-01 19:51:00,19.97,50.57,87.4,-67.9,v1.5.0,offline
AH-00115,2026-06-01 19:53:00,21.0,46.5,91.3,-78.5,v2.1.0,online
AH-00117,2026-06-01 19:53:00,24.27,45.02,90.3,-58.8,v1.5.0,online
AH-00075,2026-06-01 19:53:00,27.13,59.79,79.0,-61.1,v1.4.2,online
AH-00121,2026-06-01 19:53:00,20.2,39.08,76.7,-72.5,v2.0.1,online
AH-00057,2026-06-01 19:53:00,19.39,38.47,98.2,-76.7,v2.0.1,maintenance
AH-00072,2026-06-01 19:57:00,15.27,38.47,76.0,-79.9,v2.0.1,online
AH-00155,2026-06-01 19:59:00,24.11,36.79,85.4,-64.8,v2.1.0,online
AH-00030,2026-06-01 20:02:00,19.92,38.33,90.2,-59.6,v1.4.2,online
AH-00146,2026-06-01 20:03:00,21.71,61.52,97.7,-74.3,v1.4.2,offline
AH-00075,2026-06-01 20:04:00,23.17,44.9,100.0,-73.6,v2.1.0,online
AH-00086,2026-06-01 20:04:00,20.15,39.91,92.7,-61.6,v2.0.1,offline
AH-00118,2026-06-01 20:06:00,20.26,45.96,69.0,-54.5,v1.5.0,online
AH-00084,2026-06-01 20:06:00,25.03,53.33,79.2,-65.2,v2.0.1,online
AH-00049,2026-06-01 20:07:00,21.2,44.71,91.9,-64.1,v2.1.0,online
AH-00049,2026-06-01 20:07:00,21.54,51.44,87.7,-61.3,v1.5.0,online
AH-00031,2026-06-01 20:07:00,21.75,53.16,82.3,-59.4,v1.4.2,online
AH-00196,2026-06-01 20:08:00,20.26,53.64,68.0,-68.4,v1.4.2,online
AH-00120,2026-06-01 20:10:00,24.39,41.76,83.2,-58.8,v2.0.1,online
AH-00092,2026-06-01 20:11:00,21.82,33.0,65.2,-63.7,v2.1.0,online
AH-00161,2026-06-01 20:12:00,22.59,54.78,82.4,-72.6,v2.0.1,online
AH-00117,2026-06-01 20:13:00,23.21,38.9,94.5,-55.4,v2.1.0,offline
AH-00136,2026-06-01 20:13:00,21.91,49.32,100.0,-46.8,v1.5.0,online
AH-00099,2026-06-01 20:13:00,21.43,50.24,63.7,-57.3,v2.1.0,maintenance
AH-00054,2026-06-01 20:13:00,22.3,62.83,97.0,-65.5,v2.1.0,online
AH-00021,2026-06-01 20:14:00,21.77,43.91,72.1,-62.5,v2.1.0,online
AH-00154,2026-06-01 20:15:00,24.81,52.87,85.4,-58.9,v1.5.0,online
AH-00119,2026-06-01 20:18:00,20.85,35.48,86.9,-53.3,v1.5.0,online
AH-00029,2026-06-01 20:20:00,23.15,53.11,100.0,-68.9,v2.0.1,online
AH-00111,2026-06-01 20:20:00,25.75,45.46,61.1,-53.5,v2.0.1,online
AH-00151,2026-06-01 20:21:00,23.6,51.03,77.6,-77.7,v1.5.0,online
AH-00113,2026-06-01 20:22:00,26.25,42.41,76.2,-68.1,v2.0.1,online
AH-00066,2026-06-01 20:22:00,22.16,37.92,87.8,-65.4,v2.0.1,online
AH-00169,2026-06-01 20:22:00,13.04,46.74,81.4,-58.9,v2.0.1,maintenance
AH-00123,2026-06-01 20:23:00,24.28,49.6,57.3,-58.3,v1.5.0,online
AH-00150,2026-06-01 20:23:00,19.46,50.45,67.4,-65.1,v2.1.0,online
AH-00093,2026-06-01 20:23:00,21.24,48.39,71.6,-62.6,v1.5.0,online
AH-00185,2026-06-01 20:24:00,24.35,42.86,78.0,-55.3,v1.5.0,online
AH-00008,2026-06-01 20:24:00,21.44,42.86,84.4,-50.6,v2.1.0,online
AH-00078,2026-06-01 20:25:00,20.05,54.26,91.8,-61.3,v2.1.0,offline
AH-00002,2026-06-01 20:25:00,25.31,50.69,66.5,-57.1,v2.0.1,online
AH-00111,2026-06-01 20:25:00,22.5,28.01,55.3,-62.1,v1.5.0,online
AH-00075,2026-06-01 20:26:00,21.35,51.42,62.6,-68.4,v2.0.1,online
AH-00119,2026-06-01 20:26:00,26.02,43.63,67.5,-62.4,v1.5.0,online
AH-00091,2026-06-01 20:27:00,22.5,46.73,67.9,-58.5,v2.1.0,online
AH-00092,2026-06-01 20:29:00,23.16,51.34,64.2,-47.4,v2.0.1,online
AH-00008,2026-06-01 20:29:00,17.59,43.03,89.7,-59.0,v2.0.1,online
AH-00069,2026-06-01 20:30:00,19.56,55.3,98.4,-65.1,v2.1.0,offline
AH-00079,2026-06-01 20:32:00,22.99,48.11,73.4,-58.9,v2.0.1,online
AH-00099,2026-06-01 20:35:00,23.33,40.64,79.4,-45.0,v2.0.1,online
AH-00095,2026-06-01 20:35:00,24.44,42.57,81.2,-59.7,v1.5.0,online
AH-00024,2026-06-01 20:35:00,20.36,41.26,76.7,-62.3,v2.1.0,online
AH-00117,2026-06-01 20:36:00,24.96,34.15,83.7,-61.1,v2.1.0,online
AH-00036,2026-06-01 20:38:00,14.18,48.19,80.8,-67.3,v2.0.1,online
AH-00157,2026-06-01 20:39:00,28.82,41.95,66.9,-68.6,v2.0.1,online
AH-00153,2026-06-01 20:39:00,21.08,32.65,78.8,-59.3,v2.1.0,online
AH-00016,2026-06-01 20:40:00,17.23,45.52,81.3,-53.7,v2.1.0,online
AH-00200,2026-06-01 20:42:00,23.62,35.93,78.0,-69.0,v2.0.1,online
AH-00014,2026-06-01 20:43:00,21.54,49.54,77.2,-52.1,v2.0.1,online
AH-00190,2026-06-01 20:43:00,16.33,44.82,91.1,-57.2,v1.5.0,online
AH-00087,2026-06-01 20:43:00,20.34,28.39,74.3,-58.3,v2.1.0,offline
AH-00171,2026-06-01 20:44:00,22.0,50.59,78.1,-63.1,v1.5.0,online
AH-00096,2026-06-01 20:44:00,21.53,51.11,87.9,-56.7,v2.0.1,online
AH-00023,2026-06-01 20:44:00,21.61,33.11,90.9,-47.9,v2.0.1,online
AH-00175,2026-06-01 20:46:00,23.19,38.63,91.7,-57.3,v2.0.1,online
AH-00094,2026-06-01 20:47:00,19.37,53.27,88.8,-65.6,v2.1.0,online
AH-00063,2026-06-01 20:47:00,23.21,52.73,80.7,-61.5,v2.1.0,online
AH-00040,2026-06-01 20:48:00,26.54,42.14,77.9,-68.1,v2.0.1,online
AH-00104,2026-06-01 20:48:00,17.97,46.91,86.8,-59.3,v2.1.0,online
AH-00063,2026-06-01 20:49:00,20.77,49.18,60.5,-59.3,v1.5.0,online
AH-00054,2026-06-01 20:49:00,22.7,38.72,71.6,-69.3,v2.1.0,online
AH-00014,2026-06-01 20:50:00,22.12,37.54,82.2,-60.0,v2.0.1,offline
AH-00123,2026-06-01 20:50:00,17.86,49.27,78.2,-55.9,v2.0.1,maintenance
AH-00065,2026-06-01 20:51:00,19.01,36.71,76.8,-59.2,v2.1.0,online
AH-00032,2026-06-01 20:51:00,22.29,49.69,79.9,-63.7,v2.0.1,online
AH-00123,2026-06-01 20:51:00,20.59,49.85,83.5,-74.6,v1.5.0,online
AH-00023,2026-06-01 20:53:00,21.51,50.59,70.3,-54.1,v1.5.0,online
AH-00065,2026-06-01 20:54:00,17.09,63.24,72.0,-65.7,v2.0.1,online
AH-00185,2026-06-01 20:56:00,23.37,53.02,75.3,-69.2,v2.0.1,online
AH-00023,2026-06-01 20:58:00,20.51,39.15,62.6,-62.9,v2.1.0,online
AH-00102,2026-06-01 20:58:00,19.48,54.3,92.8,-79.9,v2.1.0,online
AH-00058,2026-06-01 20:59:00,21.86,45.71,91.5,-52.9,v2.1.0,online
AH-00110,2026-06-01 21:01:00,18.65,48.19,75.4,-66.3,v1.5.0,online
AH-00147,2026-06-01 21:05:00,14.39,37.69,98.9,-66.5,v1.5.0,offline
AH-00130,2026-06-01 21:05:00,17.59,34.45,60.5,-76.6,v2.0.1,online
AH-00121,2026-06-01 21:06:00,20.74,39.96,87.8,-54.2,v2.1.0,offline
AH-00026,2026-06-01 21:08:00,21.39,50.65,93.2,-57.0,v2.0.1,online
AH-00168,2026-06-01 21:09:00,27.21,49.94,75.3,-68.2,v2.0.1,online
AH-00078,2026-06-01 21:09:00,25.67,33.68,74.7,-49.7,v2.1.0,online
AH-00035,2026-06-01 21:10:00,25.66,49.01,65.8,-48.5,v2.1.0,online
AH-00081,2026-06-01 21:10:00,25.72,33.41,72.4,-66.1,v2.0.1,online
AH-00147,2026-06-01 21:11:00,18.44,45.24,94.1,-67.9,v1.5.0,online
AH-00193,2026-06-01 21:11:00,23.68,43.65,78.2,-75.4,v2.0.1,online
AH-00010,2026-06-01 21:13:00,22.1,37.41,81.3,-65.6,v1.5.0,maintenance
AH-00048,2026-06-01 21:13:00,20.79,28.82,58.4,-73.0,v2.0.1,online
AH-00149,2026-06-01 21:14:00,16.99,51.29,89.5,-67.8,v2.0.1,online
AH-00150,2026-06-01 21:15:00,23.46,43.68,86.9,-63.5,v2.1.0,online
AH-00042,2026-06-01 21:15:00,15.63,34.82,93.1,-65.8,v1.5.0,online
AH-00131,2026-06-01 21:15:00,20.32,40.02,80.3,-55.6,v1.5.0,online
AH-00139,2026-06-01 21:16:00,23.03,41.81,56.2,-61.0,v2.0.1,online
AH-00008,2026-06-01 21:16:00,25.23,57.96,83.0,-47.9,v1.5.0,online
AH-00093,2026-06-01 21:16:00,19.94,53.08,95.8,-64.7,v2.0.1,online
AH-00193,2026-06-01 21:16:00,22.1,20.04,80.3,-57.2,v2.0.1,online
AH-00171,2026-06-01 21:16:00,29.71,47.75,100.0,-63.9,v1.5.0,online
AH-00187,2026-06-01 21:18:00,14.7,44.23,71.1,-56.6,v2.0.1,online
AH-00132,2026-06-01 21:18:00,22.66,42.14,77.4,-63.1,v2.0.1,online
AH-00080,2026-06-01 21:18:00,17.34,50.06,57.0,-61.2,v1.5.0,online
AH-00179,2026-06-01 21:19:00,23.99,48.57,57.3,-52.0,v2.0.1,online
AH-00098,2026-06-01 21:23:00,20.62,28.33,76.0,-65.9,v1.5.0,online
AH-00197,2026-06-01 21:24:00,15.91,52.17,81.6,-65.8,v1.5.0,online
AH-00170,2026-06-01 21:24:00,24.6,43.21,68.5,-61.5,v2.0.1,online
AH-00031,2026-06-01 21:25:00,20.57,53.51,79.0,-56.4,v1.5.0,online
AH-00116,2026-06-01 21:25:00,20.31,38.94,67.3,-76.0,v1.5.0,online
AH-00028,2026-06-01 21:26:00,17.37,52.09,76.7,-63.1,v2.0.1,online
AH-00041,2026-06-01 21:26:00,20.55,45.5,91.3,-63.3,v1.5.0,online
AH-00079,2026-06-01 21:27:00,26.56,48.48,79.6,-82.0,v2.0.1,online
AH-00197,2026-06-01 21:28:00,28.17,64.37,72.6,-64.5,v1.5.0,online
AH-00012,2026-06-01 21:30:00,23.36,38.81,79.9,-57.3,v1.5.0,online
AH-00053,2026-06-01 21:31:00,18.9,43.49,85.8,-53.4,v2.0.1,offline
AH-00149,2026-06-01 21:32:00,18.62,43.9,68.8,-71.7,v1.5.0,online
AH-00118,2026-06-01 21:33:00,22.74,62.44,84.2,-70.0,v1.5.0,online
AH-00042,2026-06-01 21:35:00,22.44,53.72,83.0,-63.2,v2.0.1,maintenance
AH-00014,2026-06-01 21:36:00,24.61,28.63,100.0,-56.6,v1.4.2,online
AH-00186,2026-06-01 21:38:00,21.02,50.46,82.4,-57.7,v2.0.1,online
AH-00079,2026-06-01 21:38:00,22.23,44.17,91.3,-58.0,v2.0.1,online
AH-00176,2026-06-01 21:38:00,20.23,38.55,75.9,-41.9,v2.0.1,maintenance
AH-00097,2026-06-01 21:43:00,23.56,46.86,66.1,-62.1,v2.0.1,online
AH-00195,2026-06-01 21:46:00,23.52,40.29,80.1,-62.4,v2.0.1,online
AH-00184,2026-06-01 21:47:00,24.46,49.8,68.6,-51.2,v2.0.1,online
AH-00151,2026-06-01 21:48:00,19.76,38.83,72.0,-64.5,v1.5.0,online
AH-00093,2026-06-01 21:48:00,15.51,40.56,77.9,-63.6,v2.0.1,offline
AH-00114,2026-06-01 21:51:00,23.29,39.98,71.3,-69.7,v1.5.0,online
AH-00063,2026-06-01 21:52:00,21.8,30.66,84.8,-68.8,v2.0.1,online
AH-00042,2026-06-01 21:54:00,24.55,55.18,70.0,-51.6,v1.4.2,offline
AH-00014,2026-06-01 21:55:00,27.93,55.72,87.5,-52.1,v2.1.0,online
AH-00115,2026-06-01 21:55:00,25.25,35.9,89.9,-65.2,v2.1.0,online
AH-00128,2026-06-01 21:56:00,23.36,38.26,73.7,-58.9,v2.0.1,online
AH-00196,2026-06-01 21:57:00,19.93,40.35,68.7,-50.8,v2.0.1,online
AH-00027,2026-06-01 21:58:00,20.42,42.46,70.6,-52.8,v1.5.0,online
AH-00053,2026-06-01 22:00:00,24.65,52.76,72.5,-64.3,v2.1.0,online
AH-00197,2026-06-01 22:00:00,23.81,45.75,64.5,-48.4,v2.1.0,online
AH-00008,2026-06-01 22:02:00,25.12,39.73,91.2,-42.6,v1.5.0,online
AH-00109,2026-06-01 22:04:00,18.7,43.29,57.1,-67.4,v1.4.2,online
AH-00151,2026-06-01 22:05:00,26.74,32.67,76.9,-65.4,v2.0.1,online
AH-00035,2026-06-01 22:05:00,18.0,41.87,91.7,-56.5,v2.0.1,online
AH-00006,2026-06-01 22:05:00,18.97,40.11,74.9,-59.8,v2.0.1,online
AH-00192,2026-06-01 22:14:00,21.27,38.74,65.0,-64.6,v2.0.1,online
AH-00084,2026-06-01 22:16:00,28.51,51.55,65.2,-66.7,v2.0.1,online
AH-00069,2026-06-01 22:16:00,19.58,44.04,71.3,-66.5,v1.5.0,online
AH-00039,2026-06-01 22:16:00,23.54,44.55,100.0,-58.7,v1.5.0,online
AH-00186,2026-06-01 22:17:00,24.56,57.39,64.6,-58.9,v1.5.0,online
AH-00043,2026-06-01 22:19:00,21.67,38.05,97.8,-57.9,v2.0.1,online
AH-00137,2026-06-01 22:22:00,25.21,46.44,82.1,-60.7,v2.1.0,online
AH-00003,2026-06-01 22:23:00,19.68,31.1,67.9,-53.5,v1.4.2,offline
AH-00094,2026-06-01 22:26:00,24.71,49.41,70.0,-71.0,v2.0.1,online
AH-00099,2026-06-01 22:29:00,22.61,43.13,74.0,-64.5,v1.4.2,online
AH-00146,2026-06-01 22:32:00,21.48,42.39,91.1,-68.9,v1.4.2,online
AH-00075,2026-06-01 22:33:00,17.51,58.71,88.9,-44.1,v2.0.1,online
AH-00025,2026-06-01 22:33:00,18.06,49.16,76.1,-61.7,v1.5.0,online
AH-00049,2026-06-01 22:34:00,23.54,34.0,85.9,-61.9,v2.1.0,online
AH-00036,2026-06-01 22:35:00,21.22,41.95,86.4,-63.6,v2.0.1,offline
AH-00021,2026-06-01 22:36:00,14.0,47.06,84.9,-47.7,v2.1.0,maintenance
AH-00096,2026-06-01 22:36:00,20.44,47.26,75.3,-64.0,v2.0.1,online
AH-00186,2026-06-01 22:36:00,20.75,46.28,80.1,-74.2,v2.0.1,online
AH-00096,2026-06-01 22:37:00,24.87,51.09,73.4,-58.3,v1.5.0,online
AH-00173,2026-06-01 22:39:00,26.85,59.95,89.5,-60.3,v2.0.1,online
AH-00187,2026-06-01 22:40:00,23.51,59.16,64.2,-59.7,v2.0.1,maintenance
AH-00034,2026-06-01 22:41:00,26.16,47.09,60.7,-60.6,v2.1.0,online
AH-00026,2026-06-01 22:42:00,18.89,61.51,89.9,-62.1,v2.0.1,offline
AH-00002,2026-06-01 22:43:00,18.37,49.67,96.4,-70.6,v2.1.0,online
AH-00062,2026-06-01 22:44:00,25.4,54.85,92.6,-64.9,v2.0.1,online
AH-00009,2026-06-01 22:44:00,20.55,40.97,75.7,-75.0,v2.0.1,online
AH-00041,2026-06-01 22:44:00,23.56,51.18,81.2,-48.3,v2.0.1,online
AH-00024,2026-06-01 22:45:00,24.47,44.59,85.5,-65.2,v2.0.1,online
AH-00032,2026-06-01 22:45:00,18.07,46.99,90.0,-73.5,v1.4.2,offline
AH-00157,2026-06-01 22:45:00,21.62,36.34,65.4,-50.7,v1.5.0,online
AH-00106,2026-06-01 22:45:00,24.89,34.93,69.8,-68.0,v2.0.1,online
AH-00078,2026-06-01 22:47:00,14.88,51.74,71.0,-65.4,v1.5.0,online
AH-00149,2026-06-01 22:47:00,17.81,37.11,73.3,-64.8,v1.4.2,online
AH-00136,2026-06-01 22:48:00,19.02,45.49,77.6,-53.6,v2.1.0,online
AH-00101,2026-06-01 22:48:00,22.45,47.02,76.1,-53.7,v2.0.1,offline
AH-00065,2026-06-01 22:49:00,18.22,40.29,70.9,-51.1,v2.0.1,online
AH-00097,2026-06-01 22:49:00,21.24,45.75,56.4,-60.9,v2.0.1,online
AH-00191,2026-06-01 22:50:00,19.97,45.82,82.6,-58.5,v1.4.2,online
AH-00063,2026-06-01 22:51:00,24.27,38.65,75.6,-56.2,v1.5.0,online
AH-00103,2026-06-01 22:51:00,17.88,30.59,92.8,-52.5,v2.1.0,online
AH-00123,2026-06-01 22:51:00,17.7,36.52,85.9,-55.1,v1.5.0,online
AH-00101,2026-06-01 22:51:00,25.56,44.95,81.8,-63.0,v1.4.2,online
AH-00188,2026-06-01 22:52:00,13.68,43.14,96.0,-53.6,v2.0.1,online
AH-00013,2026-06-01 22:52:00,27.77,66.03,64.5,-68.9,v1.5.0,online
AH-00014,2026-06-01 22:53:00,23.39,43.71,74.5,-65.2,v2.0.1,online
AH-00009,2026-06-01 22:54:00,22.97,36.93,35.0,-56.1,v2.1.0,online
AH-00146,2026-06-01 22:54:00,18.24,44.44,62.1,-61.2,v2.0.1,offline
AH-00111,2026-06-01 22:54:00,24.04,55.55,74.3,-54.5,v1.5.0,online
AH-00107,2026-06-01 22:55:00,22.67,39.63,70.8,-46.2,v1.5.0,online
AH-00116,2026-06-01 22:55:00,22.14,50.42,70.1,-65.8,v2.1.0,offline
AH-00015,2026-06-01 22:56:00,22.51,32.71,72.6,-55.3,v2.1.0,online
AH-00173,2026-06-01 22:58:00,19.32,53.74,45.9,-65.8,v2.0.1,online
AH-00091,2026-06-01 22:58:00,22.1,34.95,68.8,-37.9,v2.1.0,maintenance
AH-00154,2026-06-01 22:58:00,20.39,42.97,63.2,-50.7,v2.1.0,offline
AH-00067,2026-06-01 22:59:00,23.26,41.56,80.4,-78.0,v2.0.1,online
AH-00071,2026-06-01 23:02:00,21.73,34.61,82.2,-67.5,v2.1.0,online
AH-00019,2026-06-01 23:05:00,21.48,36.63,66.7,-50.1,v1.5.0,online
AH-00034,2026-06-01 23:06:00,23.47,51.18,95.1,-50.6,v2.0.1,online
AH-00197,2026-06-01 23:06:00,19.56,43.54,74.9,-60.4,v2.0.1,online
AH-00023,2026-06-01 23:07:00,17.06,48.24,81.0,-70.1,v1.5.0,online
AH-00167,2026-06-01 23:07:00,19.83,41.71,71.5,-49.8,v1.5.0,online
AH-00168,2026-06-01 23:08:00,24.0,54.62,85.6,-55.7,v1.5.0,online
AH-00003,2026-06-01 23:09:00,20.61,48.67,93.3,-66.4,v1.5.0,offline
AH-00187,2026-06-01 23:10:00,20.78,39.33,83.9,-55.3,v1.5.0,online
AH-00164,2026-06-01 23:10:00,17.97,30.84,77.0,-59.9,v1.5.0,online
AH-00044,2026-06-01 23:10:00,27.0,51.48,74.8,-62.8,v2.0.1,online
AH-00093,2026-06-01 23:10:00,18.9,53.83,74.6,-53.4,v2.0.1,maintenance
AH-00044,2026-06-01 23:11:00,21.97,56.89,87.2,-54.4,v2.0.1,maintenance
AH-00048,2026-06-01 23:11:00,21.76,31.7,72.8,-66.6,v1.5.0,online
AH-00067,2026-06-01 23:13:00,24.15,43.68,91.1,-55.5,v2.1.0,maintenance
AH-00194,2026-06-01 23:13:00,21.17,39.98,100.0,-60.6,v2.1.0,online
AH-00031,2026-06-01 23:13:00,20.58,48.08,83.9,-60.3,v2.0.1,offline
AH-00185,2026-06-01 23:15:00,18.57,29.09,54.3,-69.4,v2.0.1,online
AH-00136,2026-06-01 23:18:00,20.97,47.29,69.2,-58.7,v1.4.2,online
AH-00006,2026-06-01 23:19:00,24.88,43.35,82.2,-56.5,v2.0.1,maintenance
AH-00088,2026-06-01 23:19:00,18.66,50.48,76.8,-60.2,v1.4.2,online
AH-00128,2026-06-01 23:21:00,23.49,41.92,94.2,-59.9,v2.0.1,online
AH-00186,2026-06-01 23:21:00,25.7,35.96,88.1,-62.9,v2.1.0,online
AH-00057,2026-06-01 23:21:00,24.22,34.66,100.0,-62.5,v1.5.0,online
AH-00152,2026-06-01 23:22:00,21.18,41.5,64.7,-77.9,v2.1.0,online
AH-00061,2026-06-01 23:22:00,24.02,36.02,88.4,-63.0,v2.1.0,online
AH-00131,2026-06-01 23:22:00,21.81,24.78,73.5,-60.4,v1.5.0,online
AH-00063,2026-06-01 23:22:00,21.71,27.46,66.1,-56.9,v1.4.2,online
AH-00171,2026-06-01 23:23:00,26.66,43.12,80.3,-53.1,v2.0.1,online
AH-00170,2026-06-01 23:24:00,17.59,42.42,77.4,-63.1,v2.0.1,online
AH-00130,2026-06-01 23:26:00,21.87,57.1,86.6,-74.7,v2.0.1,online
AH-00031,2026-06-01 23:26:00,18.35,41.88,90.7,-48.9,v2.0.1,offline
AH-00017,2026-06-01 23:26:00,22.44,34.36,98.5,-57.9,v2.0.1,offline
AH-00175,2026-06-01 23:27:00,18.33,45.8,99.6,-58.1,v1.5.0,online
AH-00083,2026-06-01 23:28:00,22.38,53.66,89.8,-53.0,v2.0.1,online
AH-00170,2026-06-01 23:29:00,22.59,67.58,85.6,-64.8,v2.0.1,online
AH-00021,2026-06-01 23:31:00,23.15,42.81,82.0,-57.2,v1.5.0,online
AH-00076,2026-06-01 23:32:00,17.38,48.99,69.6,-61.4,v1.5.0,online
AH-00075,2026-06-01 23:34:00,20.57,48.41,100.0,-62.9,v2.0.1,online
AH-00043,2026-06-01 23:35:00,22.54,42.93,74.9,-51.5,v1.5.0,online
AH-00086,2026-06-01 23:36:00,21.86,47.23,86.7,-59.7,v2.0.1,online
AH-00024,2026-06-01 23:36:00,26.03,49.41,73.1,-79.0,v2.1.0,online
AH-00068,2026-06-01 23:36:00,19.54,48.19,89.0,-60.4,v1.4.2,online
AH-00189,2026-06-01 23:37:00,24.31,61.96,72.2,-69.0,v2.0.1,online
AH-00073,2026-06-01 23:37:00,20.77,58.0,81.2,-70.4,v2.1.0,online
AH-00168,2026-06-01 23:37:00,21.69,42.71,60.0,-56.1,v1.5.0,online
AH-00124,2026-06-01 23:37:00,24.02,55.72,98.7,-67.3,v2.1.0,offline
AH-00055,2026-06-01 23:38:00,21.69,50.35,58.1,-66.6,v1.5.0,online
AH-00068,2026-06-01 23:38:00,15.97,44.03,69.4,-75.0,v1.5.0,online
AH-00061,2026-06-01 23:40:00,25.12,40.13,89.2,-66.2,v2.1.0,online
AH-00142,2026-06-01 23:41:00,18.37,59.36,92.1,-71.5,v2.1.0,online
AH-00059,2026-06-01 23:41:00,22.32,44.51,62.3,-67.5,v2.0.1,online
AH-00096,2026-06-01 23:41:00,26.12,45.59,83.2,-55.3,v1.5.0,offline
AH-00096,2026-06-01 23:42:00,18.57,42.24,68.9,-66.2,v2.1.0,online
AH-00125,2026-06-01 23:42:00,21.37,37.59,83.3,-46.6,v2.0.1,online
AH-00107,2026-06-01 23:43:00,16.82,63.65,100.0,-76.1,v1.5.0,online
AH-00061,2026-06-01 23:44:00,26.67,35.76,70.0,-78.4,v2.1.0,online
AH-00182,2026-06-01 23:45:00,23.18,44.59,60.9,-42.2,v2.1.0,maintenance
AH-00142,2026-06-01 23:46:00,20.52,50.79,69.7,-55.5,v1.5.0,online
AH-00155,2026-06-01 23:46:00,22.97,34.03,95.3,-60.7,v2.0.1,online
AH-00016,2026-06-01 23:47:00,21.32,36.01,71.0,-65.6,v2.0.1,online
AH-00164,2026-06-01 23:47:00,23.89,38.6,79.7,-47.9,v1.5.0,online
AH-00051,2026-06-01 23:49:00,24.28,42.71,62.3,-55.8,v1.4.2,online
AH-00198,2026-06-01 23:50:00,20.04,47.65,80.9,-57.8,v1.4.2,online
AH-00070,2026-06-01 23:50:00,28.12,43.52,83.2,-42.8,v1.5.0,online
AH-00066,2026-06-01 23:52:00,26.47,37.78,83.5,-69.0,v1.4.2,online
AH-00152,2026-06-01 23:53:00,20.52,43.18,75.6,-52.0,v2.0.1,online
AH-00186,2026-06-01 23:53:00,23.63,56.72,75.3,-68.1,v2.0.1,offline
AH-00082,2026-06-01 23:53:00,23.66,48.39,75.4,-58.1,v2.1.0,online
AH-00002,2026-06-01 23:54:00,25.68,42.05,60.7,-69.8,v2.0.1,online
AH-00082,2026-06-01 23:54:00,19.53,57.32,61.6,-51.6,v2.1.0,online
AH-00033,2026-06-01 23:54:00,19.9,37.3,71.6,-47.5,v1.4.2,online
AH-00175,2026-06-01 23:58:00,22.17,38.23,50.7,-59.9,v1.4.2,online
AH-00184,2026-06-01 23:59:00,24.04,46.22,68.9,-79.5,v2.0.1,offline
AH-00026,2026-06-02 00:00:00,25.28,46.68,97.4,-60.5,v1.5.0,online
AH-00109,2026-06-02 00:01:00,18.66,43.2,84.3,-50.2,v1.4.2,online
AH-00198,2026-06-02 00:01:00,18.56,48.98,62.1,-57.4,v1.5.0,online
AH-00159,2026-06-02 00:02:00,22.07,46.98,79.2,-60.4,v2.1.0,online
AH-00021,2026-06-02 00:02:00,23.24,36.95,96.6,-56.4,v2.1.0,online
AH-00188,2026-06-02 00:03:00,29.69,50.62,73.0,-63.7,v2.1.0,online
AH-00132,2026-06-02 00:04:00,18.83,48.9,59.8,-77.8,v2.0.1,online
AH-00070,2026-06-02 00:05:00,24.25,47.15,74.5,-59.3,v2.0.1,online
AH-00040,2026-06-02 00:09:00,25.71,41.05,60.8,-76.1,v2.0.1,offline
AH-00077,2026-06-02 00:10:00,21.96,42.38,89.8,-54.3,v2.1.0,maintenance
AH-00193,2026-06-02 00:11:00,24.27,42.31,84.9,-64.7,v1.5.0,online
AH-00057,2026-06-02 00:12:00,24.13,39.18,87.7,-51.4,v1.5.0,offline
AH-00197,2026-06-02 00:14:00,19.05,54.79,85.5,-62.1,v1.4.2,online
AH-00095,2026-06-02 00:15:00,25.05,45.31,86.1,-72.3,v1.5.0,online
AH-00009,2026-06-02 00:19:00,27.61,32.32,78.8,-60.1,v1.5.0,online
AH-00026,2026-06-02 00:19:00,20.06,40.24,84.9,-42.9,v1.5.0,online
AH-00136,2026-06-02 00:19:00,22.97,55.23,74.2,-57.5,v2.1.0,online
AH-00084,2026-06-02 00:21:00,23.88,54.18,72.9,-71.6,v2.1.0,online
AH-00174,2026-06-02 00:21:00,18.26,53.06,70.6,-63.4,v1.4.2,online
AH-00092,2026-06-02 00:22:00,26.49,41.32,68.5,-71.1,v2.0.1,online
AH-00057,2026-06-02 00:22:00,20.01,36.14,58.2,-61.3,v2.0.1,offline
AH-00107,2026-06-02 00:23:00,19.74,56.59,55.1,-75.1,v2.0.1,online
AH-00015,2026-06-02 00:24:00,22.15,43.37,80.8,-60.1,v2.0.1,online
AH-00187,2026-06-02 00:25:00,29.97,46.16,87.0,-70.0,v2.1.0,online
AH-00013,2026-06-02 00:26:00,17.26,52.72,81.4,-64.5,v2.0.1,online
AH-00053,2026-06-02 00:26:00,24.34,36.27,69.3,-69.7,v1.4.2,online
AH-00026,2026-06-02 00:28:00,15.8,39.58,73.3,-53.2,v1.4.2,online
AH-00028,2026-06-02 00:29:00,25.38,44.83,82.1,-56.8,v2.0.1,offline
AH-00132,2026-06-02 00:30:00,23.43,46.64,79.9,-62.7,v2.1.0,online
AH-00133,2026-06-02 00:30:00,20.44,46.54,79.0,-57.4,v1.5.0,online
AH-00026,2026-06-02 00:35:00,23.73,30.29,69.8,-51.9,v1.5.0,online
AH-00183,2026-06-02 00:35:00,19.8,63.17,72.5,-58.0,v2.0.1,online
AH-00080,2026-06-02 00:36:00,17.92,49.72,79.5,-57.6,v2.1.0,offline
AH-00041,2026-06-02 00:36:00,21.81,50.41,52.6,-72.9,v2.0.1,online
AH-00061,2026-06-02 00:36:00,19.97,46.23,72.9,-73.6,v1.5.0,maintenance
AH-00197,2026-06-02 00:36:00,16.49,31.86,64.9,-58.5,v2.1.0,online
AH-00001,2026-06-02 00:37:00,20.87,31.37,81.7,-49.1,v2.0.1,online
AH-00107,2026-06-02 00:40:00,22.1,50.04,90.4,-76.5,v2.1.0,online
AH-00050,2026-06-02 00:41:00,22.17,48.52,85.5,-62.3,v1.5.0,offline
AH-00052,2026-06-02 00:41:00,19.64,44.01,94.1,-54.8,v2.0.1,online
AH-00006,2026-06-02 00:41:00,28.36,37.53,87.4,-62.4,v2.1.0,online
AH-00118,2026-06-02 00:44:00,19.94,47.11,83.4,-52.6,v2.1.0,online
AH-00115,2026-06-02 00:45:00,22.6,30.28,69.5,-62.2,v2.0.1,online
AH-00029,2026-06-02 00:46:00,21.43,29.54,66.6,-55.3,v2.0.1,online
AH-00107,2026-06-02 00:46:00,19.92,39.18,77.2,-60.1,v1.5.0,online
AH-00087,2026-06-02 00:47:00,24.65,45.42,77.6,-66.0,v1.5.0,online
AH-00121,2026-06-02 00:49:00,17.86,42.39,79.5,-63.2,v2.0.1,maintenance
AH-00083,2026-06-02 00:49:00,25.51,41.06,68.2,-63.8,v2.0.1,online
AH-00038,2026-06-02 00:50:00,24.3,49.7,68.5,-60.7,v1.5.0,online
AH-00007,2026-06-02 00:52:00,25.19,37.48,85.1,-56.5,v2.0.1,online
AH-00084,2026-06-02 00:53:00,22.36,57.74,60.9,-59.4,v2.0.1,online
AH-00057,2026-06-02 00:55:00,28.13,38.88,57.9,-55.4,v1.5.0,online
AH-00083,2026-06-02 00:55:00,16.49,41.08,91.3,-51.2,v1.5.0,online
AH-00076,2026-06-02 00:56:00,22.0,49.1,86.7,-60.6,v1.5.0,online
AH-00137,2026-06-02 00:56:00,20.94,40.1,81.2,-61.4,v2.1.0,online
AH-00045,2026-06-02 00:57:00,17.62,30.31,87.1,-60.9,v2.0.1,online
AH-00039,2026-06-02 00:57:00,18.4,39.91,66.1,-53.6,v1.4.2,online
AH-00197,2026-06-02 00:57:00,24.4,49.52,82.4,-55.0,v2.0.1,online
AH-00069,2026-06-02 00:57:00,22.11,78.21,78.8,-64.0,v2.0.1,online
AH-00004,2026-06-02 00:58:00,21.3,36.38,93.0,-59.2,v1.5.0,online
AH-00147,2026-06-02 00:58:00,20.83,50.43,76.3,-65.6,v2.1.0,online
AH-00001,2026-06-02 00:59:00,27.13,35.82,80.8,-72.1,v1.5.0,online
AH-00105,2026-06-02 01:01:00,24.34,49.34,100.0,-66.5,v2.1.0,online
AH-00123,2026-06-02 01:03:00,20.86,42.62,95.4,-57.9,v2.1.0,online
AH-00084,2026-06-02 01:03:00,25.57,40.22,84.6,-64.0,v1.5.0,online
AH-00108,2026-06-02 01:04:00,27.33,42.24,71.8,-54.9,v1.5.0,maintenance
AH-00033,2026-06-02 01:06:00,22.74,46.55,86.9,-59.3,v2.1.0,online
AH-00126,2026-06-02 01:06:00,17.85,39.29,92.6,-71.1,v1.5.0,online
AH-00014,2026-06-02 01:07:00,24.77,56.13,81.7,-59.0,v2.1.0,online
AH-00127,2026-06-02 01:08:00,23.8,46.29,99.3,-63.7,v1.4.2,online
AH-00111,2026-06-02 01:08:00,21.03,52.32,78.4,-64.7,v2.0.1,online
AH-00143,2026-06-02 01:08:00,22.39,57.76,64.5,-58.0,v1.5.0,maintenance
AH-00094,2026-06-02 01:08:00,24.05,52.32,82.3,-58.9,v1.5.0,online
AH-00009,2026-06-02 01:08:00,20.96,44.72,63.3,-65.3,v2.0.1,online
AH-00051,2026-06-02 01:09:00,22.41,38.59,75.0,-74.6,v1.5.0,online
AH-00184,2026-06-02 01:10:00,20.85,41.84,75.5,-56.8,v1.5.0,online
AH-00005,2026-06-02 01:12:00,21.82,43.81,71.6,-55.1,v2.0.1,online
AH-00026,2026-06-02 01:13:00,18.93,40.48,81.5,-38.2,v2.1.0,online
AH-00026,2026-06-02 01:16:00,22.09,40.77,69.4,-67.2,v1.5.0,online
AH-00148,2026-06-02 01:16:00,22.86,43.97,79.0,-53.5,v2.0.1,online
AH-00172,2026-06-02 01:17:00,23.24,47.91,70.6,-90.2,v1.5.0,online
AH-00026,2026-06-02 01:17:00,19.84,67.9,85.4,-63.5,v2.0.1,online
AH-00107,2026-06-02 01:18:00,19.72,38.42,71.9,-64.2,v2.0.1,maintenance
AH-00065,2026-06-02 01:23:00,23.3,41.75,100.0,-63.4,v1.5.0,online
AH-00160,2026-06-02 01:24:00,20.31,34.99,97.3,-47.0,v1.5.0,online
AH-00099,2026-06-02 01:24:00,17.5,40.74,78.5,-58.9,v2.1.0,offline
AH-00112,2026-06-02 01:27:00,18.12,46.87,77.1,-62.7,v1.5.0,online
AH-00163,2026-06-02 01:29:00,25.11,38.64,96.2,-49.1,v2.1.0,online
AH-00052,2026-06-02 01:32:00,22.63,24.9,80.6,-60.6,v2.0.1,online
AH-00081,2026-06-02 01:33:00,19.58,44.57,83.3,-67.0,v1.5.0,online
AH-00089,2026-06-02 01:35:00,22.13,48.67,67.4,-56.5,v2.0.1,online
AH-00092,2026-06-02 01:36:00,21.57,60.44,75.6,-59.5,v2.0.1,online
AH-00148,2026-06-02 01:36:00,19.37,50.76,100.0,-52.7,v1.4.2,online
AH-00164,2026-06-02 01:36:00,18.93,42.14,77.9,-62.7,v2.0.1,online
AH-00183,2026-06-02 01:38:00,29.22,42.21,88.2,-50.9,v2.0.1,online
AH-00120,2026-06-02 01:39:00,27.06,51.7,61.3,-47.4,v1.5.0,online
AH-00129,2026-06-02 01:40:00,23.3,40.03,75.5,-48.1,v2.1.0,online
AH-00014,2026-06-02 01:41:00,26.14,57.58,76.2,-83.3,v1.4.2,online
AH-00187,2026-06-02 01:43:00,27.74,46.8,65.5,-50.1,v1.4.2,online
AH-00085,2026-06-02 01:43:00,21.7,37.8,75.5,-45.8,v2.0.1,online
AH-00123,2026-06-02 01:44:00,16.04,56.06,100.0,-78.7,v2.1.0,offline
AH-00020,2026-06-02 01:46:00,22.61,57.0,59.7,-59.9,v2.0.1,online
AH-00037,2026-06-02 01:46:00,21.17,34.92,81.1,-68.8,v2.0.1,online
AH-00178,2026-06-02 01:47:00,18.81,52.58,88.2,-54.4,v2.0.1,online
AH-00131,2026-06-02 01:47:00,20.18,61.4,81.4,-59.0,v2.1.0,online
AH-00139,2026-06-02 01:47:00,20.56,13.9,60.2,-70.8,v1.5.0,online
AH-00054,2026-06-02 01:48:00,13.31,56.94,86.3,-73.7,v2.1.0,online
AH-00060,2026-06-02 01:48:00,29.72,41.87,77.7,-59.2,v1.5.0,online
AH-00155,2026-06-02 01:50:00,21.81,41.11,71.7,-65.3,v2.1.0,offline
AH-00188,2026-06-02 01:50:00,19.68,46.17,87.1,-84.4,v2.0.1,online
AH-00111,2026-06-02 01:51:00,20.38,37.1,74.8,-73.3,v2.0.1,online
AH-00022,2026-06-02 01:53:00,19.91,42.92,88.1,-57.5,v1.4.2,maintenance
AH-00073,2026-06-02 01:53:00,17.77,54.15,85.8,-55.1,v2.1.0,online
AH-00059,2026-06-02 01:55:00,15.16,63.21,72.9,-65.9,v2.0.1,online
AH-00004,2026-06-02 01:55:00,29.28,42.91,80.5,-63.3,v2.1.0,online
AH-00107,2026-06-02 01:55:00,25.11,47.55,61.4,-85.8,v2.0.1,online
AH-00055,2026-06-02 01:56:00,23.24,48.34,66.2,-49.8,v2.1.0,maintenance
AH-00162,2026-06-02 01:57:00,19.55,29.76,58.8,-43.1,v1.5.0,online
AH-00186,2026-06-02 01:57:00,26.15,49.32,77.9,-61.5,v1.5.0,online
AH-00026,2026-06-02 01:59:00,18.84,57.28,69.5,-62.1,v2.1.0,online
AH-00080,2026-06-02 02:00:00,19.75,41.78,71.2,-56.9,v1.5.0,online
AH-00152,2026-06-02 02:01:00,20.82,35.38,84.5,-77.6,v2.0.1,online
AH-00018,2026-06-02 02:03:00,23.92,38.23,68.1,-65.9,v2.1.0,online
AH-00157,2026-06-02 02:06:00,21.93,38.85,100.0,-62.7,v1.4.2,online
AH-00085,2026-06-02 02:07:00,23.84,51.51,100.0,-60.1,v2.0.1,online
AH-00094,2026-06-02 02:08:00,21.18,44.22,85.2,-55.9,v2.1.0,online
AH-00058,2026-06-02 02:09:00,21.58,42.88,94.6,-61.7,v2.0.1,online
AH-00024,2026-06-02 02:10:00,23.77,45.3,72.9,-77.0,v2.0.1,online
AH-00129,2026-06-02 02:11:00,21.9,39.21,95.8,-65.7,v1.5.0,online
AH-00091,2026-06-02 02:13:00,25.27,42.86,54.2,-66.9,v1.5.0,offline
AH-00073,2026-06-02 02:13:00,27.25,46.3,88.5,-57.0,v2.1.0,online
AH-00066,2026-06-02 02:13:00,21.85,57.0,75.5,-56.1,v2.0.1,online
AH-00021,2026-06-02 02:13:00,23.87,49.62,89.1,-57.1,v2.0.1,online
AH-00140,2026-06-02 02:13:00,27.33,44.68,88.0,-69.0,v2.1.0,offline
AH-00065,2026-06-02 02:14:00,21.34,37.84,69.3,-58.2,v1.4.2,online
AH-00177,2026-06-02 02:14:00,20.94,40.34,72.8,-51.0,v1.4.2,online
AH-00039,2026-06-02 02:14:00,18.75,40.34,85.5,-51.9,v1.4.2,maintenance
AH-00155,2026-06-02 02:17:00,23.69,56.83,83.6,-58.5,v2.0.1,online
AH-00077,2026-06-02 02:17:00,26.64,53.78,86.5,-63.7,v2.1.0,online
AH-00029,2026-06-02 02:18:00,17.24,55.48,64.4,-70.6,v2.0.1,online
AH-00060,2026-06-02 02:19:00,19.74,46.37,71.0,-55.6,v1.4.2,maintenance
AH-00049,2026-06-02 02:21:00,23.59,37.56,89.0,-72.9,v1.5.0,online
AH-00189,2026-06-02 02:21:00,19.29,30.89,71.1,-45.2,v2.0.1,online
AH-00127,2026-06-02 02:21:00,19.8,33.78,74.8,-48.1,v1.5.0,online
AH-00068,2026-06-02 02:22:00,18.65,51.94,66.8,-63.6,v2.0.1,online
AH-00033,2026-06-02 02:22:00,20.94,53.26,70.9,-56.0,v2.0.1,online
AH-00177,2026-06-02 02:23:00,21.5,54.37,89.5,-62.7,v2.0.1,offline
AH-00108,2026-06-02 02:23:00,20.9,41.11,89.2,-57.7,v1.4.2,online
AH-00104,2026-06-02 02:25:00,25.37,35.81,87.8,-65.0,v2.0.1,maintenance
AH-00091,2026-06-02 02:25:00,21.72,43.04,89.4,-53.4,v1.4.2,online
AH-00145,2026-06-02 02:25:00,21.65,39.17,52.3,-60.8,v1.5.0,online
AH-00174,2026-06-02 02:27:00,21.02,52.1,76.5,-65.4,v2.0.1,online
AH-00024,2026-06-02 02:28:00,21.74,44.21,67.9,-66.9,v2.0.1,maintenance
AH-00107,2026-06-02 02:28:00,19.28,48.93,88.6,-57.6,v2.1.0,online
AH-00199,2026-06-02 02:29:00,23.63,53.15,100.0,-71.7,v2.0.1,online
AH-00066,2026-06-02 02:29:00,25.83,52.56,79.9,-45.9,v1.5.0,online
AH-00149,2026-06-02 02:30:00,24.65,45.81,85.0,-56.0,v1.4.2,online
AH-00169,2026-06-02 02:30:00,19.53,50.5,92.1,-63.5,v1.5.0,online
AH-00119,2026-06-02 02:31:00,23.68,50.51,89.0,-57.2,v2.0.1,online
AH-00130,2026-06-02 02:31:00,18.39,50.33,74.6,-85.1,v2.0.1,online
AH-00178,2026-06-02 02:34:00,28.24,46.08,77.2,-59.7,v2.0.1,offline
AH-00064,2026-06-02 02:35:00,20.98,,67.0,-69.9,v1.4.2,online
AH-00112,2026-06-02 02:37:00,17.73,41.35,73.0,-63.4,v2.0.1,online
AH-00095,2026-06-02 02:37:00,22.3,38.09,78.5,-65.1,v2.1.0,maintenance
AH-00013,2026-06-02 02:38:00,24.07,42.98,88.5,-67.1,v2.0.1,online
AH-00137,2026-06-02 02:38:00,22.44,43.96,81.5,-54.2,v1.4.2,online
AH-00128,2026-06-02 02:40:00,20.25,43.61,71.8,-59.5,v2.1.0,offline
AH-00130,2026-06-02 02:42:00,23.72,43.85,100.0,-53.5,v2.0.1,online
AH-00055,2026-06-02 02:42:00,22.58,31.29,81.8,-81.8,v1.5.0,online
AH-00025,2026-06-02 02:43:00,24.6,44.06,79.3,-60.5,v2.1.0,online
AH-00115,2026-06-02 02:44:00,20.31,38.26,66.6,-65.4,v1.5.0,online
AH-00170,2026-06-02 02:44:00,17.53,38.62,95.8,-66.7,v1.5.0,online
AH-00144,2026-06-02 02:45:00,21.47,54.2,82.4,-61.2,v1.5.0,online
AH-00106,2026-06-02 02:46:00,22.87,57.34,93.9,-70.3,v2.0.1,online
AH-00025,2026-06-02 02:47:00,25.35,44.5,60.4,-61.6,v1.4.2,online
AH-00115,2026-06-02 02:47:00,21.99,47.4,78.1,-63.6,v2.0.1,online
AH-00138,2026-06-02 02:47:00,21.67,38.4,57.9,-67.1,v1.5.0,online
AH-00051,2026-06-02 02:48:00,25.74,46.4,100.0,-57.4,v2.0.1,online
AH-00073,2026-06-02 02:49:00,20.38,43.37,65.9,-66.3,v1.5.0,online
AH-00143,2026-06-02 02:49:00,18.38,56.6,77.3,-55.7,v2.0.1,online
AH-00084,2026-06-02 02:50:00,25.44,35.26,100.0,-57.2,v2.1.0,online
AH-00082,2026-06-02 02:50:00,24.19,52.77,83.6,-48.9,v2.0.1,online
AH-00093,2026-06-02 02:50:00,18.63,53.74,53.7,-56.6,v2.0.1,offline
AH-00025,2026-06-02 02:51:00,21.81,52.19,90.9,-64.4,v2.0.1,online
AH-00171,2026-06-02 02:51:00,21.21,35.25,91.3,-71.5,v2.0.1,online
AH-00199,2026-06-02 02:51:00,21.95,46.43,100.0,-58.8,v2.1.0,online
AH-00170,2026-06-02 02:53:00,25.72,56.16,75.6,-70.2,v2.0.1,online
AH-00003,2026-06-02 02:55:00,22.53,42.33,78.4,-60.6,v2.0.1,online
AH-00103,2026-06-02 02:55:00,24.84,50.25,75.5,-60.6,v1.5.0,online
AH-00114,2026-06-02 02:55:00,22.91,51.16,68.5,-70.5,v1.5.0,online
AH-00137,2026-06-02 02:56:00,26.89,41.22,75.6,-64.3,v1.5.0,online
AH-00157,2026-06-02 02:57:00,21.5,60.23,89.6,-62.5,v2.0.1,online
AH-00155,2026-06-02 02:59:00,24.7,49.06,76.5,-68.5,v2.0.1,online
AH-00098,2026-06-02 02:59:00,19.9,37.62,81.8,-53.4,v2.1.0,online
AH-00187,2026-06-02 03:00:00,21.89,47.65,74.1,-56.0,v2.0.1,maintenance
AH-00105,2026-06-02 03:00:00,21.76,45.8,89.3,-60.4,v2.0.1,online
AH-00057,2026-06-02 03:01:00,22.35,54.34,82.6,-51.3,v1.5.0,online
AH-00197,2026-06-02 03:02:00,21.84,56.96,73.9,-67.3,v2.0.1,online
AH-00132,2026-06-02 03:03:00,25.15,47.37,77.2,-61.0,v2.0.1,offline
AH-00109,2026-06-02 03:05:00,23.18,35.11,90.4,-74.8,v1.5.0,online
AH-00142,2026-06-02 03:05:00,21.57,38.3,74.5,-59.9,v2.0.1,online
AH-00095,2026-06-02 03:08:00,22.83,47.42,100.0,-57.4,v1.5.0,online
AH-00199,2026-06-02 03:09:00,25.25,46.0,85.3,-55.5,v1.5.0,online
AH-00003,2026-06-02 03:10:00,22.17,43.99,86.6,-66.8,v1.4.2,online
AH-00145,2026-06-02 03:13:00,22.66,55.28,93.2,-60.8,v1.5.0,online
AH-00081,2026-06-02 03:14:00,17.56,32.02,73.7,-65.4,v2.0.1,online
AH-00115,2026-06-02 03:15:00,25.4,50.63,72.6,-57.6,v2.1.0,online
AH-00025,2026-06-02 03:16:00,23.39,48.66,77.1,-51.1,v1.4.2,online
AH-00085,2026-06-02 03:17:00,23.71,34.51,77.9,-63.3,v2.1.0,online
AH-00114,2026-06-02 03:19:00,23.26,53.62,94.9,-58.1,v2.0.1,online
AH-00129,2026-06-02 03:20:00,23.88,54.51,73.8,-63.4,v1.5.0,offline
AH-00175,2026-06-02 03:20:00,19.69,49.23,82.2,-66.8,v2.0.1,online
AH-00189,2026-06-02 03:23:00,19.6,46.46,76.8,-53.7,v1.5.0,online
AH-00078,2026-06-02 03:23:00,21.38,35.74,81.8,-60.9,v1.5.0,offline
AH-00183,2026-06-02 03:24:00,24.53,31.11,69.5,-54.4,v1.4.2,offline
AH-00096,2026-06-02 03:25:00,17.46,47.55,85.5,-64.8,v2.0.1,online
AH-00173,2026-06-02 03:25:00,22.19,37.15,50.6,-64.0,v2.0.1,online
AH-00072,2026-06-02 03:27:00,16.72,41.71,65.7,-65.1,v2.1.0,online
AH-00040,2026-06-02 03:28:00,27.06,47.16,90.1,-60.0,v2.0.1,online
AH-00024,2026-06-02 03:29:00,23.64,55.62,88.1,-51.1,v1.4.2,online
AH-00067,2026-06-02 03:29:00,28.2,58.87,76.1,-58.0,v1.5.0,online
AH-00112,2026-06-02 03:29:00,31.7,30.69,77.1,-49.4,v2.1.0,online
AH-00004,2026-06-02 03:30:00,29.19,45.16,84.6,-73.8,v2.0.1,online
AH-00181,2026-06-02 03:31:00,14.5,34.65,74.9,-58.0,v1.5.0,online
AH-00050,2026-06-02 03:31:00,19.61,44.47,57.1,-64.5,v2.0.1,online
AH-00148,2026-06-02 03:32:00,14.95,39.06,58.0,-58.0,v2.0.1,online
AH-00192,2026-06-02 03:33:00,19.24,42.42,77.6,-54.8,v1.5.0,online
AH-00066,2026-06-02 03:34:00,18.94,47.53,90.6,-51.2,v2.0.1,online
AH-00131,2026-06-02 03:34:00,22.13,31.59,64.9,-55.8,v1.5.0,online
AH-00198,2026-06-02 03:36:00,21.14,45.43,71.1,-60.0,v1.5.0,online
AH-00121,2026-06-02 03:36:00,21.42,54.59,99.8,-59.0,v1.5.0,online
AH-00025,2026-06-02 03:37:00,18.78,37.47,69.2,-63.3,v2.0.1,offline
AH-00174,2026-06-02 03:37:00,20.99,44.48,93.6,-52.7,v1.4.2,online
AH-00077,2026-06-02 03:38:00,21.35,53.75,64.4,-60.1,v2.0.1,online
AH-00070,2026-06-02 03:38:00,21.49,20.79,70.0,-87.5,v1.5.0,offline
AH-00086,2026-06-02 03:41:00,19.55,46.22,64.8,-59.1,v2.1.0,online
AH-00098,2026-06-02 03:41:00,24.83,42.54,83.5,-68.5,v1.5.0,online
AH-00077,2026-06-02 03:44:00,23.05,44.88,78.3,-63.7,v1.4.2,online
AH-00166,2026-06-02 03:44:00,18.9,39.77,82.5,-73.2,v1.5.0,online
AH-00138,2026-06-02 03:48:00,21.41,57.29,92.1,-56.1,v1.4.2,online
AH-00054,2026-06-02 03:49:00,18.74,43.35,82.8,-54.2,v2.0.1,offline
AH-00046,2026-06-02 03:50:00,19.39,56.18,89.5,-49.9,v1.5.0,online
AH-00111,2026-06-02 03:50:00,20.75,45.94,85.8,-53.9,v1.5.0,online
AH-00120,2026-06-02 03:50:00,18.44,37.2,67.3,-64.8,v2.0.1,online
AH-00195,2026-06-02 03:51:00,17.3,31.73,78.3,-52.4,v2.0.1,online
AH-00145,2026-06-02 03:51:00,25.29,35.55,81.4,-50.8,v2.0.1,online
AH-00173,2026-06-02 03:52:00,21.43,45.6,72.6,-61.9,v1.5.0,maintenance
AH-00143,2026-06-02 03:52:00,20.3,44.06,66.3,-66.6,v1.5.0,online
AH-00033,2026-06-02 03:53:00,22.38,55.31,97.4,-65.3,v2.1.0,online
AH-00035,2026-06-02 03:56:00,21.61,54.51,79.9,-72.8,v2.1.0,offline
AH-00156,2026-06-02 03:58:00,19.69,49.02,66.4,-69.4,v2.1.0,online
AH-00035,2026-06-02 03:59:00,23.13,37.24,91.3,-69.9,v2.0.1,online
AH-00037,2026-06-02 04:01:00,25.38,51.1,60.2,-65.2,v2.0.1,offline
AH-00152,2026-06-02 04:03:00,18.75,43.27,86.0,-81.9,v2.0.1,online
AH-00050,2026-06-02 04:03:00,23.55,43.24,85.6,-48.1,v2.1.0,online
AH-00051,2026-06-02 04:03:00,20.35,56.15,99.4,-58.1,v2.0.1,online
AH-00196,2026-06-02 04:04:00,16.75,35.96,80.6,-61.2,v2.1.0,online
AH-00124,2026-06-02 04:04:00,19.04,52.74,66.4,-56.8,v1.4.2,online
AH-00182,2026-06-02 04:07:00,26.32,51.26,82.4,-67.9,v1.5.0,online
AH-00048,2026-06-02 04:10:00,19.58,44.39,64.9,-61.6,v1.5.0,online
AH-00052,2026-06-02 04:12:00,23.4,40.55,83.0,-57.6,v2.1.0,online
AH-00184,2026-06-02 04:13:00,18.61,53.46,67.0,-66.7,v1.5.0,online
AH-00069,2026-06-02 04:13:00,21.19,37.1,62.8,-67.7,v2.0.1,online
AH-00066,2026-06-02 04:14:00,19.39,69.21,84.8,-69.9,v2.0.1,online
AH-00191,2026-06-02 04:16:00,21.72,44.52,66.6,-57.6,v2.0.1,online
AH-00141,2026-06-02 04:18:00,20.05,44.3,76.5,-59.1,v2.0.1,online
AH-00070,2026-06-02 04:18:00,20.77,38.18,75.3,-72.0,v1.5.0,online
AH-00054,2026-06-02 04:18:00,18.62,39.97,76.8,-71.6,v2.0.1,online
AH-00148,2026-06-02 04:18:00,25.08,37.72,97.7,-56.6,v2.0.1,online
AH-00034,2026-06-02 04:18:00,20.54,48.64,83.7,-59.9,v2.1.0,online
AH-00111,2026-06-02 04:20:00,24.28,57.33,71.5,-61.5,v2.0.1,online
AH-00003,2026-06-02 04:20:00,21.98,55.21,100.0,-69.7,v2.0.1,online
AH-00029,2026-06-02 04:20:00,19.63,53.59,89.9,-61.4,v2.1.0,online
AH-00106,2026-06-02 04:21:00,25.13,43.33,81.1,-63.7,v1.5.0,online
AH-00129,2026-06-02 04:21:00,16.12,46.57,75.2,-50.3,v1.5.0,online
AH-00002,2026-06-02 04:21:00,18.14,42.95,67.8,-57.8,v2.0.1,online
AH-00063,2026-06-02 04:21:00,18.75,38.25,55.7,-66.4,v1.5.0,online
AH-00086,2026-06-02 04:21:00,17.76,32.73,90.9,-50.3,v1.5.0,online
AH-00013,2026-06-02 04:25:00,21.62,32.89,69.7,-60.3,v2.0.1,online
AH-00150,2026-06-02 04:26:00,19.79,49.24,64.2,-70.0,v2.0.1,online
AH-00102,2026-06-02 04:26:00,20.39,45.82,77.2,-58.3,v1.5.0,online
AH-00146,2026-06-02 04:26:00,19.49,47.99,72.3,-60.7,v1.5.0,online
AH-00166,2026-06-02 04:27:00,21.43,46.25,100.0,-52.7,v1.4.2,online
AH-00182,2026-06-02 04:29:00,23.98,26.48,80.5,-56.2,v2.0.1,online
AH-00116,2026-06-02 04:29:00,24.33,42.12,82.5,-77.1,v2.0.1,online
AH-00179,2026-06-02 04:31:00,26.24,40.87,91.1,-66.0,v2.0.1,online
AH-00170,2026-06-02 04:31:00,20.24,39.9,69.2,-47.5,v2.0.1,online
AH-00134,2026-06-02 04:32:00,23.98,33.28,75.8,-63.0,v1.4.2,online
AH-00044,2026-06-02 04:33:00,15.9,43.33,63.5,-48.7,v2.1.0,online
AH-00038,2026-06-02 04:33:00,16.33,44.13,96.6,-81.6,v2.0.1,online
AH-00029,2026-06-02 04:33:00,20.38,30.24,94.6,-52.0,v1.5.0,offline
AH-00003,2026-06-02 04:34:00,17.06,47.09,77.6,-49.0,v2.0.1,maintenance
AH-00019,2026-06-02 04:36:00,20.59,41.41,82.0,-65.7,v2.0.1,online
AH-00081,2026-06-02 04:37:00,19.85,59.69,92.0,-61.6,v1.5.0,online
AH-00009,2026-06-02 04:38:00,21.5,47.21,73.5,-60.4,v2.0.1,online
AH-00171,2026-06-02 04:39:00,18.29,30.3,73.6,-58.4,v1.4.2,online
AH-00033,2026-06-02 04:39:00,23.9,58.76,100.0,-73.1,v2.1.0,online
AH-00056,2026-06-02 04:40:00,18.74,41.8,68.6,-51.4,v2.0.1,online
AH-00090,2026-06-02 04:41:00,20.76,42.3,73.7,-52.7,v2.1.0,online
AH-00031,2026-06-02 04:42:00,18.96,53.0,86.4,-51.1,v2.0.1,online
AH-00023,2026-06-02 04:43:00,18.94,47.8,81.7,-62.2,v1.4.2,online
AH-00103,2026-06-02 04:44:00,15.27,36.7,70.9,-69.6,v2.0.1,online
AH-00131,2026-06-02 04:44:00,22.34,51.73,71.5,-62.9,v2.0.1,online
AH-00133,2026-06-02 04:47:00,17.9,35.84,64.6,-58.7,v1.4.2,online
AH-00067,2026-06-02 04:47:00,20.65,34.49,80.0,-62.7,v2.0.1,online
AH-00022,2026-06-02 04:48:00,21.71,48.08,66.9,-59.5,v2.1.0,online
AH-00105,2026-06-02 04:49:00,21.36,44.28,67.0,-66.2,v2.0.1,online
AH-00151,2026-06-02 04:49:00,18.21,43.88,80.3,-78.9,v1.5.0,online
AH-00092,2026-06-02 04:50:00,21.04,45.52,77.8,-51.8,v2.1.0,online
AH-00069,2026-06-02 04:50:00,20.29,55.65,85.4,-64.2,v2.1.0,online
AH-00053,2026-06-02 04:50:00,17.91,54.59,96.6,-48.3,v2.1.0,online
AH-00147,2026-06-02 04:51:00,23.93,35.99,75.5,-60.6,v1.4.2,maintenance
AH-00021,2026-06-02 04:52:00,19.24,43.93,74.9,-48.3,v2.0.1,online
AH-00036,2026-06-02 04:52:00,25.64,46.7,92.2,-62.3,v2.0.1,maintenance
AH-00125,2026-06-02 04:55:00,20.76,54.15,68.9,-53.5,v2.1.0,online
AH-00188,2026-06-02 04:56:00,20.69,54.2,95.6,-68.4,v2.1.0,online
AH-00034,2026-06-02 04:59:00,25.66,59.35,54.9,-67.5,v2.0.1,online
AH-00080,2026-06-02 05:00:00,19.1,51.58,65.0,-59.9,v1.5.0,online
AH-00073,2026-06-02 05:03:00,23.83,42.63,94.1,-55.2,v2.0.1,online
AH-00091,2026-06-02 05:05:00,26.41,35.93,72.9,-62.4,v2.0.1,online
AH-00053,2026-06-02 05:06:00,22.92,43.4,85.1,-59.7,v2.1.0,online
AH-00153,2026-06-02 05:07:00,20.88,42.31,95.2,-57.1,v2.0.1,online
AH-00150,2026-06-02 05:10:00,20.97,44.95,56.4,-60.3,v1.5.0,online
AH-00139,2026-06-02 05:11:00,21.65,37.79,85.8,-68.2,v2.1.0,offline
AH-00017,2026-06-02 05:11:00,24.01,59.48,74.9,-67.5,v2.1.0,online
AH-00198,2026-06-02 05:11:00,19.84,47.79,75.7,-63.7,v2.0.1,maintenance
AH-00084,2026-06-02 05:12:00,27.12,47.2,61.5,-70.8,v2.0.1,online
AH-00029,2026-06-02 05:15:00,23.96,48.33,60.3,-80.9,v2.1.0,online
AH-00126,2026-06-02 05:15:00,21.75,51.4,94.8,-75.7,v2.0.1,online
AH-00181,2026-06-02 05:16:00,19.16,69.36,72.7,-56.5,v1.4.2,online
AH-00114,2026-06-02 05:16:00,22.02,56.67,78.2,-65.4,v1.5.0,offline
AH-00034,2026-06-02 05:17:00,24.92,59.71,93.9,-50.5,v1.5.0,maintenance
AH-00050,2026-06-02 05:17:00,17.19,43.36,64.7,-62.8,v2.0.1,online
AH-00199,2026-06-02 05:18:00,26.71,51.39,77.6,-66.2,v2.0.1,online
AH-00194,2026-06-02 05:21:00,26.39,49.67,84.1,-57.7,v2.0.1,online
AH-00044,2026-06-02 05:23:00,25.87,35.21,96.6,-63.8,v2.0.1,online
AH-00118,2026-06-02 05:23:00,22.56,41.13,74.2,-73.9,v1.5.0,online
AH-00017,2026-06-02 05:24:00,16.82,57.11,91.9,-73.7,v2.0.1,online
AH-00067,2026-06-02 05:24:00,18.85,30.29,80.3,-56.6,v2.0.1,online
AH-00191,2026-06-02 05:25:00,18.98,34.65,59.2,-67.8,v2.0.1,online
AH-00164,2026-06-02 05:25:00,18.87,38.93,94.0,-53.7,v1.5.0,online
AH-00161,2026-06-02 05:26:00,22.81,41.3,58.3,-57.2,v2.0.1,offline
AH-00135,2026-06-02 05:29:00,25.03,42.81,76.1,-62.3,v2.0.1,online
AH-00115,2026-06-02 05:31:00,19.5,32.65,86.8,-64.7,v2.1.0,online
AH-00149,2026-06-02 05:31:00,20.01,46.23,71.1,-60.4,v1.4.2,maintenance
AH-00079,2026-06-02 05:33:00,17.48,53.36,71.1,-61.3,v2.0.1,online
AH-00113,2026-06-02 05:34:00,22.23,39.93,65.4,-56.1,v1.5.0,online
AH-00084,2026-06-02 05:34:00,16.58,62.13,78.3,-55.4,v2.1.0,online
AH-00026,2026-06-02 05:35:00,24.24,44.3,88.4,-72.2,v2.1.0,online
AH-00160,2026-06-02 05:36:00,26.39,45.18,77.7,-58.8,v2.0.1,maintenance
AH-00185,2026-06-02 05:36:00,16.07,51.62,100.0,-63.9,v2.0.1,offline
AH-00079,2026-06-02 05:36:00,24.42,50.67,73.6,-56.4,v2.0.1,online
AH-00131,2026-06-02 05:36:00,25.14,43.18,75.7,-60.7,v1.5.0,online
AH-00133,2026-06-02 05:36:00,22.07,53.67,77.4,-54.4,v1.4.2,offline
AH-00115,2026-06-02 05:37:00,18.61,47.7,93.4,-57.8,v1.5.0,online
AH-00197,2026-06-02 05:37:00,23.08,39.4,81.0,-57.9,v2.1.0,offline
AH-00094,2026-06-02 05:41:00,23.15,54.56,64.9,-64.4,v1.5.0,online
AH-00076,2026-06-02 05:42:00,25.74,46.26,90.3,-67.5,v2.0.1,online
AH-00077,2026-06-02 05:43:00,23.7,61.84,59.2,-59.4,v2.0.1,online
AH-00190,2026-06-02 05:44:00,23.14,38.79,91.1,-51.8,v2.0.1,online
AH-00027,2026-06-02 05:44:00,22.72,41.68,93.2,-58.4,v1.5.0,online
AH-00193,2026-06-02 05:45:00,22.18,37.17,72.9,-69.0,v2.1.0,online
AH-00024,2026-06-02 05:45:00,23.17,39.72,53.1,-62.7,v1.5.0,offline
AH-00151,2026-06-02 05:47:00,26.34,41.41,79.2,-60.1,v1.5.0,online
AH-00169,2026-06-02 05:50:00,20.79,43.74,72.8,-62.5,v2.0.1,online
AH-00128,2026-06-02 05:51:00,20.95,44.39,73.1,-69.8,v2.0.1,online
AH-00064,2026-06-02 05:56:00,20.77,58.01,81.7,-60.9,v1.4.2,online
AH-00079,2026-06-02 05:59:00,23.95,45.69,64.4,-56.8,v1.5.0,online
AH-00009,2026-06-02 05:59:00,16.19,45.38,64.9,-54.3,v2.1.0,online
AH-00019,2026-06-02 06:00:00,23.5,39.42,68.5,-57.4,v1.5.0,online
AH-00083,2026-06-02 06:00:00,26.28,42.14,81.0,-64.2,v1.5.0,online
AH-00122,2026-06-02 06:02:00,22.02,57.74,73.3,-63.5,v1.5.0,online
AH-00055,2026-06-02 06:04:00,23.74,26.12,69.4,-66.1,v2.0.1,online
AH-00037,2026-06-02 06:06:00,23.59,43.41,88.3,-61.8,v1.5.0,online
AH-00053,2026-06-02 06:10:00,20.51,44.34,82.2,-63.7,v2.0.1,online
AH-00139,2026-06-02 06:17:00,18.66,50.29,83.3,-65.6,v2.0.1,online
AH-00161,2026-06-02 06:18:00,21.25,43.2,77.5,-68.1,v2.0.1,offline
AH-00118,2026-06-02 06:18:00,24.17,41.42,94.5,-65.3,v2.0.1,online
AH-00172,2026-06-02 06:20:00,23.58,64.84,81.6,-64.8,v2.0.1,online
AH-00076,2026-06-02 06:20:00,24.69,28.43,66.2,-66.3,v1.4.2,online
AH-00083,2026-06-02 06:21:00,27.62,43.89,66.8,-53.3,v2.0.1,online
AH-00100,2026-06-02 06:23:00,21.53,42.09,74.7,-69.3,v1.5.0,online
AH-00012,2026-06-02 06:25:00,23.36,46.2,72.8,-57.3,v1.5.0,online
AH-00109,2026-06-02 06:25:00,17.2,33.7,68.6,-53.3,v1.5.0,online
AH-00046,2026-06-02 06:26:00,20.23,41.67,92.6,-73.8,v2.0.1,online
AH-00028,2026-06-02 06:27:00,25.5,48.61,71.9,-62.3,v2.0.1,online
AH-00046,2026-06-02 06:28:00,16.44,39.78,99.7,-59.7,v2.0.1,online
AH-00153,2026-06-02 06:30:00,21.46,41.29,74.2,-59.5,v2.0.1,online
AH-00128,2026-06-02 06:32:00,25.57,47.56,60.4,-58.7,v2.1.0,online
AH-00057,2026-06-02 06:33:00,25.35,48.67,84.8,-61.4,v2.0.1,online
AH-00063,2026-06-02 06:33:00,27.19,47.95,62.5,-41.3,v1.5.0,online
AH-00146,2026-06-02 06:33:00,13.5,39.07,98.7,-62.3,v2.0.1,online
AH-00182,2026-06-02 06:35:00,23.03,42.61,70.2,-70.2,v2.1.0,online
AH-00177,2026-06-02 06:37:00,27.16,53.47,77.8,-57.8,v1.5.0,online
AH-00042,2026-06-02 06:37:00,17.19,47.21,96.8,-75.1,v2.0.1,online
AH-00195,2026-06-02 06:40:00,17.75,51.97,100.0,-68.9,v2.0.1,online
AH-00177,2026-06-02 06:44:00,23.87,59.86,84.4,-59.2,v1.4.2,online
AH-00146,2026-06-02 06:45:00,21.65,43.29,79.8,-61.7,v2.1.0,online
AH-00043,2026-06-02 06:45:00,22.44,42.66,77.7,-67.3,v2.0.1,online
AH-00178,2026-06-02 06:47:00,20.58,59.38,85.7,-58.8,v2.1.0,online
AH-00165,2026-06-02 06:50:00,21.49,32.27,65.0,-57.7,v1.4.2,online
AH-00077,2026-06-02 06:50:00,22.75,58.54,61.4,-73.8,v1.5.0,online
AH-00192,2026-06-02 06:51:00,21.55,48.51,79.6,-64.4,v2.0.1,online
AH-00140,2026-06-02 06:51:00,21.7,47.81,85.6,-61.3,v1.5.0,online
AH-00192,2026-06-02 06:51:00,21.17,30.99,79.7,-60.9,v1.5.0,online
AH-00109,2026-06-02 06:51:00,18.76,50.18,82.7,-64.4,v2.0.1,online
AH-00166,2026-06-02 06:52:00,16.92,32.85,77.6,-76.9,v2.1.0,online
AH-00200,2026-06-02 06:52:00,22.59,50.37,64.6,-67.6,v2.0.1,online
AH-00020,2026-06-02 06:53:00,24.24,49.7,75.8,-74.2,v2.1.0,maintenance
AH-00003,2026-06-02 06:56:00,17.83,33.6,82.9,-64.2,v1.5.0,online
AH-00091,2026-06-02 06:57:00,23.92,31.3,73.4,-78.0,v2.1.0,offline
AH-00017,2026-06-02 06:58:00,22.74,52.35,84.7,-65.1,v1.5.0,online
AH-00185,2026-06-02 06:59:00,21.32,43.21,80.9,-73.4,v2.0.1,online
AH-00163,2026-06-02 07:00:00,26.22,54.93,79.2,-63.8,v2.1.0,online
AH-00128,2026-06-02 07:00:00,17.51,47.63,68.0,-66.0,v1.5.0,online
AH-00001,2026-06-02 07:00:00,21.9,47.36,72.6,-74.0,v2.0.1,offline
AH-00151,2026-06-02 07:02:00,13.66,47.78,93.7,-66.1,v1.5.0,online
AH-00040,2026-06-02 07:03:00,21.73,39.36,77.9,-62.7,v1.5.0,offline
AH-00078,2026-06-02 07:06:00,24.53,40.53,85.9,-50.7,v1.5.0,online
AH-00143,2026-06-02 07:06:00,25.19,52.94,61.5,-68.8,v2.0.1,online
AH-00038,2026-06-02 07:07:00,21.87,61.39,81.6,-64.5,v1.4.2,online
AH-00130,2026-06-02 07:09:00,21.43,38.26,81.5,-50.1,v1.5.0,online
AH-00183,2026-06-02 07:10:00,23.92,48.34,68.5,-61.7,v2.0.1,online
AH-00072,2026-06-02 07:10:00,20.65,35.56,81.3,-40.0,v1.5.0,online
AH-00038,2026-06-02 07:11:00,22.77,52.4,82.0,-52.2,v1.5.0,online
AH-00001,2026-06-02 07:15:00,14.33,40.97,63.8,-67.0,v1.4.2,online
AH-00161,2026-06-02 07:16:00,21.47,55.08,75.3,-59.7,v1.4.2,online
AH-00150,2026-06-02 07:17:00,24.85,41.33,73.3,-62.6,v2.0.1,online
AH-00015,2026-06-02 07:18:00,24.43,59.76,87.0,-67.7,v2.1.0,online
AH-00084,2026-06-02 07:18:00,27.23,45.14,66.8,-59.8,v2.0.1,online
AH-00099,2026-06-02 07:22:00,24.39,39.21,59.5,-71.0,v2.1.0,online
AH-00020,2026-06-02 07:22:00,19.46,43.75,97.9,-67.3,v1.5.0,online
AH-00174,2026-06-02 07:22:00,18.9,62.69,93.5,-54.9,v1.5.0,online
AH-00103,2026-06-02 07:25:00,20.27,53.02,76.7,-60.2,v1.5.0,online
AH-00197,2026-06-02 07:26:00,24.65,43.42,80.5,-64.3,v2.0.1,online
AH-00096,2026-06-02 07:26:00,25.37,22.82,87.7,-50.8,v1.5.0,offline
AH-00013,2026-06-02 07:28:00,23.48,47.26,72.8,-55.0,v2.0.1,online
AH-00029,2026-06-02 07:29:00,17.55,63.19,90.3,-44.3,v1.5.0,online
AH-00063,2026-06-02 07:29:00,22.74,48.93,100.0,-60.4,v1.5.0,online
AH-00147,2026-06-02 07:31:00,20.69,30.99,82.8,-57.0,v1.5.0,online
AH-00164,2026-06-02 07:34:00,21.58,54.05,100.0,-59.1,v2.1.0,online
AH-00200,2026-06-02 07:35:00,23.8,35.33,52.0,-47.0,v2.0.1,online
AH-00189,2026-06-02 07:35:00,25.44,51.76,84.1,-53.1,v1.5.0,online
AH-00010,2026-06-02 07:36:00,24.0,45.68,87.7,-44.1,v1.4.2,online
AH-00198,2026-06-02 07:38:00,20.77,23.96,77.3,-65.0,v2.0.1,online
AH-00164,2026-06-02 07:39:00,17.31,41.38,68.7,-66.9,v2.1.0,online
AH-00081,2026-06-02 07:40:00,20.17,42.49,89.2,-53.6,v2.1.0,online
AH-00124,2026-06-02 07:41:00,23.16,49.65,74.0,-64.6,v2.0.1,online
AH-00192,2026-06-02 07:43:00,29.47,53.08,61.8,-57.6,v1.5.0,online
AH-00107,2026-06-02 07:44:00,17.95,43.87,81.3,-56.8,v2.0.1,online
AH-00200,2026-06-02 07:44:00,18.63,45.75,79.6,-68.7,v2.0.1,online
AH-00041,2026-06-02 07:46:00,21.39,60.34,68.0,-64.7,v2.0.1,online
AH-00033,2026-06-02 07:46:00,26.89,48.03,82.1,-74.8,v2.0.1,online
AH-00049,2026-06-02 07:46:00,23.49,44.55,58.6,-76.0,v2.0.1,online
AH-00131,2026-06-02 07:47:00,26.17,60.1,92.1,-53.2,v2.1.0,online
AH-00100,2026-06-02 07:50:00,12.75,33.17,94.4,-63.8,v2.1.0,maintenance
AH-00037,2026-06-02 07:53:00,21.88,48.11,62.4,-53.8,v2.1.0,online
AH-00186,2026-06-02 07:53:00,16.53,52.97,77.9,-66.2,v2.0.1,online
AH-00041,2026-06-02 07:54:00,21.91,42.91,64.3,-65.3,v2.0.1,online
AH-00061,2026-06-02 07:59:00,20.41,42.02,82.5,-53.4,v2.0.1,online
AH-00125,2026-06-02 07:59:00,19.9,54.99,60.7,-58.2,v2.1.0,online
AH-00178,2026-06-02 08:01:00,24.51,35.82,67.8,-53.7,v2.0.1,online
AH-00055,2026-06-02 08:04:00,25.81,34.86,89.8,-60.7,v1.5.0,online
AH-00160,2026-06-02 08:05:00,20.86,62.23,74.4,-81.6,v2.1.0,online
AH-00018,2026-06-02 08:06:00,25.75,46.17,74.5,-62.2,v1.5.0,online
AH-00021,2026-06-02 08:07:00,23.87,53.29,83.5,-62.6,v2.0.1,offline
AH-00081,2026-06-02 08:10:00,20.49,25.32,58.8,-58.7,v1.5.0,online
AH-00189,2026-06-02 08:11:00,27.27,61.54,86.0,-68.3,v2.0.1,online
AH-00072,2026-06-02 08:12:00,20.64,45.07,91.9,-69.5,v2.0.1,online
AH-00194,2026-06-02 08:15:00,18.53,38.12,87.6,-54.7,v2.1.0,online
AH-00065,2026-06-02 08:15:00,21.46,52.21,86.1,-69.3,v2.0.1,maintenance
AH-00084,2026-06-02 08:16:00,23.63,43.03,94.6,-64.6,v2.0.1,online
AH-00027,2026-06-02 08:17:00,19.65,37.27,100.0,-51.5,v2.0.1,online
AH-00001,2026-06-02 08:17:00,24.8,52.96,80.8,-77.9,v1.5.0,online
AH-00101,2026-06-02 08:19:00,22.9,55.38,72.1,-69.3,v1.5.0,online
AH-00106,2026-06-02 08:20:00,23.12,50.39,100.0,-66.1,v2.0.1,online
AH-00126,2026-06-02 08:22:00,20.28,43.54,44.9,-71.9,v1.5.0,online
AH-00190,2026-06-02 08:23:00,24.71,49.53,71.2,-64.9,v2.0.1,online
AH-00131,2026-06-02 08:25:00,21.75,36.94,99.2,-57.4,v2.1.0,online
AH-00161,2026-06-02 08:26:00,26.63,36.58,60.4,-45.4,v1.5.0,online
AH-00030,2026-06-02 08:26:00,18.78,67.63,83.6,-75.2,v2.0.1,online
AH-00041,2026-06-02 08:26:00,25.59,30.3,73.5,-70.6,v2.0.1,online
AH-00101,2026-06-02 08:27:00,19.92,50.87,77.6,-64.9,v2.1.0,online
AH-00050,2026-06-02 08:28:00,24.31,32.57,100.0,-63.2,v2.0.1,online
AH-00025,2026-06-02 08:28:00,26.03,46.69,93.3,-60.9,v2.1.0,maintenance
AH-00137,2026-06-02 08:31:00,24.91,58.72,89.8,-41.9,v2.1.0,online
AH-00029,2026-06-02 08:31:00,23.06,48.26,79.0,-68.5,v2.0.1,online
AH-00127,2026-06-02 08:31:00,22.24,47.45,81.4,-59.5,v2.0.1,online
AH-00151,2026-06-02 08:32:00,20.28,39.36,68.3,-60.8,v2.0.1,online
AH-00153,2026-06-02 08:32:00,23.57,65.89,77.7,-52.2,v1.5.0,offline
AH-00122,2026-06-02 08:33:00,25.3,48.44,69.4,-61.2,v2.1.0,online
AH-00061,2026-06-02 08:34:00,24.15,40.08,91.1,-51.4,v1.4.2,online
AH-00062,2026-06-02 08:34:00,24.22,31.92,75.4,-59.4,v2.0.1,offline
AH-00122,2026-06-02 08:35:00,28.16,44.79,79.7,-54.7,v2.0.1,online
AH-00152,2026-06-02 08:38:00,28.28,43.14,65.0,-57.3,v2.0.1,online
AH-00006,2026-06-02 08:39:00,24.29,43.63,74.1,-60.6,v2.0.1,online
AH-00145,2026-06-02 08:39:00,23.16,41.24,68.7,-55.4,v1.5.0,maintenance
AH-00199,2026-06-02 08:40:00,19.37,32.69,82.7,-60.6,v2.0.1,online
AH-00193,2026-06-02 08:43:00,17.19,45.06,69.0,-66.7,v2.0.1,online
AH-00097,2026-06-02 08:43:00,17.72,41.42,100.0,-69.1,v1.5.0,online
AH-00082,2026-06-02 08:44:00,26.5,38.44,93.9,-61.0,v1.5.0,online
AH-00134,2026-06-02 08:46:00,20.81,45.93,79.1,-60.5,v2.0.1,online
AH-00040,2026-06-02 08:46:00,22.37,59.27,49.6,-54.3,v1.5.0,online
AH-00172,2026-06-02 08:46:00,21.27,50.87,86.0,-76.2,v2.1.0,online
AH-00127,2026-06-02 08:47:00,24.39,39.34,54.1,-65.8,v2.0.1,online
AH-00061,2026-06-02 08:47:00,22.69,41.1,70.4,-74.9,v2.1.0,offline
AH-00150,2026-06-02 08:49:00,20.61,59.75,66.0,-69.0,v2.1.0,online
AH-00047,2026-06-02 08:50:00,17.05,59.12,55.1,-54.7,v2.1.0,online
AH-00057,2026-06-02 08:52:00,22.98,41.7,78.2,-57.5,v2.1.0,offline
AH-00145,2026-06-02 08:54:00,23.91,37.85,85.2,-61.0,v2.0.1,offline
AH-00129,2026-06-02 08:55:00,28.12,40.12,82.1,-72.8,v2.0.1,offline
AH-00066,2026-06-02 08:55:00,23.19,62.51,100.0,-61.6,v2.1.0,online
AH-00084,2026-06-02 08:59:00,22.2,40.49,73.8,-56.3,v2.1.0,online
AH-00076,2026-06-02 08:59:00,26.33,32.63,69.8,-61.6,v2.0.1,offline
AH-00026,2026-06-02 08:59:00,20.31,65.73,68.7,-72.5,v1.5.0,online
AH-00111,2026-06-02 09:00:00,24.34,51.93,65.7,-56.0,v2.0.1,maintenance
AH-00043,2026-06-02 09:01:00,18.63,54.99,100.0,-63.4,v2.0.1,online
AH-00184,2026-06-02 09:02:00,19.19,40.57,58.3,-63.9,v2.1.0,online
AH-00054,2026-06-02 09:03:00,21.3,56.11,59.4,-57.3,v2.1.0,online
AH-00124,2026-06-02 09:04:00,22.29,51.83,72.8,-60.7,v1.5.0,online
AH-00004,2026-06-02 09:04:00,24.69,49.06,59.4,-65.2,v2.0.1,online
AH-00005,2026-06-02 09:05:00,29.33,39.16,66.7,-57.2,v2.0.1,online
AH-00048,2026-06-02 09:06:00,20.52,28.16,77.9,-51.6,v2.1.0,online
AH-00123,2026-06-02 09:06:00,21.32,46.45,85.7,-72.2,v2.0.1,offline
AH-00178,2026-06-02 09:07:00,21.47,42.59,76.1,-66.6,v2.0.1,online
AH-00108,2026-06-02 09:07:00,24.84,45.01,82.0,-66.1,v2.0.1,online
AH-00085,2026-06-02 09:09:00,21.48,56.18,79.6,-48.9,v2.1.0,online
AH-00062,2026-06-02 09:09:00,20.31,60.17,86.8,-45.8,v1.5.0,online
AH-00101,2026-06-02 09:10:00,23.75,45.84,76.1,-51.2,v2.0.1,online
AH-00141,2026-06-02 09:11:00,24.48,60.93,75.2,-64.7,v1.4.2,online
AH-00142,2026-06-02 09:12:00,21.12,52.72,76.6,-74.1,v2.0.1,online
AH-00166,2026-06-02 09:12:00,26.71,37.45,77.1,-57.2,v1.5.0,online
AH-00052,2026-06-02 09:13:00,25.03,42.38,68.2,-63.9,v1.5.0,online
AH-00077,2026-06-02 09:13:00,23.54,47.36,73.3,-53.3,v2.0.1,maintenance
AH-00105,2026-06-02 09:13:00,23.23,53.34,88.2,-79.3,v1.4.2,online
AH-00188,2026-06-02 09:14:00,24.18,48.96,100.0,-61.8,v2.0.1,online
AH-00118,2026-06-02 09:14:00,14.72,42.6,71.2,-61.3,v1.5.0,online
AH-00006,2026-06-02 09:19:00,18.01,44.7,72.5,-58.7,v1.5.0,online
AH-00120,2026-06-02 09:19:00,18.6,49.67,100.0,-60.9,v2.1.0,online
AH-00184,2026-06-02 09:20:00,22.08,41.3,56.3,-65.7,v2.1.0,online
AH-00014,2026-06-02 09:21:00,19.47,33.55,74.9,-70.7,v1.5.0,offline
AH-00019,2026-06-02 09:22:00,20.38,40.3,83.6,-57.6,v2.0.1,online
AH-00162,2026-06-02 09:23:00,22.6,39.68,72.1,-57.9,v1.5.0,online
AH-00088,2026-06-02 09:26:00,21.97,45.13,73.6,-65.6,v2.0.1,online
AH-00185,2026-06-02 09:28:00,20.72,36.53,78.0,-48.3,v1.4.2,online
AH-00198,2026-06-02 09:30:00,22.7,52.15,80.8,-61.1,v2.1.0,online
AH-00101,2026-06-02 09:31:00,22.22,38.52,65.5,-74.7,v1.5.0,online
AH-00167,2026-06-02 09:32:00,20.6,46.58,87.6,-56.9,v2.1.0,online
AH-00032,2026-06-02 09:33:00,19.6,46.14,85.3,-52.8,v1.5.0,online
AH-00109,2026-06-02 09:33:00,25.33,42.48,83.4,-61.3,v2.0.1,online
AH-00060,2026-06-02 09:34:00,23.22,46.02,66.5,-56.1,v1.5.0,online
AH-00118,2026-06-02 09:34:00,22.49,41.09,57.9,-57.9,v1.5.0,online
AH-00091,2026-06-02 09:35:00,17.6,49.54,82.0,-67.4,v2.0.1,online
AH-00009,2026-06-02 09:37:00,26.54,42.05,88.5,-58.3,v2.0.1,online
AH-00087,2026-06-02 09:38:00,21.09,50.64,93.2,-60.3,v2.0.1,online
AH-00013,2026-06-02 09:39:00,19.27,49.86,74.5,-56.0,v2.0.1,online
AH-00046,2026-06-02 09:40:00,18.13,57.63,81.3,-68.3,v1.5.0,online
AH-00114,2026-06-02 09:40:00,25.22,38.27,77.2,-67.0,v2.1.0,online
AH-00061,2026-06-02 09:40:00,25.09,39.32,89.3,-44.9,v1.5.0,online
AH-00133,2026-06-02 09:41:00,21.15,40.12,73.4,-52.5,v2.0.1,online
AH-00154,2026-06-02 09:42:00,17.43,46.18,97.2,-61.8,v1.5.0,online
AH-00143,2026-06-02 09:43:00,19.89,40.35,86.5,-65.6,v2.1.0,online
AH-00071,2026-06-02 09:46:00,22.39,36.47,60.4,-63.4,v1.5.0,online
AH-00199,2026-06-02 09:48:00,21.2,51.32,86.3,-53.4,v1.5.0,online
AH-00047,2026-06-02 09:48:00,28.25,42.54,80.7,-64.5,v2.0.1,online
AH-00127,2026-06-02 09:49:00,27.55,37.28,79.0,-58.0,v1.4.2,maintenance
AH-00049,2026-06-02 09:50:00,24.45,52.23,83.8,-59.3,v2.0.1,online
AH-00046,2026-06-02 09:52:00,23.58,51.83,100.0,-50.9,v1.5.0,online
AH-00120,2026-06-02 09:52:00,25.46,55.66,75.1,-73.1,v2.0.1,online
AH-00018,2026-06-02 09:54:00,25.72,36.02,96.1,-71.9,v2.0.1,online
AH-00070,2026-06-02 09:56:00,16.1,55.05,82.7,-65.5,v2.0.1,online
AH-00009,2026-06-02 09:57:00,28.6,52.95,69.5,-58.7,v1.5.0,online
AH-00195,2026-06-02 09:58:00,27.41,39.35,73.8,-63.1,v1.5.0,online
AH-00187,2026-06-02 09:59:00,23.38,53.23,75.0,-58.1,v2.0.1,offline
AH-00107,2026-06-02 10:01:00,19.79,44.22,72.1,-61.2,v1.4.2,online
AH-00055,2026-06-02 10:02:00,21.86,46.46,64.7,-65.6,v2.0.1,online
AH-00105,2026-06-02 10:03:00,16.52,47.55,83.3,-55.8,v1.5.0,online
AH-00097,2026-06-02 10:04:00,15.37,41.61,86.2,-53.2,v1.5.0,online
AH-00049,2026-06-02 10:05:00,23.71,48.6,96.8,-72.1,v1.5.0,offline
AH-00001,2026-06-02 10:06:00,17.71,51.65,61.6,-72.8,v1.5.0,online
AH-00184,2026-06-02 10:07:00,16.06,55.02,77.0,-72.0,v2.0.1,online
AH-00153,2026-06-02 10:08:00,24.29,38.14,85.7,-67.0,v2.0.1,maintenance
AH-00169,2026-06-02 10:09:00,21.71,30.53,79.4,-56.8,v1.4.2,online
AH-00067,2026-06-02 10:10:00,20.84,34.76,65.1,-71.3,v2.0.1,online
AH-00131,2026-06-02 10:10:00,20.77,46.6,79.4,-64.6,v1.5.0,online
AH-00192,2026-06-02 10:11:00,28.07,55.44,91.8,-53.0,v2.0.1,online
AH-00091,2026-06-02 10:12:00,22.53,39.64,94.7,-57.0,v1.4.2,online
AH-00155,2026-06-02 10:12:00,19.95,55.72,72.8,-63.2,v2.0.1,online
AH-00068,2026-06-02 10:13:00,20.55,40.01,52.2,-75.4,v2.0.1,offline
AH-00186,2026-06-02 10:13:00,27.12,54.37,57.1,-58.7,v1.5.0,online
AH-00023,2026-06-02 10:14:00,23.68,33.31,77.8,-61.6,v1.5.0,online
AH-00053,2026-06-02 10:16:00,22.6,51.77,80.5,-64.3,v2.0.1,online
AH-00182,2026-06-02 10:16:00,19.05,32.59,67.4,-77.1,v2.0.1,online
AH-00002,2026-06-02 10:18:00,22.47,50.42,71.2,-60.2,v1.5.0,online
AH-00098,2026-06-02 10:18:00,18.29,50.02,80.8,-60.3,v2.0.1,online
AH-00058,2026-06-02 10:18:00,22.13,63.56,67.0,-71.6,v2.0.1,online
AH-00193,2026-06-02 10:19:00,22.76,40.77,78.3,-57.9,v1.5.0,online
AH-00011,2026-06-02 10:19:00,20.96,53.67,85.8,-78.0,v2.0.1,offline
AH-00135,2026-06-02 10:21:00,23.32,50.16,92.5,-68.6,v2.0.1,online
AH-00017,2026-06-02 10:21:00,25.08,49.8,63.3,-64.8,v1.5.0,online
AH-00120,2026-06-02 10:25:00,17.57,38.1,77.4,-64.0,v1.5.0,offline
AH-00108,2026-06-02 10:28:00,17.82,58.43,100.0,-51.5,v1.5.0,online
AH-00120,2026-06-02 10:28:00,18.49,48.6,82.4,-71.3,v2.0.1,online
AH-00101,2026-06-02 10:28:00,17.34,50.39,100.0,-64.7,v1.4.2,offline
AH-00022,2026-06-02 10:28:00,24.68,47.89,84.1,-68.0,v1.5.0,online
AH-00040,2026-06-02 10:29:00,21.47,54.74,93.7,-59.1,v2.0.1,online
AH-00013,2026-06-02 10:30:00,16.88,43.41,83.4,-57.4,v2.0.1,online
AH-00187,2026-06-02 10:32:00,27.07,53.74,87.5,-65.5,v2.0.1,online
AH-00084,2026-06-02 10:33:00,21.43,49.03,87.1,-64.7,v2.0.1,online
AH-00102,2026-06-02 10:34:00,22.52,46.32,60.8,-67.7,v1.4.2,online
AH-00098,2026-06-02 10:34:00,22.3,56.19,60.4,-55.0,v1.5.0,online
AH-00132,2026-06-02 10:34:00,22.69,48.4,72.4,-74.1,v2.0.1,online
AH-00182,2026-06-02 10:35:00,17.38,35.49,73.7,-67.7,v2.0.1,offline
AH-00145,2026-06-02 10:36:00,18.93,37.36,54.6,-64.8,v1.5.0,online
AH-00161,2026-06-02 10:38:00,21.41,42.51,81.7,-64.4,v1.5.0,online
AH-00146,2026-06-02 10:38:00,26.83,44.54,75.7,-52.5,v2.0.1,online
AH-00038,2026-06-02 10:40:00,16.98,53.46,76.1,-62.9,v2.0.1,online
AH-00092,2026-06-02 10:41:00,26.62,54.2,82.9,-54.1,v2.0.1,online
AH-00057,2026-06-02 10:41:00,20.54,33.63,77.0,-70.3,v2.0.1,online
AH-00113,2026-06-02 10:43:00,20.36,60.21,73.5,-47.6,v2.0.1,online
AH-00121,2026-06-02 10:43:00,21.19,39.22,85.2,-62.6,v2.0.1,online
AH-00001,2026-06-02 10:45:00,19.9,62.93,84.1,-45.2,v1.4.2,maintenance
AH-00041,2026-06-02 10:46:00,23.13,57.83,76.7,-53.0,v2.0.1,online
AH-00142,2026-06-02 10:51:00,25.61,50.14,61.4,-69.0,v2.0.1,online
AH-00066,2026-06-02 10:51:00,14.81,66.5,73.9,-58.3,v2.0.1,online
AH-00068,2026-06-02 10:52:00,19.16,50.8,100.0,-59.8,v1.4.2,online
AH-00161,2026-06-02 10:52:00,25.27,34.75,72.9,-58.9,v2.0.1,online
AH-00086,2026-06-02 10:52:00,20.77,29.36,74.6,-66.1,v2.0.1,online
AH-00065,2026-06-02 10:54:00,24.59,39.43,59.2,-63.3,v2.0.1,offline
AH-00003,2026-06-02 10:57:00,21.41,42.81,77.0,-73.2,v2.0.1,online
AH-00111,2026-06-02 10:58:00,19.21,44.12,43.5,-55.7,v2.0.1,online
AH-00186,2026-06-02 10:58:00,22.08,53.61,91.4,-59.3,v1.5.0,online
AH-00173,2026-06-02 10:59:00,21.1,30.39,77.5,-52.4,v1.5.0,online
AH-00180,2026-06-02 11:00:00,21.82,53.56,94.9,-64.8,v1.4.2,online
AH-00089,2026-06-02 11:00:00,22.69,52.71,71.8,-61.1,v1.5.0,online
AH-00123,2026-06-02 11:04:00,24.3,27.42,69.9,-72.0,v1.5.0,online
AH-00117,2026-06-02 11:05:00,21.28,43.43,82.7,-69.4,v1.5.0,offline
AH-00064,2026-06-02 11:05:00,21.93,54.72,73.5,-69.1,v2.0.1,online
AH-00064,2026-06-02 11:05:00,18.22,33.59,59.5,-62.4,v2.1.0,online
AH-00022,2026-06-02 11:05:00,19.07,27.58,91.0,-76.7,v1.5.0,online
AH-00078,2026-06-02 11:07:00,20.76,37.16,89.6,-69.1,v2.1.0,offline
AH-00077,2026-06-02 11:08:00,22.13,58.84,98.3,-59.3,v2.0.1,offline
AH-00162,2026-06-02 11:08:00,26.28,47.69,84.2,-54.8,v2.1.0,online
AH-00141,2026-06-02 11:11:00,20.78,50.4,68.1,-72.0,v1.5.0,offline
AH-00029,2026-06-02 11:12:00,25.96,42.08,65.4,-59.0,v2.0.1,maintenance
AH-00099,2026-06-02 11:12:00,19.19,49.24,85.8,-71.4,v1.5.0,online
AH-00017,2026-06-02 11:13:00,25.99,45.61,78.8,-64.8,v1.5.0,online
AH-00198,2026-06-02 11:14:00,19.68,30.18,83.5,-75.9,v2.0.1,online
AH-00165,2026-06-02 11:15:00,18.93,27.98,84.1,-71.8,v2.1.0,maintenance
AH-00030,2026-06-02 11:15:00,20.81,51.92,74.3,-64.2,v1.5.0,online
AH-00033,2026-06-02 11:16:00,19.2,50.99,84.3,-62.0,v2.0.1,online
AH-00039,2026-06-02 11:17:00,23.7,43.18,69.8,-65.0,v1.5.0,online
AH-00020,2026-06-02 11:18:00,20.76,31.99,86.6,-64.3,v2.0.1,online
AH-00159,2026-06-02 11:20:00,25.26,43.43,81.6,-72.6,v2.0.1,online
AH-00178,2026-06-02 11:21:00,23.02,39.64,81.1,-54.3,v2.1.0,online
AH-00146,2026-06-02 11:21:00,17.21,41.28,67.6,-54.4,v2.0.1,online
AH-00005,2026-06-02 11:22:00,18.04,43.34,80.0,-49.6,v1.4.2,online
AH-00077,2026-06-02 11:24:00,17.77,47.18,66.6,-63.3,v2.0.1,online
AH-00014,2026-06-02 11:24:00,25.81,30.6,94.8,-45.7,v2.0.1,online
AH-00045,2026-06-02 11:24:00,17.77,50.8,51.0,-72.0,v2.0.1,maintenance
AH-00081,2026-06-02 11:26:00,23.4,45.1,67.7,-64.5,v1.4.2,online
AH-00161,2026-06-02 11:27:00,22.8,52.16,68.3,-64.9,v1.5.0,online
AH-00184,2026-06-02 11:27:00,22.72,43.54,52.6,-68.0,v2.1.0,online
AH-00193,2026-06-02 11:28:00,26.49,54.13,65.7,-70.7,v1.5.0,online
AH-00018,2026-06-02 11:28:00,18.64,43.16,84.6,-78.3,v1.5.0,online
AH-00081,2026-06-02 11:31:00,20.77,57.58,75.0,-43.0,v1.5.0,maintenance
AH-00185,2026-06-02 11:33:00,27.02,42.06,74.8,-59.2,v2.0.1,online
AH-00129,2026-06-02 11:37:00,18.14,37.52,67.5,-62.1,v2.0.1,offline
AH-00109,2026-06-02 11:37:00,16.8,50.52,66.1,-68.0,v2.0.1,online
AH-00105,2026-06-02 11:39:00,25.02,53.7,91.4,-74.2,v1.4.2,offline
AH-00089,2026-06-02 11:39:00,18.64,46.11,84.2,-54.8,v2.1.0,online
AH-00113,2026-06-02 11:39:00,22.9,38.08,73.4,-85.5,v1.5.0,online
AH-00110,2026-06-02 11:40:00,18.87,51.7,97.8,-52.1,v1.5.0,online
AH-00071,2026-06-02 11:40:00,21.9,45.15,79.7,-52.3,v2.0.1,online
AH-00016,2026-06-02 11:41:00,24.02,59.25,70.3,-75.1,v2.0.1,online
AH-00005,2026-06-02 11:42:00,26.88,39.36,79.7,-66.0,v2.0.1,online
AH-00105,2026-06-02 11:42:00,19.56,42.14,90.6,-60.8,v1.5.0,online
AH-00058,2026-06-02 11:45:00,15.73,50.04,98.5,-67.8,v2.0.1,online
AH-00195,2026-06-02 11:45:00,18.59,44.2,85.2,-62.6,v1.4.2,online
AH-00159,2026-06-02 11:46:00,19.75,43.02,84.6,-57.7,v1.5.0,online
AH-00130,2026-06-02 11:46:00,24.82,54.39,97.8,-64.4,v1.4.2,online
AH-00068,2026-06-02 11:49:00,21.82,33.33,71.2,-60.4,v2.0.1,online
AH-00147,2026-06-02 11:50:00,19.78,55.51,91.4,-67.2,v2.0.1,online
AH-00045,2026-06-02 11:51:00,21.68,35.27,84.4,-65.4,v2.0.1,online
AH-00195,2026-06-02 11:52:00,21.68,52.98,79.3,-64.3,v2.0.1,online
AH-00112,2026-06-02 11:53:00,20.76,56.27,99.9,-70.2,v1.5.0,offline
AH-00008,2026-06-02 11:54:00,19.75,42.86,65.2,-70.7,v2.1.0,online
AH-00166,2026-06-02 11:54:00,23.37,48.12,100.0,-62.1,v2.0.1,online
AH-00130,2026-06-02 11:56:00,24.02,47.94,83.7,-67.9,v2.0.1,online
AH-00035,2026-06-02 11:56:00,26.51,40.55,74.1,-64.6,v2.0.1,online
AH-00056,2026-06-02 11:56:00,18.17,45.44,81.3,-51.7,v2.0.1,online
AH-00160,2026-06-02 11:58:00,23.38,39.59,76.7,-55.8,v2.1.0,offline
AH-00167,2026-06-02 11:59:00,22.17,41.3,68.9,-63.1,v2.0.1,online
AH-00145,2026-06-02 12:00:00,23.95,47.03,91.5,-50.8,v2.1.0,online
AH-00122,2026-06-02 12:01:00,21.29,48.79,81.0,-52.8,v1.5.0,online
AH-00061,2026-06-02 12:01:00,17.8,50.49,70.9,-64.6,v2.0.1,online
AH-00043,2026-06-02 12:02:00,22.39,37.77,87.7,-61.4,v2.0.1,online
AH-00006,2026-06-02 12:02:00,24.21,48.79,72.9,-61.3,v2.0.1,online
AH-00192,2026-06-02 12:04:00,23.34,39.27,76.2,-62.9,v1.5.0,online
AH-00107,2026-06-02 12:06:00,25.69,58.07,80.9,-80.0,v2.0.1,online
AH-00121,2026-06-02 12:06:00,20.87,49.64,64.4,-67.7,v2.0.1,online
AH-00093,2026-06-02 12:07:00,20.34,40.04,93.0,-55.6,v1.5.0,online
AH-00143,2026-06-02 12:10:00,23.41,42.23,80.8,-72.2,v2.0.1,online
AH-00119,2026-06-02 12:10:00,25.22,51.31,85.8,-64.2,v2.0.1,online
AH-00120,2026-06-02 12:11:00,25.74,53.28,93.1,-63.5,v1.5.0,offline
AH-00152,2026-06-02 12:11:00,25.17,46.02,72.1,-55.9,v2.1.0,online
AH-00116,2026-06-02 12:12:00,18.75,38.47,89.1,-64.4,v1.5.0,online
AH-00008,2026-06-02 12:13:00,23.48,40.33,68.3,-67.9,v2.0.1,online
AH-00060,2026-06-02 12:13:00,22.22,45.56,76.4,-82.4,v1.4.2,online
AH-00059,2026-06-02 12:14:00,23.9,43.22,100.0,-64.9,v1.4.2,online
AH-00182,2026-06-02 12:15:00,19.95,45.91,86.1,-56.1,v1.5.0,online
AH-00118,2026-06-02 12:15:00,20.79,33.34,85.9,-60.9,v2.0.1,online
AH-00014,2026-06-02 12:16:00,22.61,52.48,87.1,-69.2,v2.0.1,online
AH-00151,2026-06-02 12:17:00,17.09,39.96,83.9,-71.6,v2.0.1,online
AH-00088,2026-06-02 12:18:00,22.41,54.77,80.9,-74.0,v2.0.1,offline
AH-00052,2026-06-02 12:18:00,22.13,37.13,69.8,-55.2,v1.4.2,online
AH-00120,2026-06-02 12:21:00,21.25,41.57,80.8,-57.2,v1.4.2,online
AH-00074,2026-06-02 12:21:00,19.94,46.08,71.0,-72.6,v1.5.0,online
AH-00116,2026-06-02 12:22:00,26.59,45.84,100.0,-59.6,v1.5.0,offline
AH-00078,2026-06-02 12:22:00,22.32,51.31,100.0,-58.3,v1.5.0,online
AH-00167,2026-06-02 12:24:00,22.76,50.23,98.8,-69.0,v2.0.1,online
AH-00154,2026-06-02 12:24:00,20.1,43.07,83.7,-51.6,v1.4.2,online
AH-00190,2026-06-02 12:24:00,21.21,55.77,67.7,-58.1,v2.0.1,online
AH-00072,2026-06-02 12:24:00,25.57,51.36,54.1,-62.8,v2.0.1,online
AH-00173,2026-06-02 12:25:00,19.83,51.1,67.8,-71.1,v1.5.0,maintenance
AH-00040,2026-06-02 12:26:00,22.91,41.68,61.1,-52.3,v2.0.1,online
AH-00104,2026-06-02 12:27:00,27.69,60.89,74.5,-62.7,v1.5.0,online
AH-00093,2026-06-02 12:27:00,21.87,43.69,75.6,-64.5,v1.5.0,online
AH-00010,2026-06-02 12:29:00,25.44,34.29,81.2,-60.0,v1.5.0,offline
AH-00051,2026-06-02 12:30:00,21.62,44.93,69.6,-47.3,v2.0.1,online
AH-00161,2026-06-02 12:31:00,19.68,26.35,60.6,-57.5,v2.0.1,online
AH-00034,2026-06-02 12:31:00,19.26,37.87,90.2,-63.7,v2.0.1,online
AH-00113,2026-06-02 12:32:00,26.55,45.28,89.4,-45.9,v1.5.0,offline
AH-00188,2026-06-02 12:33:00,22.5,46.88,85.1,-64.4,v2.0.1,offline
AH-00095,2026-06-02 12:34:00,23.05,38.62,79.8,-52.5,v2.1.0,online
AH-00102,2026-06-02 12:34:00,25.05,46.84,53.6,-56.3,v1.5.0,offline
AH-00140,2026-06-02 12:34:00,21.45,35.03,75.2,-54.1,v1.5.0,online
AH-00076,2026-06-02 12:35:00,21.01,51.51,93.1,-65.5,v2.0.1,online
AH-00053,2026-06-02 12:35:00,21.33,39.27,81.3,-58.7,v1.4.2,online
AH-00036,2026-06-02 12:35:00,24.25,56.06,92.3,-62.1,v2.1.0,online
AH-00063,2026-06-02 12:36:00,21.27,37.96,91.3,-60.3,v2.1.0,offline
AH-00033,2026-06-02 12:36:00,20.79,45.34,77.6,-71.1,v1.4.2,online
AH-00060,2026-06-02 12:36:00,18.41,60.24,85.4,-59.1,v2.0.1,online
AH-00051,2026-06-02 12:36:00,21.61,41.21,92.9,-55.0,v1.5.0,offline
AH-00155,2026-06-02 12:38:00,21.54,52.13,66.1,-61.1,v1.4.2,online
AH-00185,2026-06-02 12:39:00,29.44,46.35,86.4,-49.3,v1.4.2,online
AH-00172,2026-06-02 12:39:00,22.83,39.1,88.3,-65.8,v1.4.2,online
AH-00047,2026-06-02 12:40:00,20.09,41.9,92.2,-49.1,v1.5.0,online
AH-00026,2026-06-02 12:41:00,20.8,45.5,83.5,-66.9,v1.5.0,online
AH-00047,2026-06-02 12:42:00,23.47,44.29,64.9,-51.2,v2.0.1,online
AH-00188,2026-06-02 12:44:00,24.97,35.58,96.6,-71.4,v2.0.1,online
AH-00074,2026-06-02 12:44:00,23.47,36.33,89.9,-59.7,v2.0.1,online
AH-00014,2026-06-02 12:45:00,21.43,46.4,57.2,-57.9,v2.0.1,online
AH-00041,2026-06-02 12:45:00,25.31,41.55,96.4,-61.7,v2.0.1,online
AH-00027,2026-06-02 12:46:00,17.97,49.0,74.5,-72.2,v1.5.0,online
AH-00049,2026-06-02 12:49:00,24.59,47.17,73.8,-58.2,v2.0.1,online
AH-00179,2026-06-02 12:49:00,25.38,47.5,83.0,-67.8,v1.5.0,online
AH-00072,2026-06-02 12:50:00,20.36,60.5,99.4,-67.0,v2.0.1,maintenance
AH-00198,2026-06-02 12:50:00,27.32,46.25,58.7,-52.5,v2.1.0,maintenance
AH-00165,2026-06-02 12:51:00,15.42,39.66,78.0,-68.7,v2.1.0,online
AH-00074,2026-06-02 12:52:00,23.86,33.38,65.8,-59.5,v2.0.1,online
AH-00053,2026-06-02 12:55:00,21.22,47.6,98.7,-68.7,v2.1.0,online
AH-00082,2026-06-02 12:56:00,23.8,37.77,83.6,-65.6,v2.0.1,online
AH-00147,2026-06-02 12:57:00,19.08,61.99,100.0,-62.3,v1.5.0,online
AH-00058,2026-06-02 12:58:00,22.1,47.81,91.5,-62.7,v2.0.1,online
AH-00008,2026-06-02 12:58:00,20.89,41.24,66.2,-73.6,v2.1.0,online
AH-00102,2026-06-02 13:00:00,18.32,53.74,76.9,-71.2,v2.0.1,online
AH-00188,2026-06-02 13:01:00,23.58,38.89,46.6,-52.7,v2.1.0,online
AH-00180,2026-06-02 13:01:00,13.78,27.88,84.0,-65.0,v2.0.1,online
AH-00093,2026-06-02 13:02:00,21.04,50.81,79.8,-46.8,v2.1.0,online
AH-00161,2026-06-02 13:04:00,25.66,51.82,76.7,-74.2,v1.5.0,online
AH-00114,2026-06-02 13:04:00,22.89,43.06,91.6,-62.2,v2.0.1,online
AH-00019,2026-06-02 13:06:00,23.26,44.18,77.1,-61.7,v2.0.1,offline
AH-00057,2026-06-02 13:06:00,20.39,50.84,68.2,-58.5,v2.0.1,online
AH-00140,2026-06-02 13:07:00,22.08,42.86,100.0,-54.8,v2.1.0,online
AH-00188,2026-06-02 13:08:00,25.87,42.2,49.4,-76.7,v1.5.0,online
AH-00106,2026-06-02 13:08:00,22.12,30.64,73.0,-61.3,v2.0.1,online
AH-00064,2026-06-02 13:09:00,19.6,56.33,77.0,-70.1,v1.4.2,online
AH-00025,2026-06-02 13:10:00,27.17,38.67,78.8,-79.7,v1.4.2,online
AH-00135,2026-06-02 13:10:00,17.08,48.34,59.1,-77.0,v1.5.0,online
AH-00124,2026-06-02 13:12:00,25.4,47.76,79.3,-79.5,v2.1.0,online
AH-00022,2026-06-02 13:12:00,18.04,40.6,59.8,-53.8,v1.4.2,online
AH-00169,2026-06-02 13:12:00,19.72,33.7,63.8,-68.5,v1.5.0,online
AH-00072,2026-06-02 13:13:00,24.39,42.01,59.0,-49.4,v2.0.1,online
AH-00147,2026-06-02 13:13:00,22.9,47.69,74.6,-54.7,v1.4.2,maintenance
AH-00007,2026-06-02 13:15:00,29.04,33.61,91.1,-59.8,v2.1.0,online
AH-00152,2026-06-02 13:15:00,16.62,24.97,72.5,-68.3,v1.5.0,offline
AH-00104,2026-06-02 13:16:00,26.06,37.46,75.1,-60.3,v1.5.0,offline
AH-00199,2026-06-02 13:16:00,19.61,43.09,74.9,-61.8,v2.0.1,online
AH-00023,2026-06-02 13:20:00,22.99,47.34,100.0,-65.9,v1.5.0,online
AH-00093,2026-06-02 13:20:00,22.16,33.64,87.0,-52.8,v1.4.2,online
AH-00190,2026-06-02 13:21:00,23.58,40.71,100.0,-55.1,v1.5.0,online
AH-00074,2026-06-02 13:22:00,21.78,42.11,60.6,-62.5,v2.0.1,online
AH-00108,2026-06-02 13:22:00,25.19,54.06,72.2,-74.9,v2.1.0,online
AH-00164,2026-06-02 13:22:00,22.56,50.63,92.3,-73.0,v1.5.0,online
AH-00090,2026-06-02 13:22:00,19.55,60.23,74.8,-48.6,v2.0.1,online
AH-00176,2026-06-02 13:24:00,21.78,40.11,74.1,-62.7,v2.1.0,online
AH-00016,2026-06-02 13:24:00,21.28,38.4,72.1,-65.5,v2.1.0,online
AH-00094,2026-06-02 13:25:00,21.9,52.01,77.8,-62.5,v2.1.0,online
AH-00167,2026-06-02 13:25:00,16.41,53.13,81.5,-67.6,v2.0.1,online
AH-00196,2026-06-02 13:26:00,17.81,36.77,79.8,-71.6,v2.1.0,online
AH-00191,2026-06-02 13:27:00,20.89,36.78,62.9,-61.6,v2.1.0,online
AH-00171,2026-06-02 13:33:00,26.92,48.22,84.4,-58.8,v1.4.2,online
AH-00024,2026-06-02 13:33:00,25.27,41.54,90.5,-59.7,v1.5.0,online
AH-00175,2026-06-02 13:33:00,22.83,42.95,74.3,-52.3,v1.5.0,online
AH-00107,2026-06-02 13:33:00,27.06,50.89,67.3,-75.5,v2.0.1,online
AH-00167,2026-06-02 13:34:00,21.83,42.8,78.6,-55.4,v2.1.0,online
AH-00080,2026-06-02 13:34:00,22.49,31.67,86.6,-69.7,v1.5.0,online
AH-00033,2026-06-02 13:35:00,21.18,38.36,90.3,-51.4,v1.5.0,online
AH-00155,2026-06-02 13:35:00,18.27,51.07,72.1,-69.8,v2.0.1,online
AH-00108,2026-06-02 13:35:00,20.57,44.84,88.6,-62.1,v2.1.0,online
AH-00065,2026-06-02 13:35:00,24.39,58.83,86.9,-48.3,v2.0.1,online
AH-00058,2026-06-02 13:36:00,25.92,51.29,100.0,-74.7,v2.0.1,online
AH-00041,2026-06-02 13:36:00,23.81,44.11,88.3,-71.4,v2.0.1,online
AH-00134,2026-06-02 13:41:00,26.71,47.75,67.5,-77.8,v1.5.0,online
AH-00192,2026-06-02 13:43:00,18.71,49.86,77.5,-73.6,v2.0.1,online
AH-00037,2026-06-02 13:44:00,21.39,39.62,65.5,-55.6,v2.1.0,online
AH-00022,2026-06-02 13:44:00,22.33,44.37,94.4,-65.3,v1.5.0,online
AH-00127,2026-06-02 13:45:00,21.98,35.81,73.2,-58.2,v2.0.1,online
AH-00117,2026-06-02 13:45:00,19.22,46.82,72.5,-61.6,v2.0.1,online
AH-00068,2026-06-02 13:48:00,21.71,55.38,75.1,-63.8,v1.4.2,online
AH-00179,2026-06-02 13:49:00,25.82,47.0,71.0,-51.2,v1.5.0,online
AH-00181,2026-06-02 13:49:00,22.64,43.74,90.5,-52.1,v2.0.1,online
AH-00093,2026-06-02 13:50:00,24.35,38.21,74.6,-59.9,v1.4.2,online
AH-00039,2026-06-02 13:50:00,26.89,46.02,92.7,-60.4,v2.0.1,online
AH-00080,2026-06-02 13:51:00,18.97,33.53,88.0,-72.9,v1.4.2,offline
AH-00136,2026-06-02 13:51:00,19.95,32.22,65.9,-67.0,v1.5.0,online
AH-00079,2026-06-02 13:53:00,20.6,33.22,93.4,-66.3,v2.0.1,online
AH-00094,2026-06-02 13:54:00,20.01,40.54,92.6,-65.5,v2.0.1,online
AH-00122,2026-06-02 13:54:00,21.04,43.99,74.8,-50.0,v1.5.0,maintenance
AH-00090,2026-06-02 13:55:00,18.95,42.58,88.9,-66.4,v2.0.1,online
AH-00107,2026-06-02 13:56:00,24.87,45.47,68.0,-60.8,v2.1.0,online
AH-00006,2026-06-02 14:01:00,22.5,49.38,92.3,-78.0,v2.1.0,online
AH-00054,2026-06-02 14:03:00,24.13,40.48,88.9,-69.3,v1.5.0,online
AH-00173,2026-06-02 14:05:00,19.93,49.88,89.9,-69.1,v2.0.1,online
AH-00075,2026-06-02 14:07:00,20.59,56.8,65.1,-53.3,v1.5.0,maintenance
AH-00055,2026-06-02 14:08:00,23.99,53.69,85.9,-67.1,v2.1.0,online
AH-00059,2026-06-02 14:08:00,24.08,52.78,60.9,-58.9,v1.5.0,online
AH-00120,2026-06-02 14:09:00,22.87,48.54,76.4,-56.5,v2.1.0,online
AH-00186,2026-06-02 14:10:00,20.67,52.92,84.2,-54.1,v2.0.1,online
AH-00168,2026-06-02 14:10:00,23.0,49.38,70.1,-67.2,v2.0.1,online
AH-00121,2026-06-02 14:12:00,20.74,39.35,79.0,-56.1,v1.5.0,offline
AH-00040,2026-06-02 14:14:00,24.23,34.76,76.5,-60.1,v1.4.2,online
AH-00071,2026-06-02 14:14:00,20.27,52.45,55.2,-56.6,v1.5.0,offline
AH-00172,2026-06-02 14:15:00,16.03,57.3,94.0,-53.5,v2.0.1,maintenance
AH-00081,2026-06-02 14:16:00,21.58,48.73,83.2,-47.6,v1.5.0,online
AH-00174,2026-06-02 14:17:00,24.51,44.22,75.4,-63.2,v2.0.1,maintenance
AH-00183,2026-06-02 14:17:00,17.25,30.75,66.9,-57.8,v2.0.1,online
AH-00161,2026-06-02 14:20:00,20.31,38.67,84.0,-57.8,v2.0.1,online
AH-00131,2026-06-02 14:21:00,21.52,47.83,82.7,-73.7,v2.1.0,online
AH-00079,2026-06-02 14:24:00,21.4,53.24,81.3,-61.6,v1.5.0,online
AH-00069,2026-06-02 14:26:00,21.96,45.76,100.0,-75.8,v2.0.1,maintenance
AH-00039,2026-06-02 14:26:00,24.77,59.08,92.3,-73.8,v1.5.0,maintenance
AH-00110,2026-06-02 14:27:00,14.84,37.31,83.2,-70.0,v1.4.2,online
AH-00159,2026-06-02 14:28:00,22.62,55.22,77.5,-53.1,v1.4.2,online
AH-00158,2026-06-02 14:30:00,23.44,43.95,77.4,-49.1,v2.0.1,online
AH-00153,2026-06-02 14:32:00,19.17,60.52,83.4,-59.9,v2.0.1,online
AH-00098,2026-06-02 14:33:00,19.14,51.54,100.0,-58.4,v2.0.1,online
AH-00075,2026-06-02 14:33:00,15.75,34.41,89.2,-69.9,v2.1.0,online
AH-00139,2026-06-02 14:33:00,21.8,43.28,76.6,-61.2,v2.0.1,online
AH-00060,2026-06-02 14:35:00,24.71,37.65,69.5,-56.9,v2.1.0,online
AH-00098,2026-06-02 14:35:00,23.42,45.95,52.9,-56.4,v1.4.2,online
AH-00037,2026-06-02 14:35:00,20.78,46.89,87.3,-62.8,v1.5.0,maintenance
AH-00146,2026-06-02 14:37:00,22.51,48.96,78.4,-72.7,v2.1.0,online
AH-00019,2026-06-02 14:38:00,20.9,52.53,78.5,-66.3,v2.0.1,online
AH-00028,2026-06-02 14:38:00,20.97,44.49,77.9,-68.5,v2.0.1,offline
AH-00199,2026-06-02 14:38:00,15.39,47.84,75.3,-52.1,v2.0.1,offline
AH-00144,2026-06-02 14:40:00,18.39,45.56,76.9,-62.9,v1.4.2,online
AH-00002,2026-06-02 14:42:00,27.97,53.99,77.9,-63.1,v1.5.0,online
AH-00192,2026-06-02 14:42:00,22.14,51.08,85.4,-76.1,v1.5.0,online
AH-00025,2026-06-02 14:43:00,17.79,59.35,66.6,-56.0,v1.5.0,online
AH-00195,2026-06-02 14:45:00,23.45,45.29,95.8,-52.8,v2.1.0,online
AH-00029,2026-06-02 14:45:00,20.65,64.83,100.0,-55.5,v1.4.2,online
AH-00161,2026-06-02 14:46:00,21.87,58.8,93.9,-73.8,v1.5.0,online
AH-00002,2026-06-02 14:47:00,18.54,61.83,83.3,-47.7,v1.5.0,offline
AH-00195,2026-06-02 14:48:00,23.78,53.05,85.9,-68.7,v2.0.1,online
AH-00115,2026-06-02 14:49:00,16.65,45.31,100.0,-70.2,v1.5.0,offline
AH-00090,2026-06-02 14:49:00,23.66,40.24,50.4,-58.4,v1.5.0,online
AH-00077,2026-06-02 14:50:00,20.57,54.32,64.5,-59.4,v2.1.0,online
AH-00094,2026-06-02 14:53:00,20.83,48.23,78.1,-59.7,v2.0.1,online
AH-00123,2026-06-02 14:55:00,23.55,56.4,47.0,-67.1,v1.5.0,online
AH-00069,2026-06-02 14:55:00,21.23,46.54,91.1,-68.4,v2.0.1,online
AH-00191,2026-06-02 14:56:00,24.65,48.68,71.5,-59.1,v2.0.1,online
AH-00026,2026-06-02 14:56:00,21.82,37.65,72.8,-63.1,v2.0.1,offline
AH-00041,2026-06-02 14:57:00,19.53,43.25,78.7,-47.1,v1.5.0,online
AH-00165,2026-06-02 14:59:00,19.07,43.05,55.2,-54.6,v1.5.0,online
AH-00032,2026-06-02 15:00:00,25.52,35.28,84.1,-60.7,v2.1.0,online
AH-00142,2026-06-02 15:00:00,19.06,38.74,98.7,-66.8,v2.0.1,online
AH-00122,2026-06-02 15:01:00,20.88,52.82,92.4,-57.5,v2.1.0,online
AH-00046,2026-06-02 15:02:00,23.44,49.49,75.7,-60.6,v1.5.0,online
AH-00190,2026-06-02 15:02:00,23.59,42.34,76.4,-58.7,v1.5.0,offline
AH-00083,2026-06-02 15:02:00,27.31,24.7,83.3,-60.9,v2.1.0,online
AH-00095,2026-06-02 15:05:00,21.01,47.65,89.0,-62.2,v2.1.0,online
AH-00155,2026-06-02 15:05:00,23.83,60.86,72.8,-62.4,v1.5.0,online
AH-00081,2026-06-02 15:05:00,20.85,46.92,78.2,-61.6,v2.0.1,online
AH-00072,2026-06-02 15:05:00,20.24,33.12,92.3,-74.2,v1.5.0,online
AH-00028,2026-06-02 15:07:00,19.46,40.0,88.0,-65.6,v1.4.2,offline
AH-00062,2026-06-02 15:08:00,23.32,53.99,82.8,-67.9,v2.1.0,offline
AH-00134,2026-06-02 15:09:00,22.76,58.74,88.9,-62.6,v1.4.2,online
AH-00194,2026-06-02 15:10:00,22.9,38.41,90.6,-65.7,v2.1.0,online
AH-00145,2026-06-02 15:11:00,23.72,47.49,77.6,-64.2,v1.5.0,online
AH-00066,2026-06-02 15:14:00,22.63,46.86,93.5,-68.0,v1.4.2,online
AH-00200,2026-06-02 15:14:00,21.8,31.9,57.8,-54.8,v2.0.1,online
AH-00057,2026-06-02 15:14:00,22.04,41.46,56.2,-68.5,v2.0.1,online
AH-00043,2026-06-02 15:15:00,24.48,47.66,66.7,-62.7,v1.5.0,online
AH-00159,2026-06-02 15:16:00,16.08,53.2,90.6,-49.9,v1.5.0,online
AH-00166,2026-06-02 15:16:00,25.15,36.34,63.9,-70.7,v1.5.0,online
AH-00041,2026-06-02 15:18:00,23.16,42.3,87.9,-67.1,v2.0.1,online
AH-00056,2026-06-02 15:18:00,18.36,40.81,73.4,-77.5,v2.0.1,offline
AH-00150,2026-06-02 15:18:00,21.61,43.56,62.5,-44.8,v1.4.2,maintenance
AH-00123,2026-06-02 15:18:00,21.32,43.43,47.6,-53.6,v2.1.0,online
AH-00018,2026-06-02 15:18:00,20.88,34.5,70.7,-60.9,v2.0.1,online
AH-00024,2026-06-02 15:18:00,23.72,44.1,78.9,-66.4,v2.1.0,offline
AH-00188,2026-06-02 15:19:00,22.15,45.22,67.6,-75.3,v2.1.0,online
AH-00088,2026-06-02 15:20:00,20.38,51.51,74.6,-72.5,v2.1.0,online
AH-00024,2026-06-02 15:22:00,23.7,26.85,88.9,-51.4,v2.0.1,online
AH-00169,2026-06-02 15:22:00,20.43,37.42,69.7,-73.5,v2.1.0,online
AH-00169,2026-06-02 15:22:00,22.97,38.91,68.2,-48.9,v2.0.1,online
AH-00175,2026-06-02 15:23:00,19.12,49.37,94.2,-53.5,v2.1.0,online
AH-00110,2026-06-02 15:24:00,22.53,40.8,79.4,-53.5,v1.5.0,online
AH-00123,2026-06-02 15:25:00,20.97,39.7,83.9,-56.0,v2.0.1,online
AH-00006,2026-06-02 15:26:00,23.92,45.71,80.7,-66.3,v2.0.1,online
AH-00021,2026-06-02 15:26:00,25.85,34.97,70.3,-59.6,v2.1.0,maintenance
AH-00102,2026-06-02 15:27:00,22.41,45.5,69.5,-70.1,v2.1.0,online
AH-00154,2026-06-02 15:28:00,26.98,43.89,70.3,-56.4,v1.5.0,online
AH-00028,2026-06-02 15:29:00,27.27,45.86,71.9,-59.7,v2.0.1,online
AH-00187,2026-06-02 15:29:00,27.35,44.87,75.1,-65.0,v1.5.0,online
AH-00097,2026-06-02 15:30:00,23.56,36.44,78.2,-57.4,v2.1.0,online
AH-00037,2026-06-02 15:30:00,20.55,47.89,73.4,-40.6,v1.5.0,online
AH-00181,2026-06-02 15:31:00,18.21,44.18,88.5,-68.6,v2.0.1,online
AH-00031,2026-06-02 15:31:00,18.22,59.2,76.4,-70.7,v2.0.1,online
AH-00050,2026-06-02 15:32:00,22.5,26.66,80.1,-79.6,v1.5.0,online
AH-00196,2026-06-02 15:32:00,14.74,44.3,66.0,-57.9,v2.0.1,online
AH-00025,2026-06-02 15:32:00,30.04,40.24,63.4,-60.3,v2.0.1,online
AH-00038,2026-06-02 15:32:00,17.91,44.18,62.7,-58.2,v1.4.2,online
AH-00049,2026-06-02 15:34:00,16.42,37.17,76.8,-61.9,v2.0.1,offline
AH-00021,2026-06-02 15:35:00,22.17,47.46,88.6,-61.7,v1.5.0,online
AH-00166,2026-06-02 15:35:00,20.01,36.35,80.1,-66.7,v1.5.0,online
AH-00077,2026-06-02 15:35:00,20.66,44.13,74.5,-53.8,v2.1.0,online
AH-00187,2026-06-02 15:36:00,20.5,32.11,79.7,-45.7,v2.0.1,online
AH-00014,2026-06-02 15:36:00,19.19,37.33,73.2,-54.9,v2.0.1,online
AH-00165,2026-06-02 15:36:00,19.84,55.09,91.9,-57.0,v2.0.1,online
AH-00073,2026-06-02 15:37:00,23.23,62.15,89.3,-62.3,v2.1.0,online
AH-00007,2026-06-02 15:38:00,14.13,40.69,77.2,-68.4,v2.1.0,offline
AH-00108,2026-06-02 15:39:00,23.45,41.31,88.3,-51.1,v2.1.0,online
AH-00155,2026-06-02 15:39:00,19.08,48.3,71.4,-56.3,v1.5.0,online
AH-00052,2026-06-02 15:40:00,21.09,40.33,86.5,-46.3,v2.1.0,online
AH-00148,2026-06-02 15:40:00,23.28,51.53,74.9,-51.6,v1.5.0,online
AH-00039,2026-06-02 15:40:00,22.58,55.23,89.1,-63.6,v1.5.0,online
AH-00006,2026-06-02 15:41:00,22.71,36.76,79.0,-58.1,v1.5.0,online
AH-00019,2026-06-02 15:42:00,18.19,43.45,91.3,-72.2,v2.1.0,online
AH-00042,2026-06-02 15:43:00,26.64,50.42,91.4,-62.2,v2.0.1,online
AH-00066,2026-06-02 15:44:00,21.47,45.12,82.7,-74.0,v2.1.0,offline
AH-00150,2026-06-02 15:44:00,22.22,30.64,67.0,-61.9,v1.5.0,online
AH-00028,2026-06-02 15:45:00,20.7,31.74,75.1,-58.8,v1.4.2,online
AH-00045,2026-06-02 15:46:00,26.14,47.97,77.0,-62.8,v2.0.1,online
AH-00147,2026-06-02 15:49:00,24.68,43.36,95.8,-73.3,v1.5.0,online
AH-00076,2026-06-02 15:50:00,21.48,38.64,81.0,-66.3,v2.1.0,online
AH-00096,2026-06-02 15:50:00,20.81,46.18,78.0,-50.3,v2.1.0,online
AH-00155,2026-06-02 15:52:00,22.7,54.95,100.0,-71.5,v1.5.0,online
AH-00103,2026-06-02 15:52:00,21.05,67.94,85.8,-59.2,v1.4.2,online
AH-00058,2026-06-02 15:54:00,16.37,39.33,73.9,-69.4,v2.0.1,online
AH-00146,2026-06-02 15:56:00,21.86,48.2,90.8,-54.2,v2.0.1,maintenance
AH-00009,2026-06-02 15:56:00,19.98,54.75,60.6,-49.8,v1.5.0,offline
AH-00038,2026-06-02 15:56:00,23.93,53.76,78.8,-47.9,v1.5.0,online
AH-00030,2026-06-02 16:00:00,20.38,49.58,67.4,-76.9,v2.0.1,online
AH-00040,2026-06-02 16:00:00,18.49,48.4,100.0,-75.0,v2.0.1,online
AH-00094,2026-06-02 16:02:00,19.54,48.32,76.3,-44.6,v2.1.0,online
AH-00176,2026-06-02 16:03:00,20.17,52.96,87.9,-70.4,v2.0.1,online
AH-00199,2026-06-02 16:04:00,18.61,37.79,81.1,-63.7,v2.1.0,online
AH-00193,2026-06-02 16:05:00,21.68,50.72,62.4,-52.1,v1.4.2,online
AH-00161,2026-06-02 16:05:00,23.96,48.14,75.0,-68.3,v2.0.1,online
AH-00085,2026-06-02 16:07:00,15.32,42.33,79.1,-69.1,v2.0.1,online
AH-00079,2026-06-02 16:11:00,26.11,41.3,93.0,-51.5,v2.0.1,online
AH-00118,2026-06-02 16:12:00,22.79,54.18,77.9,-59.7,v1.5.0,online
AH-00116,2026-06-02 16:13:00,18.87,22.0,83.0,-61.9,v2.0.1,online
AH-00038,2026-06-02 16:14:00,23.95,53.08,92.8,-59.0,v1.5.0,offline
AH-00138,2026-06-02 16:14:00,22.46,35.91,86.6,-51.8,v2.0.1,online
AH-00105,2026-06-02 16:14:00,21.31,48.45,100.0,-72.7,v2.0.1,online
AH-00075,2026-06-02 16:15:00,22.13,44.46,67.4,-69.8,v1.5.0,online
AH-00183,2026-06-02 16:16:00,19.39,57.35,96.8,-75.8,v2.1.0,online
AH-00104,2026-06-02 16:17:00,25.77,43.33,62.5,-65.0,v2.1.0,online
AH-00190,2026-06-02 16:17:00,20.23,46.69,68.7,-59.8,v2.1.0,online
AH-00008,2026-06-02 16:17:00,17.94,38.17,88.2,-65.3,v1.5.0,online
AH-00124,2026-06-02 16:17:00,21.39,41.7,77.1,-68.0,v1.5.0,maintenance
AH-00185,2026-06-02 16:19:00,19.59,36.82,98.0,-59.2,v2.1.0,offline
AH-00153,2026-06-02 16:21:00,24.7,21.2,74.6,-64.5,v2.0.1,online
AH-00058,2026-06-02 16:21:00,22.67,46.82,81.0,-64.1,v2.0.1,online
AH-00081,2026-06-02 16:21:00,21.42,46.58,83.1,-62.7,v2.1.0,online
AH-00179,2026-06-02 16:23:00,21.73,57.48,100.0,-62.6,v2.0.1,maintenance
AH-00139,2026-06-02 16:24:00,21.6,58.43,63.6,-73.8,v1.5.0,online
AH-00115,2026-06-02 16:27:00,23.19,50.83,74.5,-54.4,v1.4.2,offline
AH-00125,2026-06-02 16:29:00,22.75,49.37,79.6,-62.6,v2.1.0,online
AH-00076,2026-06-02 16:29:00,18.28,61.0,92.6,-46.0,v2.0.1,online
AH-00051,2026-06-02 16:30:00,22.07,41.79,91.8,-52.4,v2.0.1,online
AH-00019,2026-06-02 16:31:00,23.04,41.8,86.1,-59.9,v1.4.2,online
AH-00113,2026-06-02 16:32:00,18.56,51.62,75.5,-63.4,v1.5.0,online
AH-00147,2026-06-02 16:32:00,21.0,39.11,68.9,-58.1,v1.5.0,online
AH-00006,2026-06-02 16:34:00,29.78,36.2,94.2,-65.0,v1.5.0,offline
AH-00036,2026-06-02 16:35:00,18.06,41.6,76.1,-65.6,v2.0.1,online
AH-00184,2026-06-02 16:39:00,26.5,43.92,80.7,-56.6,v2.0.1,offline
AH-00165,2026-06-02 16:42:00,22.41,45.0,85.7,-63.8,v2.0.1,online
AH-00096,2026-06-02 16:44:00,26.46,54.36,82.5,-57.1,v2.0.1,maintenance
AH-00020,2026-06-02 16:44:00,19.09,43.97,90.6,-60.3,v2.0.1,offline
AH-00198,2026-06-02 16:46:00,20.4,35.84,87.4,-54.5,v2.0.1,offline
AH-00088,2026-06-02 16:46:00,17.81,41.12,97.8,-68.2,v2.0.1,online
AH-00186,2026-06-02 16:46:00,16.96,40.0,99.0,-58.1,v1.5.0,online
AH-00061,2026-06-02 16:46:00,17.69,33.41,100.0,-77.2,v1.5.0,online
AH-00085,2026-06-02 16:47:00,18.59,41.3,85.4,-54.2,v1.5.0,offline
AH-00194,2026-06-02 16:49:00,22.35,51.12,100.0,-75.9,v2.1.0,online
AH-00053,2026-06-02 16:52:00,19.8,44.44,72.5,-61.9,v2.0.1,online
AH-00173,2026-06-02 16:54:00,22.44,33.89,68.7,-62.0,v2.1.0,online
AH-00195,2026-06-02 16:55:00,23.21,38.91,66.5,-57.0,v1.4.2,offline
AH-00121,2026-06-02 16:55:00,17.16,40.63,80.7,-66.5,v2.0.1,online
AH-00134,2026-06-02 16:56:00,20.73,48.88,70.0,-64.3,v2.1.0,online
AH-00065,2026-06-02 16:56:00,19.84,38.06,74.4,-68.2,v2.1.0,maintenance
AH-00004,2026-06-02 16:57:00,26.65,41.31,100.0,-67.7,v1.5.0,offline
AH-00016,2026-06-02 16:57:00,24.02,35.08,66.1,-68.3,v2.1.0,online
AH-00062,2026-06-02 16:58:00,20.11,51.2,78.4,-74.8,v1.4.2,online
AH-00111,2026-06-02 16:58:00,20.82,43.87,62.2,-78.1,v1.4.2,online
AH-00099,2026-06-02 17:02:00,19.85,54.08,65.8,-44.8,v2.1.0,offline
AH-00170,2026-06-02 17:02:00,23.8,42.91,73.4,-60.8,v1.5.0,online
AH-00026,2026-06-02 17:02:00,17.91,37.3,86.4,-72.4,v2.1.0,offline
AH-00027,2026-06-02 17:02:00,22.05,44.06,100.0,-62.3,v2.0.1,online
AH-00062,2026-06-02 17:04:00,22.11,47.36,68.2,-68.4,v2.0.1,online
AH-00080,2026-06-02 17:06:00,22.58,55.43,69.8,-66.4,v1.4.2,online
AH-00186,2026-06-02 17:07:00,20.99,36.7,81.8,-64.2,v2.0.1,online
AH-00098,2026-06-02 17:07:00,18.06,40.7,97.2,-70.6,v2.0.1,online
AH-00068,2026-06-02 17:09:00,21.64,45.45,100.0,-67.8,v2.0.1,online
AH-00122,2026-06-02 17:11:00,17.51,53.78,82.5,-56.2,v1.5.0,online
AH-00125,2026-06-02 17:11:00,20.1,51.32,85.7,-65.6,v1.5.0,maintenance
AH-00172,2026-06-02 17:11:00,21.44,63.43,47.6,-62.1,v1.5.0,online
AH-00148,2026-06-02 17:16:00,20.84,40.2,63.6,-64.5,v2.0.1,online
AH-00047,2026-06-02 17:17:00,15.63,50.14,51.4,-63.4,v2.0.1,online
AH-00043,2026-06-02 17:17:00,20.06,56.11,82.9,-58.9,v1.4.2,online
AH-00035,2026-06-02 17:18:00,16.65,37.31,80.6,-49.7,v2.0.1,online
AH-00122,2026-06-02 17:20:00,21.85,46.09,61.7,-47.2,v2.0.1,offline
AH-00179,2026-06-02 17:20:00,15.99,48.53,83.0,-65.6,v2.0.1,online
AH-00185,2026-06-02 17:22:00,17.86,53.86,65.5,-65.2,v1.4.2,online
AH-00186,2026-06-02 17:22:00,20.55,46.56,88.2,-64.3,v1.5.0,online
AH-00171,2026-06-02 17:23:00,23.29,55.37,75.9,-64.3,v2.0.1,online
AH-00034,2026-06-02 17:24:00,16.78,49.07,88.5,-68.0,v2.1.0,online
AH-00075,2026-06-02 17:25:00,21.96,47.2,73.3,-60.8,v2.0.1,online
AH-00042,2026-06-02 17:25:00,18.1,42.19,74.1,-64.3,v1.4.2,online
AH-00018,2026-06-02 17:26:00,20.95,32.5,90.5,-57.7,v2.1.0,online
AH-00096,2026-06-02 17:27:00,25.22,64.18,63.3,-56.7,v2.0.1,online
AH-00188,2026-06-02 17:28:00,23.58,56.27,84.4,-64.6,v1.5.0,online
AH-00018,2026-06-02 17:28:00,19.26,38.95,83.1,-73.2,v1.5.0,online
AH-00199,2026-06-02 17:29:00,23.16,48.48,81.8,-60.5,v1.5.0,offline
AH-00087,2026-06-02 17:29:00,19.07,40.43,79.6,-56.9,v1.5.0,online
AH-00002,2026-06-02 17:29:00,16.83,40.35,86.5,-68.4,v2.1.0,offline
AH-00159,2026-06-02 17:31:00,28.72,45.97,94.7,-65.1,v2.0.1,online
AH-00183,2026-06-02 17:31:00,21.17,51.32,89.5,-55.1,v2.0.1,online
AH-00120,2026-06-02 17:34:00,21.5,36.49,84.9,-59.9,v1.4.2,online
AH-00002,2026-06-02 17:36:00,16.87,37.24,78.7,-65.3,v2.0.1,online
AH-00065,2026-06-02 17:36:00,23.63,30.01,86.0,-50.9,v2.0.1,offline
AH-00187,2026-06-02 17:36:00,22.22,47.82,87.1,-54.6,v1.5.0,online
AH-00164,2026-06-02 17:36:00,25.37,41.76,83.2,-56.5,v2.0.1,online
AH-00044,2026-06-02 17:38:00,26.05,43.58,86.2,-65.4,v2.1.0,online
AH-00076,2026-06-02 17:41:00,24.14,46.49,94.6,-55.0,v2.1.0,offline
AH-00121,2026-06-02 17:42:00,16.95,,70.3,-63.1,v2.1.0,online
AH-00153,2026-06-02 17:43:00,20.63,39.19,84.6,-58.7,v1.4.2,online
AH-00099,2026-06-02 17:44:00,17.09,54.67,89.7,-62.4,v1.4.2,online
AH-00009,2026-06-02 17:44:00,24.6,56.06,60.6,-57.1,v2.0.1,online
AH-00160,2026-06-02 17:46:00,24.6,41.28,73.6,-55.2,v2.1.0,online
AH-00146,2026-06-02 17:46:00,20.28,45.01,83.8,-61.6,v2.1.0,online
AH-00148,2026-06-02 17:48:00,20.9,33.51,78.7,-64.2,v2.0.1,offline
AH-00140,2026-06-02 17:48:00,19.46,56.74,73.8,-53.2,v1.4.2,online
AH-00103,2026-06-02 17:50:00,18.78,48.38,53.2,-58.0,v2.0.1,online
AH-00122,2026-06-02 17:50:00,17.78,58.75,71.9,-46.2,v2.0.1,online
AH-00106,2026-06-02 17:50:00,26.41,43.53,44.5,-81.7,v2.1.0,online
AH-00034,2026-06-02 17:50:00,20.84,36.47,74.9,-64.9,v1.5.0,online
AH-00019,2026-06-02 17:54:00,20.89,46.69,80.7,-76.2,v2.0.1,online
AH-00021,2026-06-02 17:55:00,20.75,46.19,83.2,-62.3,v2.1.0,online
AH-00027,2026-06-02 17:55:00,23.48,42.92,69.4,-56.1,v1.5.0,offline
AH-00081,2026-06-02 17:55:00,19.79,39.12,87.4,-68.4,v1.4.2,offline
AH-00175,2026-06-02 17:56:00,18.98,43.49,75.4,-69.3,v1.4.2,online
AH-00198,2026-06-02 17:58:00,20.4,35.29,76.9,-75.3,v1.5.0,online
AH-00123,2026-06-02 17:59:00,19.84,35.07,79.3,-60.5,v1.5.0,online
AH-00145,2026-06-02 18:01:00,26.84,61.29,86.6,-68.6,v1.5.0,online
AH-00074,2026-06-02 18:02:00,22.75,39.14,90.9,-54.6,v2.1.0,online
AH-00167,2026-06-02 18:06:00,21.87,44.92,97.0,-70.3,v2.0.1,online
AH-00032,2026-06-02 18:07:00,25.86,46.07,87.6,-77.0,v2.1.0,online
AH-00056,2026-06-02 18:08:00,20.83,55.72,84.8,-68.3,v2.0.1,online
AH-00072,2026-06-02 18:08:00,19.18,36.7,89.0,-51.8,v2.0.1,online
AH-00132,2026-06-02 18:09:00,19.73,41.62,76.3,-63.0,v2.0.1,offline
AH-00103,2026-06-02 18:09:00,19.64,38.45,82.3,-59.6,v2.0.1,online
AH-00051,2026-06-02 18:09:00,21.13,50.35,60.7,-57.8,v1.5.0,offline
AH-00074,2026-06-02 18:10:00,25.86,41.29,60.8,-55.9,v1.5.0,online
AH-00038,2026-06-02 18:11:00,25.8,44.43,93.8,-75.5,v1.5.0,online
AH-00045,2026-06-02 18:11:00,24.82,54.19,93.2,-70.6,v2.1.0,online
AH-00175,2026-06-02 18:12:00,18.49,45.78,61.6,-68.5,v2.1.0,online
AH-00183,2026-06-02 18:12:00,21.9,49.35,93.0,-63.9,v2.0.1,maintenance
AH-00107,2026-06-02 18:12:00,23.01,43.21,77.8,-67.5,v1.5.0,offline
AH-00045,2026-06-02 18:13:00,17.77,47.3,69.5,-70.5,v2.1.0,online
AH-00190,2026-06-02 18:13:00,20.41,43.99,80.4,-61.4,v2.0.1,online
AH-00147,2026-06-02 18:15:00,23.27,41.09,87.1,-59.6,v2.0.1,online
AH-00088,2026-06-02 18:15:00,20.01,45.06,63.3,-59.8,v1.5.0,online
AH-00019,2026-06-02 18:16:00,21.31,48.8,82.0,-59.1,v2.0.1,online
AH-00144,2026-06-02 18:16:00,20.4,35.75,65.4,-60.1,v1.5.0,online
AH-00074,2026-06-02 18:16:00,18.89,30.42,90.9,-68.8,v1.4.2,online
AH-00056,2026-06-02 18:18:00,19.31,51.56,73.3,-59.1,v2.1.0,online
AH-00077,2026-06-02 18:18:00,21.97,37.15,68.5,-51.0,v2.0.1,online
AH-00188,2026-06-02 18:21:00,22.64,48.64,68.2,-68.6,v2.1.0,online
AH-00122,2026-06-02 18:21:00,14.2,46.93,92.9,-69.5,v1.4.2,offline
AH-00192,2026-06-02 18:23:00,20.29,51.16,83.8,-75.6,v2.0.1,online
AH-00192,2026-06-02 18:23:00,19.51,39.39,85.6,-48.7,v2.0.1,online
AH-00197,2026-06-02 18:26:00,23.33,40.09,76.9,-65.8,v2.0.1,offline
AH-00005,2026-06-02 18:27:00,21.92,48.67,78.5,-64.8,v2.0.1,online
AH-00134,2026-06-02 18:28:00,23.83,38.74,77.4,-77.8,v1.4.2,maintenance
AH-00008,2026-06-02 18:30:00,14.59,42.35,100.0,-58.1,v1.5.0,online
AH-00139,2026-06-02 18:31:00,21.88,36.19,76.6,-66.9,v2.0.1,online
AH-00191,2026-06-02 18:33:00,26.21,50.44,87.0,-52.4,v2.1.0,online
AH-00027,2026-06-02 18:33:00,24.23,34.47,88.2,-71.9,v1.5.0,online
AH-00012,2026-06-02 18:33:00,20.68,34.71,53.4,-67.9,v2.1.0,offline
AH-00062,2026-06-02 18:34:00,21.73,45.46,81.5,-57.1,v2.0.1,online
AH-00181,2026-06-02 18:35:00,18.95,49.19,65.7,-68.3,v1.5.0,offline
AH-00053,2026-06-02 18:35:00,17.54,51.42,68.9,-54.0,v1.5.0,online
AH-00085,2026-06-02 18:36:00,21.19,47.77,100.0,-62.1,v2.1.0,online
AH-00154,2026-06-02 18:36:00,20.94,45.24,100.0,-55.8,v2.0.1,online
AH-00167,2026-06-02 18:36:00,20.47,53.19,65.8,-80.2,v2.0.1,online
AH-00035,2026-06-02 18:37:00,18.6,46.16,75.7,-58.3,v1.4.2,online
AH-00022,2026-06-02 18:37:00,22.24,46.34,97.2,-54.9,v1.4.2,online
AH-00193,2026-06-02 18:37:00,25.25,47.26,76.6,-46.7,v1.5.0,online
AH-00015,2026-06-02 18:39:00,24.37,52.72,84.5,-47.0,v2.0.1,online
AH-00046,2026-06-02 18:39:00,19.32,49.03,77.1,-68.7,v2.0.1,online
AH-00063,2026-06-02 18:40:00,22.69,42.99,95.1,-67.2,v2.1.0,online
AH-00198,2026-06-02 18:40:00,18.7,51.8,54.0,-79.9,v2.0.1,online
AH-00049,2026-06-02 18:40:00,21.79,40.33,64.7,-63.1,v1.4.2,online
AH-00061,2026-06-02 18:41:00,24.08,44.72,73.5,-53.8,v2.0.1,online
AH-00150,2026-06-02 18:42:00,29.23,60.06,89.4,-50.1,v2.1.0,online
AH-00035,2026-06-02 18:42:00,20.59,36.76,61.0,-79.2,v2.0.1,offline
AH-00196,2026-06-02 18:44:00,26.24,42.66,92.8,-61.1,v2.0.1,maintenance
AH-00076,2026-06-02 18:44:00,21.43,35.61,74.9,-66.6,v2.1.0,offline
AH-00083,2026-06-02 18:50:00,19.73,36.82,80.2,-64.8,v2.1.0,online
AH-00102,2026-06-02 18:50:00,20.94,45.54,96.2,-63.4,v1.5.0,online
AH-00101,2026-06-02 18:50:00,19.18,30.43,74.4,-64.6,v2.0.1,offline
AH-00194,2026-06-02 18:51:00,25.4,35.42,71.6,-53.1,v1.4.2,online
AH-00141,2026-06-02 18:51:00,22.23,37.53,75.0,-53.8,v1.5.0,offline
AH-00156,2026-06-02 18:51:00,21.3,42.26,85.0,-63.9,v2.0.1,online
AH-00185,2026-06-02 18:52:00,21.03,43.09,72.6,-64.4,v1.5.0,offline
AH-00043,2026-06-02 18:54:00,26.39,45.1,72.9,-56.2,v2.0.1,online
AH-00087,2026-06-02 18:54:00,18.29,52.39,67.5,-59.3,v1.5.0,online
AH-00026,2026-06-02 18:57:00,21.42,48.28,75.7,-58.9,v2.0.1,online
AH-00058,2026-06-02 18:58:00,17.72,50.79,80.7,-58.8,v1.5.0,online
AH-00100,2026-06-02 18:59:00,18.3,54.0,69.7,-74.1,v1.5.0,online
AH-00024,2026-06-02 18:59:00,20.37,42.7,64.2,-64.5,v2.1.0,maintenance
AH-00146,2026-06-02 19:00:00,21.39,60.89,79.9,-68.9,v2.1.0,online
AH-00113,2026-06-02 19:01:00,24.03,48.82,74.4,-63.5,v1.5.0,online
AH-00056,2026-06-02 19:02:00,17.38,41.25,79.8,-66.9,v2.0.1,online
AH-00153,2026-06-02 19:02:00,17.05,56.74,82.9,-56.2,v2.0.1,online
AH-00125,2026-06-02 19:03:00,22.06,52.96,85.3,-54.5,v1.5.0,online
AH-00022,2026-06-02 19:04:00,24.73,51.19,89.1,-65.6,v2.0.1,offline
AH-00195,2026-06-02 19:04:00,22.76,48.21,52.2,-67.6,v2.1.0,online
AH-00200,2026-06-02 19:07:00,15.94,37.61,65.5,-64.2,v2.0.1,online
AH-00014,2026-06-02 19:07:00,22.29,35.27,93.3,-62.5,v2.0.1,online
AH-00169,2026-06-02 19:08:00,24.68,48.28,73.8,-56.1,v2.0.1,online
AH-00081,2026-06-02 19:08:00,25.09,46.35,72.9,-75.8,v2.1.0,online
AH-00131,2026-06-02 19:09:00,18.5,46.04,84.2,-57.1,v2.0.1,offline
AH-00019,2026-06-02 19:09:00,19.82,42.37,68.5,-65.7,v1.5.0,online
AH-00059,2026-06-02 19:10:00,26.28,36.92,93.9,-68.8,v2.1.0,online
AH-00023,2026-06-02 19:11:00,19.04,47.97,69.4,-80.7,v2.0.1,online
AH-00087,2026-06-02 19:12:00,21.95,40.45,65.7,-65.1,v2.0.1,online
AH-00075,2026-06-02 19:13:00,18.11,50.57,82.7,-80.4,v2.1.0,online
AH-00110,2026-06-02 19:13:00,26.43,43.24,87.6,-59.0,v2.0.1,online
AH-00111,2026-06-02 19:14:00,23.81,53.15,78.9,-70.2,v1.5.0,online
AH-00105,2026-06-02 19:15:00,23.44,47.17,63.2,-56.6,v1.5.0,online
AH-00061,2026-06-02 19:15:00,17.62,38.57,87.3,-72.3,v1.5.0,online
AH-00028,2026-06-02 19:16:00,18.66,47.44,62.7,-75.8,v1.5.0,online
AH-00074,2026-06-02 19:16:00,25.61,29.76,75.6,-76.7,v2.1.0,offline
AH-00178,2026-06-02 19:17:00,19.88,51.69,88.0,-59.8,v1.5.0,online
AH-00126,2026-06-02 19:17:00,20.54,53.6,67.8,-70.9,v1.5.0,online
AH-00083,2026-06-02 19:17:00,16.59,40.56,78.3,-66.3,v2.1.0,online
AH-00045,2026-06-02 19:21:00,22.11,42.22,87.6,-51.3,v2.1.0,offline
AH-00103,2026-06-02 19:23:00,20.64,45.15,66.5,-67.8,v2.0.1,online
AH-00156,2026-06-02 19:23:00,16.64,44.53,67.1,-60.6,v2.0.1,online
AH-00119,2026-06-02 19:24:00,22.01,46.46,86.8,-72.4,v2.0.1,online
AH-00179,2026-06-02 19:24:00,26.21,45.46,77.8,-46.8,v2.0.1,online
AH-00087,2026-06-02 19:26:00,22.04,48.96,84.1,-70.0,v1.5.0,online
AH-00140,2026-06-02 19:26:00,23.42,50.71,88.1,-52.1,v2.0.1,online
AH-00177,2026-06-02 19:27:00,18.67,28.23,72.0,-57.3,v1.5.0,online
AH-00102,2026-06-02 19:29:00,24.64,39.55,53.3,-56.2,v1.4.2,online
AH-00154,2026-06-02 19:29:00,23.41,33.82,68.8,-63.8,v2.0.1,maintenance
AH-00022,2026-06-02 19:29:00,18.81,47.18,80.5,-70.7,v2.0.1,online
AH-00015,2026-06-02 19:30:00,15.37,43.73,66.7,-58.3,v2.0.1,online
AH-00092,2026-06-02 19:31:00,21.34,46.05,71.3,-57.3,v2.0.1,online
AH-00067,2026-06-02 19:32:00,26.12,47.1,63.5,-65.3,v1.5.0,online
AH-00117,2026-06-02 19:34:00,22.49,37.6,81.3,-71.0,v2.0.1,online
AH-00012,2026-06-02 19:35:00,21.6,40.91,92.6,-56.1,v1.5.0,online
AH-00069,2026-06-02 19:35:00,26.78,32.14,73.5,-47.9,v2.1.0,online
AH-00073,2026-06-02 19:35:00,24.58,36.4,82.6,-58.3,v1.5.0,online
AH-00113,2026-06-02 19:36:00,22.81,45.41,76.4,-71.6,v1.5.0,online
AH-00145,2026-06-02 19:37:00,18.22,51.92,69.7,-69.3,v2.0.1,online
AH-00010,2026-06-02 19:37:00,21.2,29.85,81.4,-61.3,v2.0.1,online
AH-00033,2026-06-02 19:38:00,23.1,32.61,59.5,-66.9,v2.0.1,online
AH-00119,2026-06-02 19:42:00,25.37,45.51,83.4,-66.7,v2.0.1,online
AH-00148,2026-06-02 19:42:00,18.61,24.51,74.0,-70.6,v2.0.1,online
AH-00152,2026-06-02 19:43:00,21.23,42.49,82.7,-59.9,v2.0.1,online
AH-00052,2026-06-02 19:44:00,21.46,46.09,84.0,-61.5,v1.5.0,online
AH-00018,2026-06-02 19:44:00,26.58,47.57,77.1,-63.6,v2.0.1,online
AH-00186,2026-06-02 19:44:00,25.4,46.81,78.3,-55.6,v1.4.2,online
AH-00119,2026-06-02 19:45:00,16.71,45.55,73.6,-59.6,v1.5.0,offline
AH-00001,2026-06-02 19:45:00,19.13,49.35,80.8,-80.5,v2.1.0,online
AH-00024,2026-06-02 19:46:00,23.9,46.77,88.0,-54.4,v2.1.0,online
AH-00137,2026-06-02 19:47:00,20.66,48.51,85.7,-56.1,v2.1.0,online
AH-00140,2026-06-02 19:48:00,21.43,61.89,76.9,-50.5,v2.0.1,online
AH-00177,2026-06-02 19:48:00,23.86,40.94,71.5,-55.0,v2.1.0,online
AH-00087,2026-06-02 19:49:00,21.47,54.02,74.7,-69.8,v2.0.1,online
AH-00070,2026-06-02 19:51:00,21.46,51.74,72.1,-57.8,v2.0.1,online
AH-00087,2026-06-02 19:51:00,19.54,42.24,59.9,-58.8,v2.0.1,online
AH-00182,2026-06-02 19:53:00,27.67,44.23,63.5,-62.3,v1.5.0,online
AH-00135,2026-06-02 19:57:00,24.85,46.04,82.9,-53.3,v2.1.0,online
AH-00167,2026-06-02 19:57:00,21.0,42.28,72.6,-67.0,v1.5.0,online
AH-00091,2026-06-02 19:57:00,17.44,44.64,83.9,-63.5,v2.0.1,online
AH-00135,2026-06-02 19:57:00,27.21,45.93,93.5,-58.6,v1.4.2,offline
AH-00159,2026-06-02 19:58:00,21.77,39.94,84.3,-53.8,v1.5.0,online
AH-00048,2026-06-02 19:58:00,20.57,49.17,82.8,-49.8,v2.0.1,online
AH-00155,2026-06-02 19:58:00,17.35,60.88,59.3,-68.5,v1.5.0,online
AH-00182,2026-06-02 19:59:00,17.91,48.13,82.3,-45.6,v1.5.0,online
AH-00058,2026-06-02 19:59:00,18.09,45.09,87.4,-69.9,v2.0.1,online
AH-00092,2026-06-02 19:59:00,18.73,44.27,94.6,-58.5,v2.1.0,online
AH-00145,2026-06-02 20:00:00,21.59,31.24,97.1,-68.0,v2.0.1,offline
AH-00114,2026-06-02 20:01:00,19.4,45.58,76.5,-67.6,v2.0.1,online
AH-00025,2026-06-02 20:02:00,24.91,55.72,80.4,-49.3,v1.5.0,online
AH-00089,2026-06-02 20:02:00,20.42,45.77,100.0,-60.8,v1.4.2,online
AH-00051,2026-06-02 20:03:00,24.75,40.24,89.9,-53.8,v1.4.2,online
AH-00020,2026-06-02 20:04:00,18.53,43.25,59.8,-56.2,v2.0.1,online
AH-00177,2026-06-02 20:04:00,21.94,52.03,100.0,-45.0,v1.4.2,online
AH-00077,2026-06-02 20:05:00,23.34,36.93,61.4,-57.8,v2.0.1,maintenance
AH-00166,2026-06-02 20:06:00,23.44,43.38,68.1,-58.0,v1.5.0,online
AH-00012,2026-06-02 20:06:00,24.91,27.73,76.1,-64.3,v2.0.1,online
AH-00157,2026-06-02 20:08:00,21.99,39.93,68.9,-58.1,v1.5.0,online
AH-00155,2026-06-02 20:09:00,22.82,39.08,72.1,-58.7,v1.5.0,online
AH-00086,2026-06-02 20:09:00,22.63,42.62,88.9,-57.7,v2.1.0,online
AH-00063,2026-06-02 20:11:00,22.73,50.89,89.1,-59.6,v1.5.0,offline
AH-00163,2026-06-02 20:13:00,22.55,40.22,62.4,-55.2,v1.5.0,online
AH-00111,2026-06-02 20:14:00,24.27,38.44,76.5,-53.2,v2.0.1,online
AH-00187,2026-06-02 20:16:00,16.88,45.21,71.3,-59.8,v2.0.1,offline
AH-00187,2026-06-02 20:17:00,20.2,32.47,86.5,-72.5,v2.1.0,online
AH-00097,2026-06-02 20:17:00,23.24,38.78,94.4,-58.4,v1.5.0,online
AH-00022,2026-06-02 20:22:00,17.0,36.23,100.0,-66.8,v1.5.0,offline
AH-00055,2026-06-02 20:22:00,23.14,60.18,77.3,-64.3,v2.0.1,online
AH-00026,2026-06-02 20:22:00,23.84,43.99,81.8,-54.1,v2.1.0,online
AH-00195,2026-06-02 20:23:00,19.02,40.29,74.1,-70.2,v2.0.1,online
AH-00111,2026-06-02 20:25:00,22.61,42.31,88.8,-58.0,v1.5.0,offline
AH-00019,2026-06-02 20:26:00,19.02,54.03,70.0,-62.5,v2.0.1,online
AH-00033,2026-06-02 20:26:00,23.02,44.65,69.0,-54.3,v2.0.1,online
AH-00071,2026-06-02 20:27:00,23.79,42.28,95.3,-58.4,v2.0.1,online
AH-00093,2026-06-02 20:27:00,21.03,46.17,92.0,-57.8,v2.0.1,online
AH-00031,2026-06-02 20:28:00,20.71,49.92,93.0,-50.9,v2.1.0,online
AH-00116,2026-06-02 20:29:00,18.82,42.39,63.3,-72.8,v2.0.1,online
AH-00104,2026-06-02 20:30:00,25.56,62.75,100.0,-63.8,v2.0.1,offline
AH-00135,2026-06-02 20:31:00,22.41,35.97,72.1,-52.7,v1.5.0,online
AH-00132,2026-06-02 20:33:00,25.53,47.42,94.6,-61.4,v2.0.1,online
AH-00171,2026-06-02 20:38:00,21.44,41.55,81.6,-74.5,v1.4.2,online
AH-00096,2026-06-02 20:40:00,24.35,36.84,91.3,-61.2,v2.0.1,online
AH-00149,2026-06-02 20:40:00,22.1,41.66,79.5,-62.8,v1.4.2,online
AH-00093,2026-06-02 20:41:00,18.51,59.64,74.8,-61.2,v2.1.0,online
AH-00011,2026-06-02 20:42:00,18.7,53.49,74.1,-65.2,v2.1.0,online
AH-00018,2026-06-02 20:43:00,19.14,33.08,68.1,-67.6,v2.1.0,online
AH-00107,2026-06-02 20:44:00,15.45,43.09,91.2,-55.1,v1.4.2,online
AH-00026,2026-06-02 20:45:00,25.45,59.18,72.5,-67.1,v1.5.0,online
AH-00171,2026-06-02 20:45:00,15.53,55.68,79.0,-79.4,v2.1.0,online
AH-00141,2026-06-02 20:46:00,23.24,54.6,83.7,-67.4,v1.5.0,online
AH-00147,2026-06-02 20:46:00,24.81,49.22,78.2,-72.8,v1.5.0,online
AH-00194,2026-06-02 20:46:00,22.09,45.33,61.5,-46.5,v2.1.0,online
AH-00124,2026-06-02 20:48:00,19.38,43.69,70.6,-69.3,v1.4.2,online
AH-00055,2026-06-02 20:49:00,23.25,39.32,66.7,-72.4,v2.1.0,online
AH-00012,2026-06-02 20:49:00,24.05,34.89,87.9,-67.1,v1.4.2,online
AH-00093,2026-06-02 20:51:00,26.62,26.15,82.9,-80.3,v1.5.0,online
AH-00185,2026-06-02 20:51:00,19.14,33.36,46.6,-43.5,v1.5.0,offline
AH-00163,2026-06-02 20:51:00,17.85,56.33,85.9,-68.6,v1.4.2,online
AH-00002,2026-06-02 20:51:00,20.43,42.82,82.2,-63.8,v2.1.0,online
AH-00022,2026-06-02 20:51:00,22.0,32.37,74.6,-57.1,v2.0.1,online
AH-00150,2026-06-02 20:53:00,25.33,44.73,68.9,-52.9,v1.5.0,online
AH-00075,2026-06-02 20:55:00,19.82,43.07,93.5,-59.3,v1.5.0,online
AH-00107,2026-06-02 20:55:00,23.5,41.35,78.9,-51.2,v2.0.1,maintenance
AH-00187,2026-06-02 20:55:00,21.24,35.05,81.1,-49.7,v2.0.1,online
AH-00019,2026-06-02 20:55:00,24.7,55.69,61.7,-60.0,v2.0.1,maintenance
AH-00069,2026-06-02 20:56:00,22.65,36.23,84.2,-63.3,v2.0.1,online
AH-00126,2026-06-02 20:57:00,21.53,47.18,65.4,-55.4,v2.1.0,online
AH-00048,2026-06-02 20:58:00,21.87,58.57,72.7,-83.6,v1.4.2,online
AH-00122,2026-06-02 21:00:00,25.3,44.11,54.7,-71.1,v2.0.1,online
AH-00155,2026-06-02 21:00:00,26.85,50.49,91.7,-66.4,v1.5.0,online
AH-00066,2026-06-02 21:01:00,23.81,49.93,86.4,-74.1,v2.1.0,offline
AH-00027,2026-06-02 21:02:00,23.37,42.2,70.3,-66.2,v2.0.1,online
AH-00100,2026-06-02 21:02:00,23.9,51.16,69.4,-59.3,v2.0.1,online
AH-00128,2026-06-02 21:03:00,21.13,32.73,72.8,-63.1,v2.0.1,online
AH-00159,2026-06-02 21:08:00,24.68,41.66,61.3,-53.2,v2.0.1,online
AH-00199,2026-06-02 21:09:00,20.33,49.4,78.2,-52.5,v1.5.0,online
AH-00075,2026-06-02 21:10:00,19.79,47.94,79.6,-76.2,v2.0.1,online
AH-00196,2026-06-02 21:12:00,20.38,42.69,88.1,-49.5,v2.0.1,online
AH-00161,2026-06-02 21:13:00,18.88,36.58,80.8,-59.1,v2.0.1,online
AH-00140,2026-06-02 21:14:00,27.68,46.92,74.2,-67.2,v2.0.1,online
AH-00144,2026-06-02 21:15:00,23.77,54.05,64.1,-57.0,v2.1.0,online
AH-00091,2026-06-02 21:15:00,17.75,51.93,94.5,-51.3,v2.0.1,online
AH-00040,2026-06-02 21:16:00,23.76,34.75,88.7,-42.0,v1.5.0,online
AH-00009,2026-06-02 21:16:00,21.29,41.71,59.6,-66.4,v2.1.0,offline
AH-00152,2026-06-02 21:17:00,23.84,56.08,75.4,-70.9,v1.5.0,online
AH-00021,2026-06-02 21:17:00,21.93,33.0,90.9,-69.1,v2.1.0,online
AH-00090,2026-06-02 21:17:00,22.34,40.23,77.5,-63.9,v2.0.1,online
AH-00034,2026-06-02 21:19:00,18.03,51.52,80.8,-63.8,v1.5.0,offline
AH-00107,2026-06-02 21:20:00,23.13,54.71,85.7,-58.5,v2.0.1,online
AH-00134,2026-06-02 21:20:00,21.34,55.44,93.1,-74.5,v1.5.0,offline
AH-00109,2026-06-02 21:20:00,21.44,41.39,100.0,-56.7,v2.1.0,online
AH-00069,2026-06-02 21:21:00,18.9,55.37,85.2,-74.8,v2.0.1,maintenance
AH-00109,2026-06-02 21:24:00,19.83,42.75,91.5,-59.1,v2.0.1,online
AH-00176,2026-06-02 21:24:00,21.05,56.26,71.7,-64.2,v1.5.0,online
AH-00105,2026-06-02 21:24:00,21.08,42.29,52.1,-72.2,v1.5.0,online
AH-00012,2026-06-02 21:26:00,24.47,39.29,73.3,-68.9,v2.0.1,online
AH-00165,2026-06-02 21:27:00,18.29,36.07,75.6,-64.9,v2.0.1,offline
AH-00142,2026-06-02 21:28:00,20.12,31.59,77.5,-73.4,v2.1.0,online
AH-00142,2026-06-02 21:30:00,23.8,54.29,76.1,-70.9,v2.1.0,online
AH-00199,2026-06-02 21:30:00,22.49,48.02,96.8,-65.1,v2.0.1,online
AH-00120,2026-06-02 21:33:00,18.39,49.13,83.5,-60.0,v1.5.0,online
AH-00039,2026-06-02 21:34:00,20.39,46.04,53.1,-71.0,v1.5.0,online
AH-00096,2026-06-02 21:35:00,25.84,45.17,100.0,-67.6,v2.1.0,online
AH-00061,2026-06-02 21:35:00,23.07,45.47,80.7,-58.2,v2.1.0,online
AH-00023,2026-06-02 21:35:00,22.11,36.61,65.4,-56.3,v1.4.2,online
AH-00174,2026-06-02 21:35:00,20.17,38.94,90.6,-61.0,v2.0.1,maintenance
AH-00168,2026-06-02 21:36:00,14.01,33.45,66.9,-62.8,v2.0.1,online
AH-00076,2026-06-02 21:41:00,17.22,45.51,75.1,-63.3,v2.0.1,online
AH-00055,2026-06-02 21:41:00,23.79,36.74,64.2,-64.5,v1.5.0,online
AH-00188,2026-06-02 21:41:00,23.26,47.04,67.0,-56.9,v2.0.1,online
AH-00180,2026-06-02 21:42:00,24.77,48.31,80.7,-58.3,v2.0.1,online
AH-00167,2026-06-02 21:42:00,21.37,40.38,67.6,-63.0,v2.1.0,online
AH-00166,2026-06-02 21:43:00,16.81,31.83,72.5,-57.5,v2.0.1,online
AH-00046,2026-06-02 21:44:00,19.48,34.6,87.4,-62.9,v1.5.0,offline
AH-00064,2026-06-02 21:44:00,21.14,50.76,58.4,-54.7,v1.5.0,online
AH-00079,2026-06-02 21:44:00,19.49,41.71,98.8,-71.3,v1.5.0,online
AH-00056,2026-06-02 21:44:00,24.48,55.98,76.6,-55.6,v1.5.0,online
AH-00008,2026-06-02 21:46:00,24.8,45.41,73.7,-65.8,v2.0.1,online
AH-00157,2026-06-02 21:48:00,25.39,47.3,76.9,-56.1,v2.1.0,offline
AH-00167,2026-06-02 21:50:00,19.86,36.69,59.7,-59.1,v1.4.2,online
AH-00196,2026-06-02 21:51:00,23.13,48.01,93.8,-57.4,v1.5.0,online
AH-00023,2026-06-02 21:51:00,24.22,46.08,82.8,-69.5,v2.0.1,online
AH-00135,2026-06-02 21:52:00,21.11,41.41,76.0,-66.4,v2.0.1,online
AH-00027,2026-06-02 21:52:00,20.64,36.46,94.5,-62.2,v2.0.1,online
AH-00119,2026-06-02 21:53:00,26.05,56.61,82.9,-79.0,v1.5.0,online
AH-00099,2026-06-02 21:54:00,21.98,44.81,70.9,-67.8,v1.4.2,online
AH-00015,2026-06-02 21:54:00,23.94,47.63,71.8,-62.1,v2.1.0,online
AH-00133,2026-06-02 21:56:00,26.01,49.36,71.9,-56.6,v1.5.0,online
AH-00098,2026-06-02 21:56:00,22.64,31.76,68.1,-63.1,v1.5.0,online
AH-00126,2026-06-02 21:57:00,18.51,46.32,100.0,-51.1,v1.4.2,online
AH-00081,2026-06-02 21:58:00,20.67,32.15,74.8,-75.5,v2.1.0,online
AH-00015,2026-06-02 21:58:00,21.65,40.83,83.2,-65.4,v1.5.0,online
AH-00037,2026-06-02 22:01:00,26.3,41.11,81.2,-55.2,v2.0.1,online
AH-00024,2026-06-02 22:01:00,22.82,42.78,76.5,-65.8,v2.0.1,offline
AH-00050,2026-06-02 22:01:00,22.11,43.37,84.6,-52.6,v1.5.0,online
AH-00184,2026-06-02 22:01:00,22.3,35.44,62.2,-75.0,v1.5.0,online
AH-00065,2026-06-02 22:03:00,20.8,47.68,49.4,-59.0,v2.0.1,maintenance
AH-00026,2026-06-02 22:05:00,20.66,34.88,75.6,-55.8,v1.5.0,online
AH-00065,2026-06-02 22:05:00,24.18,53.29,72.4,-61.8,v2.0.1,online
AH-00015,2026-06-02 22:07:00,23.37,49.36,76.3,-72.3,v1.5.0,online
AH-00048,2026-06-02 22:07:00,22.15,43.93,93.0,-58.1,v1.5.0,online
AH-00052,2026-06-02 22:08:00,20.79,51.65,60.7,-62.4,v2.1.0,online
AH-00161,2026-06-02 22:09:00,23.69,50.63,70.8,-48.4,v2.0.1,online
AH-00168,2026-06-02 22:12:00,16.35,48.9,92.4,-76.2,v1.5.0,offline
AH-00030,2026-06-02 22:12:00,24.2,59.02,74.0,-48.9,v1.5.0,online
AH-00197,2026-06-02 22:13:00,25.06,39.63,81.9,-67.9,v1.5.0,online
AH-00182,2026-06-02 22:13:00,24.39,54.24,84.3,-48.8,v2.0.1,online
AH-00193,2026-06-02 22:13:00,21.95,46.38,88.8,-50.6,v2.1.0,online
AH-00004,2026-06-02 22:13:00,23.85,28.18,65.5,-63.0,v1.5.0,online
AH-00194,2026-06-02 22:15:00,21.76,43.55,67.2,-77.9,v2.1.0,maintenance
AH-00149,2026-06-02 22:15:00,23.61,39.58,64.4,-58.7,v1.5.0,online
AH-00057,2026-06-02 22:15:00,21.21,50.56,91.2,-67.6,v1.5.0,offline
AH-00007,2026-06-02 22:16:00,21.09,38.79,58.9,-72.8,v2.1.0,online
AH-00188,2026-06-02 22:17:00,23.36,46.65,57.5,-46.5,v1.4.2,online
AH-00098,2026-06-02 22:21:00,23.87,39.73,70.9,-64.5,v2.0.1,online
AH-00080,2026-06-02 22:22:00,16.21,50.36,61.3,-72.5,v2.1.0,online
AH-00189,2026-06-02 22:22:00,19.38,48.22,73.7,-52.7,v2.0.1,online
AH-00196,2026-06-02 22:23:00,22.24,49.65,78.4,-68.9,v2.0.1,online
AH-00007,2026-06-02 22:23:00,25.5,35.45,91.1,-62.7,v1.4.2,online
AH-00135,2026-06-02 22:24:00,24.31,49.05,69.8,-64.3,v1.5.0,online
AH-00094,2026-06-02 22:24:00,19.64,45.22,59.1,-67.4,v1.4.2,online
AH-00031,2026-06-02 22:25:00,27.02,37.68,72.0,-61.9,v1.5.0,online
AH-00082,2026-06-02 22:27:00,20.8,44.93,84.2,-33.5,v2.0.1,online
AH-00114,2026-06-02 22:27:00,26.47,44.07,84.7,-57.8,v2.1.0,online
AH-00075,2026-06-02 22:27:00,19.67,46.15,95.6,-72.9,v2.0.1,online
AH-00192,2026-06-02 22:29:00,20.83,42.38,61.2,-54.9,v2.1.0,online
AH-00045,2026-06-02 22:29:00,17.72,27.81,82.6,-61.8,v1.5.0,online
AH-00079,2026-06-02 22:29:00,24.67,48.95,66.2,-49.8,v1.5.0,offline
AH-00133,2026-06-02 22:30:00,23.76,39.28,80.0,-62.6,v2.1.0,offline
AH-00060,2026-06-02 22:32:00,21.87,35.92,74.4,-62.6,v1.5.0,online
AH-00066,2026-06-02 22:33:00,23.21,40.63,74.0,-67.4,v2.1.0,online
AH-00172,2026-06-02 22:35:00,21.11,47.5,73.0,-62.1,v2.1.0,online
AH-00050,2026-06-02 22:36:00,18.54,50.18,98.4,-66.1,v2.0.1,online
AH-00187,2026-06-02 22:37:00,19.7,48.95,63.4,-71.1,v2.0.1,online
AH-00136,2026-06-02 22:38:00,21.41,32.89,95.9,-55.8,v2.1.0,online
AH-00156,2026-06-02 22:39:00,23.88,43.2,88.6,-71.8,v2.0.1,online
AH-00079,2026-06-02 22:40:00,21.12,42.72,57.8,-77.0,v2.0.1,online
AH-00035,2026-06-02 22:41:00,23.95,42.0,70.2,-71.0,v2.0.1,online
AH-00066,2026-06-02 22:41:00,22.04,51.36,91.2,-57.1,v1.4.2,online
AH-00147,2026-06-02 22:42:00,24.36,49.2,64.3,-54.6,v1.5.0,online
AH-00053,2026-06-02 22:42:00,18.52,42.32,72.2,-60.1,v2.0.1,online
AH-00111,2026-06-02 22:43:00,22.06,43.26,81.3,-70.6,v1.5.0,online
AH-00028,2026-06-02 22:47:00,22.39,54.26,65.9,-66.5,v2.1.0,online
AH-00042,2026-06-02 22:49:00,24.09,44.94,48.7,-50.6,v2.1.0,online
AH-00068,2026-06-02 22:50:00,17.02,42.16,66.5,-48.7,v2.0.1,maintenance
AH-00070,2026-06-02 22:51:00,22.45,50.87,98.9,-68.8,v2.0.1,online
AH-00064,2026-06-02 22:52:00,23.15,48.51,89.0,-74.6,v1.5.0,online
AH-00060,2026-06-02 22:52:00,17.89,57.56,99.0,-46.3,v2.1.0,online
AH-00153,2026-06-02 22:52:00,21.39,48.18,92.5,-64.5,v2.0.1,online
AH-00144,2026-06-02 22:53:00,21.62,48.81,100.0,-46.6,v1.5.0,online
AH-00094,2026-06-02 22:54:00,21.1,36.13,88.6,-64.9,v1.5.0,online
AH-00023,2026-06-02 22:54:00,21.22,36.38,86.4,-75.1,v2.0.1,online
AH-00110,2026-06-02 22:55:00,17.99,43.69,83.1,-58.5,v2.1.0,online
AH-00158,2026-06-02 22:55:00,23.38,50.35,72.3,-51.7,v2.1.0,online
AH-00140,2026-06-02 22:55:00,23.56,42.3,96.6,-71.0,v1.5.0,online
AH-00071,2026-06-02 22:56:00,22.56,37.48,82.3,-61.0,v1.4.2,online
AH-00002,2026-06-02 22:57:00,16.95,41.64,95.3,-55.9,v2.1.0,online
AH-00169,2026-06-02 22:57:00,26.01,34.18,73.4,-74.1,v1.5.0,maintenance
AH-00043,2026-06-02 22:59:00,25.54,38.64,89.6,-60.8,v2.0.1,online
AH-00116,2026-06-02 23:00:00,22.69,44.52,54.9,-53.5,v2.1.0,online
AH-00130,2026-06-02 23:01:00,20.43,36.19,77.7,-66.7,v2.0.1,online
AH-00038,2026-06-02 23:01:00,26.15,34.08,100.0,-54.4,v2.1.0,online
AH-00176,2026-06-02 23:04:00,27.15,53.3,77.7,-49.8,v1.4.2,online
AH-00179,2026-06-02 23:05:00,18.61,39.34,60.0,-66.8,v2.0.1,online
AH-00124,2026-06-02 23:05:00,21.64,56.55,47.4,-63.9,v1.5.0,online
AH-00010,2026-06-02 23:06:00,25.5,48.7,91.1,-62.8,v2.1.0,online
AH-00136,2026-06-02 23:07:00,15.81,41.12,82.6,-67.7,v1.5.0,online
AH-00132,2026-06-02 23:07:00,26.24,38.87,80.7,-62.8,v2.1.0,online
AH-00109,2026-06-02 23:07:00,20.02,43.99,60.0,-66.3,v1.5.0,online
AH-00048,2026-06-02 23:07:00,21.3,38.58,71.0,-66.2,v2.1.0,online
AH-00049,2026-06-02 23:09:00,26.78,42.62,78.3,-62.9,v2.0.1,online
AH-00095,2026-06-02 23:11:00,24.59,36.58,93.9,-54.5,v2.0.1,online
AH-00002,2026-06-02 23:12:00,18.62,56.41,56.0,-54.2,v2.0.1,online
AH-00074,2026-06-02 23:13:00,23.86,60.31,86.2,-64.1,v2.0.1,online
AH-00198,2026-06-02 23:13:00,24.33,54.1,88.8,-63.6,v2.0.1,online
AH-00125,2026-06-02 23:14:00,16.07,45.06,82.3,-70.1,v2.0.1,online
AH-00185,2026-06-02 23:14:00,20.76,57.99,88.6,-49.6,v1.5.0,online
AH-00079,2026-06-02 23:15:00,18.85,42.18,89.3,-54.9,v2.1.0,online
AH-00096,2026-06-02 23:15:00,25.53,48.03,75.4,-62.1,v1.5.0,online
AH-00021,2026-06-02 23:16:00,16.53,47.32,71.3,-61.3,v2.1.0,online
AH-00054,2026-06-02 23:16:00,21.21,45.62,94.5,-78.2,v2.1.0,online
AH-00058,2026-06-02 23:16:00,24.88,27.76,81.7,-61.6,v2.0.1,maintenance
AH-00061,2026-06-02 23:17:00,20.48,51.7,71.7,-70.0,v1.5.0,online
AH-00079,2026-06-02 23:18:00,24.81,52.19,71.7,-50.5,v2.0.1,maintenance
AH-00060,2026-06-02 23:18:00,23.83,39.1,92.0,-60.8,v2.0.1,online
AH-00200,2026-06-02 23:19:00,20.16,51.0,80.1,-70.9,v1.5.0,offline
AH-00068,2026-06-02 23:22:00,22.21,57.22,96.3,-65.9,v2.0.1,online
AH-00031,2026-06-02 23:22:00,18.37,44.01,65.2,-63.3,v1.5.0,online
AH-00099,2026-06-02 23:23:00,18.6,50.58,71.9,-67.8,v1.5.0,online
AH-00006,2026-06-02 23:24:00,26.94,51.35,73.5,-58.0,v1.4.2,online
AH-00097,2026-06-02 23:24:00,21.56,55.02,95.9,-57.4,v1.4.2,online
AH-00102,2026-06-02 23:28:00,28.12,36.95,84.9,-61.8,v2.1.0,online
AH-00096,2026-06-02 23:28:00,22.86,25.44,97.7,-71.1,v2.0.1,online
AH-00102,2026-06-02 23:28:00,23.32,38.65,79.0,-60.0,v1.5.0,online
AH-00092,2026-06-02 23:32:00,24.39,54.21,72.3,-52.6,v1.5.0,online
AH-00121,2026-06-02 23:33:00,21.69,47.72,67.2,-62.3,v2.1.0,online
AH-00080,2026-06-02 23:34:00,17.59,44.49,83.4,-52.1,v2.1.0,online
AH-00187,2026-06-02 23:35:00,19.6,53.59,66.9,-69.4,v1.5.0,online
AH-00014,2026-06-02 23:36:00,24.77,36.62,44.8,-73.2,v2.1.0,online
AH-00009,2026-06-02 23:36:00,22.79,54.86,82.9,-53.8,v2.0.1,online
AH-00107,2026-06-02 23:37:00,25.26,42.51,89.6,-63.3,v2.1.0,online
AH-00138,2026-06-02 23:37:00,20.37,43.52,64.7,-81.3,v2.1.0,offline
AH-00074,2026-06-02 23:37:00,23.14,40.86,94.1,-61.7,v2.0.1,online
AH-00050,2026-06-02 23:40:00,23.74,35.22,72.3,-57.2,v2.0.1,online
AH-00168,2026-06-02 23:41:00,16.72,41.66,99.3,-51.3,v1.5.0,offline
AH-00153,2026-06-02 23:44:00,24.99,44.08,67.9,-56.6,v2.0.1,online
AH-00146,2026-06-02 23:46:00,18.78,40.48,61.9,-49.6,v2.1.0,online
AH-00040,2026-06-02 23:47:00,23.67,29.58,79.0,-73.6,v2.0.1,online
AH-00030,2026-06-02 23:49:00,22.82,37.68,62.8,-57.0,v2.1.0,online
AH-00170,2026-06-02 23:49:00,24.53,47.2,73.9,-54.6,v2.0.1,offline
AH-00166,2026-06-02 23:50:00,17.32,28.09,93.9,-67.1,v1.4.2,online
AH-00083,2026-06-02 23:51:00,17.82,45.47,64.0,-52.8,v2.1.0,online
AH-00127,2026-06-02 23:53:00,23.68,61.62,79.6,-63.6,v2.0.1,online
AH-00043,2026-06-02 23:53:00,22.01,48.45,80.8,-66.8,v2.0.1,online
AH-00188,2026-06-02 23:54:00,19.28,51.62,71.9,-54.1,v2.0.1,online
AH-00064,2026-06-02 23:54:00,19.65,45.16,75.1,-66.3,v2.1.0,maintenance
AH-00126,2026-06-02 23:54:00,23.63,41.13,74.9,-60.0,v1.5.0,online
AH-00022,2026-06-02 23:56:00,20.71,53.22,52.4,-58.3,v2.0.1,online
AH-00101,2026-06-02 23:57:00,22.04,42.46,75.1,-66.6,v2.0.1,offline
AH-00019,2026-06-02 23:59:00,21.74,40.77,83.1,-73.7,v1.5.0,online
AH-00101,2026-06-02 23:59:00,20.12,41.22,94.5,-73.8,v2.0.1,online
AH-00143,2026-06-02 23:59:00,21.91,44.86,97.7,-68.7,v1.5.0,online
AH-00084,2026-06-03 00:04:00,24.34,45.4,81.5,-72.8,v1.5.0,online
AH-00025,2026-06-03 00:06:00,25.4,43.54,74.6,-59.7,v2.0.1,online
AH-00032,2026-06-03 00:10:00,20.68,58.55,83.9,-56.5,v1.5.0,offline
AH-00041,2026-06-03 00:10:00,17.41,35.88,72.4,-79.0,v2.0.1,online
AH-00186,2026-06-03 00:11:00,23.71,40.9,88.5,-64.5,v1.4.2,online
AH-00107,2026-06-03 00:12:00,21.43,42.84,74.3,-63.6,v1.5.0,online
AH-00130,2026-06-03 00:13:00,22.99,43.49,80.9,-67.3,v1.5.0,online
AH-00044,2026-06-03 00:14:00,31.31,40.49,79.4,-66.0,v2.1.0,online
AH-00168,2026-06-03 00:15:00,18.58,36.25,66.6,-55.4,v2.0.1,offline
AH-00136,2026-06-03 00:15:00,25.86,46.27,67.8,-59.3,v1.5.0,online
AH-00064,2026-06-03 00:15:00,22.23,30.74,69.0,-73.1,v1.5.0,online
AH-00180,2026-06-03 00:15:00,25.21,32.45,70.2,-70.5,v1.5.0,online
AH-00176,2026-06-03 00:16:00,12.21,43.07,85.1,-66.0,v2.1.0,offline
AH-00093,2026-06-03 00:18:00,18.13,42.01,55.5,-68.9,v2.0.1,online
AH-00181,2026-06-03 00:18:00,21.11,47.35,99.2,-64.9,v2.0.1,offline
AH-00166,2026-06-03 00:18:00,24.31,37.06,66.4,-69.7,v1.5.0,online
AH-00007,2026-06-03 00:19:00,16.38,50.78,99.9,-58.5,v1.5.0,online
AH-00070,2026-06-03 00:20:00,16.51,40.1,74.4,-49.8,v1.5.0,maintenance
AH-00189,2026-06-03 00:24:00,23.98,42.24,84.5,-60.3,v2.0.1,online
AH-00193,2026-06-03 00:24:00,23.32,40.72,70.5,-44.3,v1.5.0,online
AH-00119,2026-06-03 00:26:00,24.75,52.94,94.3,-62.4,v2.0.1,online
AH-00083,2026-06-03 00:28:00,16.94,55.68,55.0,-60.2,v1.5.0,online
AH-00033,2026-06-03 00:29:00,23.1,31.91,98.7,-58.3,v2.1.0,online
AH-00090,2026-06-03 00:29:00,23.91,43.78,64.1,-56.3,v2.0.1,online
AH-00074,2026-06-03 00:30:00,17.73,44.91,78.5,-54.4,v2.0.1,online
AH-00181,2026-06-03 00:31:00,22.94,35.33,52.0,-71.0,v1.5.0,offline
AH-00122,2026-06-03 00:31:00,24.49,49.73,64.3,-65.0,v1.5.0,online
AH-00062,2026-06-03 00:32:00,22.54,38.41,62.4,-59.5,v1.4.2,online
AH-00108,2026-06-03 00:33:00,24.75,52.18,85.9,-62.4,v2.0.1,online
AH-00064,2026-06-03 00:33:00,31.72,45.24,84.8,-47.7,v2.0.1,offline
AH-00045,2026-06-03 00:34:00,19.9,43.38,80.8,-56.7,v1.5.0,online
AH-00016,2026-06-03 00:40:00,22.5,49.41,90.4,-60.1,v2.0.1,online
AH-00152,2026-06-03 00:41:00,26.45,34.27,69.9,-58.3,v2.0.1,online
AH-00051,2026-06-03 00:42:00,13.83,40.13,86.1,-61.3,v2.0.1,online
AH-00157,2026-06-03 00:45:00,24.16,40.04,69.6,-72.6,v2.0.1,online
AH-00141,2026-06-03 00:46:00,19.42,38.34,95.8,-66.7,v2.0.1,online
AH-00038,2026-06-03 00:48:00,25.39,43.68,86.3,-62.6,v1.4.2,online
AH-00123,2026-06-03 00:50:00,15.86,56.21,86.3,-72.3,v2.0.1,maintenance
AH-00032,2026-06-03 00:50:00,25.68,33.2,84.4,-65.1,v2.1.0,online
AH-00182,2026-06-03 00:50:00,22.3,50.42,79.2,-70.8,v2.1.0,online
AH-00028,2026-06-03 00:51:00,24.52,45.13,71.6,-64.7,v1.4.2,online
AH-00140,2026-06-03 00:51:00,18.75,42.63,49.7,-65.2,v2.1.0,offline
AH-00019,2026-06-03 00:56:00,23.86,46.13,72.7,-65.6,v1.5.0,online
AH-00185,2026-06-03 00:57:00,25.47,42.0,68.6,-68.9,v2.1.0,online
AH-00034,2026-06-03 00:57:00,18.67,46.69,95.0,-54.8,v1.5.0,online
AH-00160,2026-06-03 00:59:00,24.59,53.46,85.3,-70.7,v1.4.2,online
AH-00170,2026-06-03 01:00:00,20.99,59.37,88.5,-55.8,v1.5.0,online
AH-00125,2026-06-03 01:01:00,21.97,31.46,70.8,-67.3,v1.5.0,online
AH-00169,2026-06-03 01:01:00,21.49,43.51,69.2,-65.3,v1.5.0,offline
AH-00060,2026-06-03 01:03:00,13.39,51.66,78.1,-68.2,v1.5.0,online
AH-00041,2026-06-03 01:03:00,22.29,36.19,87.1,-64.9,v1.5.0,online
AH-00094,2026-06-03 01:04:00,20.48,62.44,76.7,-49.7,v2.0.1,online
AH-00010,2026-06-03 01:04:00,28.33,55.48,100.0,-58.0,v2.0.1,online
AH-00196,2026-06-03 01:05:00,24.92,46.43,75.9,-53.6,v1.4.2,online
AH-00154,2026-06-03 01:05:00,19.03,42.85,84.1,-60.9,v1.4.2,online
AH-00058,2026-06-03 01:06:00,22.62,55.18,77.4,-65.2,v2.1.0,online
AH-00001,2026-06-03 01:07:00,20.45,56.18,79.6,-70.6,v1.5.0,online
AH-00145,2026-06-03 01:07:00,23.21,57.47,85.2,-80.4,v1.5.0,online
AH-00064,2026-06-03 01:07:00,22.42,44.54,71.5,-60.0,v2.0.1,online
AH-00137,2026-06-03 01:08:00,20.63,42.73,89.2,-58.0,v2.1.0,online
AH-00002,2026-06-03 01:08:00,20.09,49.31,85.5,-61.3,v2.0.1,online
AH-00161,2026-06-03 01:08:00,15.53,28.21,84.7,-60.5,v1.5.0,offline
AH-00063,2026-06-03 01:09:00,27.99,46.12,66.5,-60.9,v2.0.1,online
AH-00138,2026-06-03 01:09:00,19.63,40.38,86.7,-48.5,v2.1.0,online
AH-00040,2026-06-03 01:11:00,26.11,49.29,62.8,-53.8,v1.5.0,online
AH-00181,2026-06-03 01:11:00,16.71,42.04,65.5,-64.7,v1.5.0,online
AH-00186,2026-06-03 01:11:00,24.2,43.12,90.1,-64.1,v2.0.1,offline
AH-00182,2026-06-03 01:12:00,21.44,44.84,95.2,-61.2,v2.0.1,online
AH-00139,2026-06-03 01:15:00,16.01,41.02,76.7,-50.9,v2.1.0,online
AH-00039,2026-06-03 01:15:00,17.85,40.15,87.5,-64.7,v2.0.1,online
AH-00120,2026-06-03 01:16:00,23.52,47.41,71.1,-62.5,v2.0.1,online
AH-00199,2026-06-03 01:17:00,16.1,48.16,82.6,-69.1,v2.1.0,online
AH-00082,2026-06-03 01:20:00,21.38,49.53,91.1,-55.0,v1.4.2,online
AH-00061,2026-06-03 01:20:00,19.12,42.93,77.3,-52.2,v2.0.1,online
AH-00045,2026-06-03 01:21:00,22.96,53.62,80.3,-68.9,v2.0.1,maintenance
AH-00142,2026-06-03 01:23:00,18.39,37.11,48.3,-59.8,v2.1.0,online
AH-00095,2026-06-03 01:23:00,23.38,55.18,68.8,-66.2,v2.0.1,online
AH-00156,2026-06-03 01:24:00,26.31,57.14,100.0,-62.3,v2.0.1,offline
AH-00019,2026-06-03 01:26:00,20.63,41.38,82.2,-62.9,v2.1.0,online
AH-00148,2026-06-03 01:26:00,21.91,46.15,100.0,-50.4,v2.1.0,online
AH-00141,2026-06-03 01:28:00,27.65,42.69,81.3,-62.3,v2.1.0,offline
AH-00117,2026-06-03 01:28:00,19.7,49.46,84.2,-59.8,v2.0.1,online
AH-00178,2026-06-03 01:30:00,21.85,50.71,85.0,-57.8,v2.1.0,maintenance
AH-00186,2026-06-03 01:31:00,24.3,43.2,71.3,-63.6,v2.0.1,online
AH-00146,2026-06-03 01:33:00,18.37,35.43,92.7,-65.2,v2.0.1,online
AH-00087,2026-06-03 01:33:00,16.94,57.74,68.8,-45.9,v1.5.0,online
AH-00013,2026-06-03 01:33:00,20.58,38.01,74.7,-69.3,v1.4.2,online
AH-00114,2026-06-03 01:33:00,13.98,57.23,81.4,-74.4,v2.0.1,maintenance
AH-00079,2026-06-03 01:35:00,20.09,70.59,80.8,-84.0,v2.0.1,online
AH-00010,2026-06-03 01:35:00,20.58,40.55,98.8,-65.7,v2.0.1,offline
AH-00041,2026-06-03 01:36:00,24.77,47.75,80.8,-64.9,v2.0.1,online
AH-00022,2026-06-03 01:36:00,22.52,51.58,97.2,-60.1,v2.1.0,online
AH-00177,2026-06-03 01:37:00,23.23,40.17,95.6,-71.4,v1.5.0,offline
AH-00089,2026-06-03 01:37:00,19.16,44.53,77.0,-62.3,v2.0.1,online
AH-00091,2026-06-03 01:38:00,19.06,64.37,100.0,-51.2,v2.0.1,offline
AH-00195,2026-06-03 01:38:00,14.84,48.93,47.0,-72.1,v1.4.2,online
AH-00146,2026-06-03 01:38:00,19.61,42.59,84.6,-51.7,v2.1.0,online
AH-00103,2026-06-03 01:39:00,27.73,45.91,94.2,-51.4,v2.0.1,online
AH-00021,2026-06-03 01:41:00,27.21,43.57,100.0,-53.0,v2.0.1,online
AH-00114,2026-06-03 01:42:00,21.56,40.97,88.8,-70.2,v1.4.2,online
AH-00138,2026-06-03 01:43:00,20.78,32.44,61.3,-56.8,v1.5.0,online
AH-00048,2026-06-03 01:44:00,20.3,35.18,90.8,-66.4,v2.0.1,offline
AH-00021,2026-06-03 01:45:00,22.7,45.3,66.3,-56.8,v1.4.2,online
AH-00145,2026-06-03 01:46:00,19.15,46.59,69.8,-60.1,v2.0.1,offline
AH-00017,2026-06-03 01:48:00,22.68,45.67,62.1,-63.6,v1.5.0,online
AH-00066,2026-06-03 01:50:00,23.52,40.78,92.3,-61.1,v1.5.0,online
AH-00194,2026-06-03 01:51:00,23.59,56.43,93.5,-66.8,v2.0.1,online
AH-00180,2026-06-03 01:52:00,16.18,47.64,74.7,-56.4,v1.5.0,online
AH-00148,2026-06-03 01:54:00,17.6,47.27,79.5,-62.9,v1.5.0,online
AH-00020,2026-06-03 01:54:00,21.37,33.81,72.9,-53.4,v1.4.2,online
AH-00102,2026-06-03 01:58:00,21.88,44.5,80.0,-56.5,v1.5.0,online
AH-00153,2026-06-03 01:59:00,23.99,53.13,94.4,-72.6,v1.5.0,online
AH-00079,2026-06-03 02:01:00,25.39,45.19,94.2,-73.6,v2.1.0,online
AH-00069,2026-06-03 02:04:00,25.08,51.11,88.2,-63.5,v2.0.1,online
AH-00161,2026-06-03 02:08:00,19.8,43.73,68.7,-58.0,v1.4.2,online
AH-00022,2026-06-03 02:09:00,25.06,49.16,76.4,-47.6,v1.5.0,online
AH-00153,2026-06-03 02:10:00,20.52,63.3,86.6,-78.4,v1.5.0,online
AH-00161,2026-06-03 02:11:00,28.86,54.54,96.0,-58.3,v2.0.1,online
AH-00168,2026-06-03 02:12:00,21.05,51.44,77.5,-63.0,v1.5.0,online
AH-00155,2026-06-03 02:12:00,18.64,42.41,93.6,-72.6,v2.0.1,online
AH-00197,2026-06-03 02:12:00,23.75,56.05,96.5,-72.7,v2.1.0,online
AH-00132,2026-06-03 02:13:00,26.07,45.81,77.2,-52.4,v2.0.1,online
AH-00031,2026-06-03 02:13:00,24.34,36.85,98.0,-69.3,v1.5.0,online
AH-00025,2026-06-03 02:14:00,20.59,53.51,65.9,-69.2,v2.0.1,online
AH-00070,2026-06-03 02:16:00,28.71,52.46,88.5,-50.9,v1.5.0,online
AH-00127,2026-06-03 02:19:00,19.55,31.48,61.1,-71.1,v2.0.1,online
AH-00175,2026-06-03 02:19:00,18.44,51.15,74.8,-74.5,v2.1.0,online
AH-00164,2026-06-03 02:19:00,20.37,44.02,72.9,-60.8,v1.4.2,online
AH-00117,2026-06-03 02:20:00,19.33,45.48,86.9,-62.3,v2.1.0,online
AH-00082,2026-06-03 02:20:00,24.71,37.6,77.1,-54.0,v2.0.1,online
AH-00168,2026-06-03 02:21:00,25.81,41.11,53.6,-53.8,v2.1.0,online
AH-00118,2026-06-03 02:22:00,25.95,47.81,85.6,-58.1,v2.1.0,online
AH-00016,2026-06-03 02:23:00,18.65,45.73,90.2,-62.9,v2.0.1,online
AH-00175,2026-06-03 02:23:00,13.87,39.29,54.9,-63.6,v2.0.1,maintenance
AH-00008,2026-06-03 02:25:00,22.23,47.3,80.9,-65.9,v1.5.0,online
AH-00171,2026-06-03 02:29:00,21.08,44.43,83.2,-54.3,v2.1.0,online
AH-00064,2026-06-03 02:31:00,24.89,33.14,62.6,-62.9,v1.5.0,online
AH-00173,2026-06-03 02:31:00,23.87,45.86,74.6,-63.0,v1.5.0,online
AH-00155,2026-06-03 02:35:00,22.78,35.84,88.6,-69.8,v2.0.1,online
AH-00093,2026-06-03 02:36:00,20.69,47.9,77.6,-67.8,v1.4.2,offline
AH-00189,2026-06-03 02:36:00,20.56,44.98,60.9,-63.9,v1.5.0,online
AH-00070,2026-06-03 02:38:00,23.43,47.12,64.8,-68.1,v1.4.2,online
AH-00081,2026-06-03 02:38:00,27.55,49.27,96.5,-61.1,v2.0.1,online
AH-00194,2026-06-03 02:38:00,19.89,54.0,53.9,-61.8,v1.5.0,online
AH-00062,2026-06-03 02:38:00,24.96,33.72,90.1,-57.5,v2.1.0,online
AH-00113,2026-06-03 02:40:00,20.05,33.47,100.0,-55.2,v1.5.0,online
AH-00167,2026-06-03 02:40:00,27.92,49.38,82.8,-66.2,v1.5.0,online
AH-00013,2026-06-03 02:41:00,23.66,48.66,57.0,-69.9,v2.0.1,offline
AH-00166,2026-06-03 02:43:00,26.25,38.7,87.2,-51.0,v1.5.0,offline
AH-00171,2026-06-03 02:44:00,21.09,45.14,67.2,-58.2,v1.5.0,online
AH-00136,2026-06-03 02:47:00,24.06,28.46,78.5,-59.0,v2.0.1,online
AH-00155,2026-06-03 02:48:00,24.55,36.47,71.5,-59.5,v1.5.0,online
AH-00116,2026-06-03 02:48:00,16.82,58.01,70.3,-46.9,v1.5.0,online
AH-00150,2026-06-03 02:49:00,17.73,37.8,78.1,-74.2,v1.5.0,online
AH-00043,2026-06-03 02:50:00,20.24,53.26,89.7,-69.9,v2.0.1,offline
AH-00138,2026-06-03 02:51:00,22.95,38.68,84.9,-65.3,v2.0.1,maintenance
AH-00114,2026-06-03 02:52:00,25.41,35.89,92.2,-59.9,v1.5.0,maintenance
AH-00148,2026-06-03 02:54:00,23.73,46.03,90.5,-58.0,v2.1.0,online
AH-00064,2026-06-03 02:54:00,23.65,46.41,81.2,-65.3,v2.0.1,online
AH-00118,2026-06-03 02:54:00,21.09,39.06,74.7,-56.3,v2.0.1,online
AH-00087,2026-06-03 02:55:00,22.49,53.68,75.9,-75.1,v2.0.1,online
AH-00105,2026-06-03 02:56:00,23.48,40.57,81.3,-67.6,v2.1.0,online
AH-00083,2026-06-03 02:56:00,19.45,42.91,89.7,-77.5,v2.0.1,online
AH-00068,2026-06-03 02:57:00,19.94,44.86,79.6,-75.0,v2.0.1,offline
AH-00152,2026-06-03 02:57:00,26.77,35.98,78.2,-68.0,v1.4.2,online
AH-00146,2026-06-03 02:58:00,22.74,51.79,61.6,-60.6,v1.4.2,online
AH-00126,2026-06-03 02:58:00,20.93,42.15,54.2,-51.5,v1.4.2,online
AH-00195,2026-06-03 02:59:00,19.69,51.32,95.7,-58.7,v1.5.0,online
AH-00175,2026-06-03 02:59:00,20.11,30.82,69.3,-68.8,v2.0.1,online
AH-00150,2026-06-03 03:01:00,21.35,43.48,99.3,-57.4,v2.1.0,online
AH-00052,2026-06-03 03:01:00,22.24,49.29,75.5,-64.6,v1.5.0,online
AH-00111,2026-06-03 03:02:00,22.43,27.38,73.8,-65.8,v2.0.1,maintenance
AH-00091,2026-06-03 03:02:00,25.72,56.12,78.5,-48.1,v1.5.0,online
AH-00039,2026-06-03 03:02:00,24.12,39.29,74.3,-65.4,v2.0.1,online
AH-00005,2026-06-03 03:03:00,16.46,59.72,83.3,-65.3,v2.1.0,online
AH-00064,2026-06-03 03:06:00,22.01,33.45,60.9,-55.6,v2.0.1,online
AH-00096,2026-06-03 03:07:00,24.87,44.82,75.2,-54.4,v2.1.0,online
AH-00178,2026-06-03 03:07:00,21.75,38.68,54.9,-67.5,v2.0.1,online
AH-00082,2026-06-03 03:08:00,20.25,41.33,63.4,-48.4,v2.0.1,online
AH-00087,2026-06-03 03:09:00,21.41,44.74,75.1,-73.8,v2.0.1,online
AH-00090,2026-06-03 03:10:00,17.98,46.66,69.6,-52.9,v2.0.1,online
AH-00059,2026-06-03 03:11:00,24.78,60.79,58.3,-55.7,v2.1.0,online
AH-00128,2026-06-03 03:12:00,18.98,45.69,68.5,-63.4,v1.5.0,online
AH-00009,2026-06-03 03:13:00,22.54,47.25,58.0,-58.9,v1.5.0,online
AH-00028,2026-06-03 03:15:00,27.02,40.61,77.2,-54.6,v2.1.0,online
AH-00124,2026-06-03 03:15:00,21.44,45.25,95.6,-48.1,v1.5.0,online
AH-00084,2026-06-03 03:15:00,26.06,51.14,85.3,-51.1,v2.0.1,online
AH-00131,2026-06-03 03:15:00,21.1,52.19,89.5,-54.9,v1.5.0,online
AH-00100,2026-06-03 03:16:00,19.31,50.84,73.7,-54.4,v2.0.1,online
AH-00053,2026-06-03 03:17:00,24.13,62.94,94.1,-57.7,v1.5.0,online
AH-00048,2026-06-03 03:18:00,20.14,38.94,73.7,-46.1,v2.0.1,online
AH-00096,2026-06-03 03:20:00,26.41,50.73,84.9,-65.1,v2.1.0,online
AH-00074,2026-06-03 03:22:00,20.44,38.53,65.7,-57.8,v1.5.0,online
AH-00117,2026-06-03 03:23:00,20.32,59.74,66.3,-64.0,v1.5.0,online
AH-00199,2026-06-03 03:24:00,26.53,46.29,75.8,-68.1,v2.1.0,online
AH-00112,2026-06-03 03:25:00,21.05,40.31,94.8,-68.5,v1.5.0,online
AH-00126,2026-06-03 03:25:00,24.63,48.69,76.4,-60.6,v1.4.2,online
AH-00138,2026-06-03 03:26:00,21.52,40.15,72.3,-66.7,v1.4.2,online
AH-00071,2026-06-03 03:26:00,26.5,42.06,86.7,-64.5,v1.5.0,online
AH-00059,2026-06-03 03:26:00,22.73,32.77,68.1,-75.9,v1.4.2,online
AH-00012,2026-06-03 03:27:00,26.95,45.94,95.1,-56.0,v2.0.1,online
AH-00134,2026-06-03 03:28:00,21.23,46.41,89.1,-75.3,v1.5.0,online
AH-00118,2026-06-03 03:28:00,25.01,40.31,81.3,-59.2,v1.5.0,online
AH-00106,2026-06-03 03:28:00,16.58,54.39,73.4,-67.6,v1.5.0,online
AH-00156,2026-06-03 03:29:00,21.52,27.92,77.7,-67.9,v2.1.0,online
AH-00060,2026-06-03 03:29:00,21.96,55.06,47.3,-68.3,v2.0.1,online
AH-00191,2026-06-03 03:30:00,23.48,46.65,89.9,-63.8,v1.5.0,online
AH-00197,2026-06-03 03:31:00,24.26,35.19,98.7,-59.7,v1.5.0,online
AH-00038,2026-06-03 03:31:00,20.05,39.01,83.2,-76.4,v1.4.2,offline
AH-00106,2026-06-03 03:32:00,26.65,41.35,86.9,-62.5,v2.1.0,online
AH-00143,2026-06-03 03:34:00,14.22,20.34,78.4,-67.4,v1.5.0,online
AH-00162,2026-06-03 03:35:00,25.47,35.58,52.3,-59.8,v1.4.2,maintenance
AH-00191,2026-06-03 03:38:00,22.15,47.59,76.8,-74.3,v2.1.0,online
AH-00110,2026-06-03 03:38:00,18.48,40.34,88.9,-58.5,v1.5.0,online
AH-00057,2026-06-03 03:39:00,25.49,47.56,54.5,-50.2,v1.5.0,offline
AH-00032,2026-06-03 03:40:00,22.63,38.54,78.9,-51.1,v1.5.0,online
AH-00149,2026-06-03 03:40:00,23.11,49.55,58.7,-62.9,v1.5.0,online
AH-00104,2026-06-03 03:40:00,24.91,54.27,58.8,-76.0,v1.5.0,online
AH-00015,2026-06-03 03:40:00,22.55,63.61,67.2,-59.9,v1.5.0,online
AH-00038,2026-06-03 03:40:00,25.98,57.98,73.7,-57.5,v2.1.0,online
AH-00194,2026-06-03 03:42:00,20.27,50.08,73.8,-52.1,v1.5.0,online
AH-00100,2026-06-03 03:44:00,20.79,44.81,83.8,-62.5,v1.4.2,online
AH-00068,2026-06-03 03:46:00,21.18,54.11,100.0,-61.3,v1.5.0,online
AH-00153,2026-06-03 03:47:00,29.6,40.36,90.3,-67.2,v2.0.1,online
AH-00036,2026-06-03 03:48:00,28.42,40.27,82.3,-54.3,v2.0.1,online
AH-00133,2026-06-03 03:49:00,23.82,48.22,71.0,-57.9,v2.0.1,online
AH-00109,2026-06-03 03:53:00,21.07,43.97,83.1,-70.6,v2.1.0,online
AH-00101,2026-06-03 03:53:00,20.34,31.57,93.7,-57.8,v2.0.1,online
AH-00078,2026-06-03 03:54:00,22.28,40.26,37.5,-59.2,v2.0.1,online
AH-00105,2026-06-03 03:54:00,25.08,45.9,87.2,-52.0,v2.0.1,online
AH-00150,2026-06-03 03:55:00,19.79,53.17,74.4,-76.1,v2.1.0,online
AH-00092,2026-06-03 03:55:00,17.06,45.81,83.0,-64.3,v1.5.0,online
AH-00037,2026-06-03 03:57:00,20.74,43.68,73.0,-57.3,v2.0.1,online
AH-00120,2026-06-03 03:57:00,23.11,43.74,94.9,-66.9,v2.0.1,online
AH-00033,2026-06-03 04:01:00,18.09,49.03,79.0,-52.9,v1.4.2,online
AH-00045,2026-06-03 04:01:00,21.94,58.32,70.3,-64.5,v2.0.1,online
AH-00017,2026-06-03 04:04:00,20.41,46.16,90.5,-63.9,v1.4.2,online
AH-00081,2026-06-03 04:08:00,25.45,49.58,78.0,-61.3,v1.4.2,online
AH-00007,2026-06-03 04:08:00,20.7,49.42,89.8,-74.3,v2.0.1,online
AH-00160,2026-06-03 04:10:00,22.59,38.89,77.9,-52.7,v1.4.2,online
AH-00179,2026-06-03 04:10:00,25.59,42.16,57.2,-55.8,v2.1.0,online
AH-00082,2026-06-03 04:10:00,27.39,35.33,82.1,-59.9,v2.1.0,online
AH-00191,2026-06-03 04:12:00,28.05,47.93,66.8,-60.3,v1.4.2,online
AH-00196,2026-06-03 04:13:00,23.42,54.24,80.6,-61.9,v1.4.2,online
AH-00090,2026-06-03 04:13:00,20.68,33.09,83.9,-68.3,v1.5.0,offline
AH-00173,2026-06-03 04:14:00,23.43,50.68,65.1,-43.6,v1.5.0,offline
AH-00190,2026-06-03 04:14:00,20.32,54.06,87.8,-53.5,v2.0.1,online
AH-00137,2026-06-03 04:15:00,23.62,48.52,70.5,-77.0,v1.4.2,online
AH-00131,2026-06-03 04:16:00,22.82,46.88,73.5,-68.7,v2.0.1,online
AH-00137,2026-06-03 04:17:00,23.72,47.74,83.7,-72.2,v1.5.0,online
AH-00018,2026-06-03 04:17:00,26.46,51.22,80.1,-55.6,v2.1.0,online
AH-00094,2026-06-03 04:18:00,23.29,36.1,82.8,-63.8,v2.0.1,online
AH-00067,2026-06-03 04:18:00,24.28,45.02,83.4,-63.8,v2.0.1,offline
AH-00163,2026-06-03 04:22:00,21.03,38.65,57.1,-58.8,v2.0.1,online
AH-00144,2026-06-03 04:25:00,26.18,35.93,84.6,-57.6,v2.0.1,online
AH-00139,2026-06-03 04:25:00,18.34,38.11,86.6,-46.2,v2.0.1,online
AH-00134,2026-06-03 04:27:00,18.74,40.28,82.1,-56.0,v2.0.1,online
AH-00144,2026-06-03 04:28:00,18.4,48.27,73.7,-64.7,v1.5.0,online
AH-00070,2026-06-03 04:30:00,26.76,43.43,76.7,-65.9,v1.5.0,online
AH-00101,2026-06-03 04:31:00,20.78,46.76,82.4,-48.3,v2.0.1,online
AH-00099,2026-06-03 04:33:00,21.12,44.69,57.8,-58.9,v1.4.2,online
AH-00140,2026-06-03 04:35:00,21.99,57.39,86.5,-51.7,v1.4.2,offline
AH-00082,2026-06-03 04:35:00,22.61,48.19,48.1,-67.9,v2.1.0,online
AH-00137,2026-06-03 04:36:00,24.1,43.41,67.3,-41.8,v2.0.1,offline
AH-00131,2026-06-03 04:38:00,21.3,42.08,83.0,-66.5,v1.4.2,offline
AH-00088,2026-06-03 04:38:00,19.59,41.46,83.2,-58.9,v1.5.0,online
AH-00045,2026-06-03 04:42:00,21.73,53.69,82.3,-60.5,v2.1.0,online
AH-00147,2026-06-03 04:42:00,21.18,52.04,87.8,-58.4,v1.5.0,online
AH-00183,2026-06-03 04:43:00,24.88,49.15,95.9,-61.0,v2.0.1,online
AH-00048,2026-06-03 04:44:00,17.49,50.74,72.0,-61.2,v2.0.1,offline
AH-00155,2026-06-03 04:45:00,20.31,46.82,83.0,-60.6,v2.1.0,online
AH-00195,2026-06-03 04:48:00,21.4,52.68,59.6,-63.4,v1.5.0,online
AH-00015,2026-06-03 04:51:00,20.13,38.08,76.7,-47.6,v2.1.0,offline
AH-00084,2026-06-03 04:51:00,24.86,40.94,84.3,-71.1,v2.0.1,online
AH-00018,2026-06-03 04:53:00,21.4,54.99,88.9,-66.3,v1.5.0,online
AH-00160,2026-06-03 04:56:00,22.28,43.03,51.8,-59.7,v2.0.1,online
AH-00105,2026-06-03 04:56:00,17.85,36.2,55.7,-63.4,v2.1.0,online
AH-00059,2026-06-03 04:56:00,26.26,51.35,74.8,-78.1,v2.0.1,online
AH-00168,2026-06-03 04:57:00,17.65,45.79,85.3,-54.9,v1.5.0,online
AH-00135,2026-06-03 04:58:00,22.98,46.45,74.5,-54.0,v1.5.0,offline
AH-00076,2026-06-03 04:59:00,20.27,28.3,88.0,-53.8,v2.0.1,online
AH-00100,2026-06-03 05:06:00,24.41,38.6,79.2,-70.5,v2.1.0,online
AH-00187,2026-06-03 05:07:00,23.36,35.39,75.1,-62.0,v2.0.1,online
AH-00048,2026-06-03 05:08:00,25.49,38.67,59.6,-57.1,v2.0.1,online
AH-00088,2026-06-03 05:09:00,26.53,48.98,64.1,-53.0,v2.0.1,online
AH-00160,2026-06-03 05:10:00,21.54,57.25,61.0,-52.3,v2.0.1,online
AH-00001,2026-06-03 05:11:00,14.32,42.1,76.2,-68.4,v2.0.1,online
AH-00108,2026-06-03 05:11:00,23.16,51.07,66.0,-60.8,v2.1.0,online
AH-00158,2026-06-03 05:11:00,16.89,37.73,72.3,-64.7,v1.5.0,online
AH-00056,2026-06-03 05:12:00,18.91,48.6,72.7,-49.9,v2.0.1,offline
AH-00184,2026-06-03 05:13:00,19.25,32.0,72.2,-50.9,v2.0.1,online
AH-00073,2026-06-03 05:13:00,24.4,61.62,82.6,-69.4,v2.1.0,online
AH-00172,2026-06-03 05:15:00,18.7,41.71,80.9,-53.5,v2.1.0,online
AH-00194,2026-06-03 05:16:00,21.21,34.41,70.1,-62.0,v2.1.0,online
AH-00172,2026-06-03 05:17:00,25.98,53.74,76.5,-57.8,v2.0.1,online
AH-00127,2026-06-03 05:17:00,21.78,51.2,58.7,-64.1,v2.1.0,online
AH-00157,2026-06-03 05:19:00,14.94,45.36,73.7,-63.7,v1.5.0,online
AH-00067,2026-06-03 05:19:00,26.61,46.81,72.0,-55.2,v2.0.1,online
AH-00112,2026-06-03 05:20:00,20.91,57.45,80.4,-55.5,v1.5.0,offline
AH-00111,2026-06-03 05:21:00,21.57,39.72,97.9,-59.7,v2.1.0,online
AH-00199,2026-06-03 05:21:00,18.87,40.63,75.4,-65.8,v2.1.0,online
AH-00085,2026-06-03 05:22:00,24.29,40.93,77.0,-63.9,v2.0.1,online
AH-00022,2026-06-03 05:23:00,24.55,42.92,91.7,-47.3,v2.0.1,maintenance
AH-00193,2026-06-03 05:24:00,27.44,54.77,92.9,-77.0,v1.5.0,online
AH-00173,2026-06-03 05:27:00,20.02,36.34,67.1,-64.0,v2.1.0,online
AH-00119,2026-06-03 05:28:00,21.85,47.12,75.8,-59.2,v1.4.2,online
AH-00050,2026-06-03 05:29:00,21.09,39.16,69.7,-63.3,v1.4.2,online
AH-00091,2026-06-03 05:31:00,22.92,57.22,65.8,-65.5,v1.5.0,online
AH-00017,2026-06-03 05:32:00,25.91,58.27,77.9,-53.7,v1.5.0,online
AH-00163,2026-06-03 05:33:00,19.58,53.72,83.3,-59.8,v1.5.0,online
AH-00131,2026-06-03 05:33:00,19.69,45.86,54.3,-60.2,v2.1.0,online
AH-00102,2026-06-03 05:34:00,23.86,38.55,51.4,-68.0,v1.5.0,online
AH-00123,2026-06-03 05:35:00,24.16,37.38,70.5,-68.1,v2.0.1,online
AH-00152,2026-06-03 05:37:00,12.41,44.24,79.1,-59.1,v1.5.0,offline
AH-00060,2026-06-03 05:37:00,27.62,52.65,96.6,-55.3,v2.0.1,offline
AH-00112,2026-06-03 05:38:00,28.87,46.72,76.5,-54.9,v1.4.2,online
AH-00144,2026-06-03 05:38:00,27.95,58.1,85.2,-74.1,v1.5.0,online
AH-00158,2026-06-03 05:38:00,17.68,52.64,74.0,-54.9,v1.5.0,online
AH-00126,2026-06-03 05:40:00,19.52,53.46,84.9,-63.4,v2.1.0,online
AH-00101,2026-06-03 05:43:00,23.91,43.58,52.6,-50.5,v2.1.0,online
AH-00031,2026-06-03 05:44:00,21.62,46.81,91.3,-71.6,v2.0.1,online
AH-00153,2026-06-03 05:46:00,18.25,51.17,92.0,-57.2,v1.5.0,online
AH-00131,2026-06-03 05:46:00,24.01,42.25,68.6,-52.7,v1.5.0,offline
AH-00007,2026-06-03 05:47:00,21.71,45.18,87.4,-62.4,v2.0.1,online
AH-00156,2026-06-03 05:49:00,24.28,46.57,82.0,-68.2,v1.5.0,online
AH-00039,2026-06-03 05:49:00,23.34,30.58,73.9,-51.7,v1.4.2,online
AH-00054,2026-06-03 05:50:00,17.36,52.9,75.0,-69.9,v2.0.1,online
AH-00023,2026-06-03 05:52:00,23.39,40.69,78.0,-78.1,v1.5.0,online
AH-00105,2026-06-03 05:52:00,17.05,41.91,62.2,-69.0,v2.0.1,online
AH-00110,2026-06-03 05:53:00,18.36,33.97,91.8,-64.8,v1.5.0,online
AH-00035,2026-06-03 05:53:00,20.32,57.16,93.3,-64.9,v2.0.1,offline
AH-00104,2026-06-03 05:53:00,22.02,42.1,77.1,-63.0,v2.0.1,online
AH-00194,2026-06-03 05:54:00,19.39,47.7,58.6,-65.9,v2.1.0,online
AH-00114,2026-06-03 05:55:00,24.24,38.89,87.8,-65.6,v2.0.1,offline
AH-00146,2026-06-03 05:56:00,22.3,45.79,87.8,-56.1,v2.0.1,online
AH-00160,2026-06-03 05:57:00,27.05,48.41,54.9,-66.1,v1.5.0,online
AH-00165,2026-06-03 05:58:00,16.09,49.58,74.5,-61.2,v2.0.1,online
AH-00078,2026-06-03 05:58:00,23.03,49.73,98.3,-51.3,v1.5.0,online
AH-00182,2026-06-03 05:59:00,21.76,26.73,57.5,-73.4,v2.0.1,online
AH-00147,2026-06-03 05:59:00,24.28,25.94,79.7,-54.9,v2.1.0,online
AH-00105,2026-06-03 05:59:00,23.64,38.22,99.2,-60.0,v2.0.1,online
AH-00090,2026-06-03 06:00:00,24.25,44.66,69.5,-72.2,v2.0.1,online
AH-00092,2026-06-03 06:00:00,23.14,37.16,74.6,-53.1,v2.0.1,online
AH-00064,2026-06-03 06:02:00,18.74,53.16,97.1,-59.3,v2.1.0,online
AH-00113,2026-06-03 06:02:00,21.21,43.02,86.8,-71.5,v1.5.0,online
AH-00101,2026-06-03 06:02:00,22.24,22.35,85.1,-70.7,v1.4.2,online
AH-00037,2026-06-03 06:02:00,14.56,36.99,83.6,-48.9,v2.1.0,online
AH-00176,2026-06-03 06:03:00,27.43,55.0,67.1,-68.5,v1.5.0,online
AH-00019,2026-06-03 06:04:00,20.1,45.17,82.7,-69.9,v2.1.0,online
AH-00104,2026-06-03 06:05:00,22.93,37.55,85.8,-62.2,v2.1.0,online
AH-00159,2026-06-03 06:06:00,23.62,50.23,65.0,-62.2,v2.0.1,offline
AH-00175,2026-06-03 06:06:00,25.7,53.2,88.3,-68.2,v2.1.0,online
AH-00040,2026-06-03 06:07:00,21.21,41.65,83.4,-65.2,v1.5.0,online
AH-00015,2026-06-03 06:08:00,22.51,34.32,75.9,-65.8,v1.5.0,online
AH-00020,2026-06-03 06:09:00,23.68,47.2,72.0,-46.0,v2.0.1,online
AH-00189,2026-06-03 06:10:00,23.62,63.35,83.0,-57.9,v1.5.0,online
AH-00095,2026-06-03 06:14:00,22.44,44.92,78.1,-56.3,v2.0.1,online
AH-00102,2026-06-03 06:14:00,20.69,46.95,59.3,-70.5,v2.0.1,online
AH-00123,2026-06-03 06:16:00,22.14,40.38,82.7,-70.6,v1.5.0,online
AH-00042,2026-06-03 06:16:00,26.35,42.42,100.0,-63.8,v1.5.0,online
AH-00188,2026-06-03 06:18:00,20.27,46.06,90.7,-68.0,v1.4.2,online
AH-00096,2026-06-03 06:19:00,22.82,40.46,64.1,-57.9,v1.5.0,online
AH-00072,2026-06-03 06:19:00,24.69,44.77,65.3,-59.6,v1.5.0,online
AH-00039,2026-06-03 06:20:00,23.69,42.08,96.3,-64.3,v2.0.1,online
AH-00062,2026-06-03 06:21:00,21.5,35.89,70.7,-54.9,v2.0.1,online
AH-00005,2026-06-03 06:21:00,17.7,53.77,71.3,-57.5,v2.0.1,online
AH-00090,2026-06-03 06:22:00,21.11,37.82,87.4,-65.8,v1.4.2,online
AH-00097,2026-06-03 06:23:00,20.52,35.44,93.7,-68.4,v1.5.0,online
AH-00030,2026-06-03 06:23:00,21.06,32.44,94.5,-62.3,v1.5.0,online
AH-00056,2026-06-03 06:23:00,23.66,50.53,65.4,-56.3,v2.1.0,online
AH-00076,2026-06-03 06:25:00,22.58,41.27,57.6,-58.2,v1.5.0,online
AH-00005,2026-06-03 06:26:00,21.28,41.94,75.4,-72.0,v1.4.2,offline
AH-00178,2026-06-03 06:26:00,25.26,46.27,61.1,-57.3,v2.0.1,online
AH-00153,2026-06-03 06:27:00,21.03,42.55,62.0,-67.4,v2.0.1,online
AH-00097,2026-06-03 06:27:00,24.45,44.94,70.0,-50.9,v1.5.0,online
AH-00086,2026-06-03 06:29:00,22.61,37.61,62.2,-62.4,v2.0.1,online
AH-00069,2026-06-03 06:29:00,19.39,34.61,89.6,-69.8,v1.5.0,online
AH-00176,2026-06-03 06:29:00,20.72,47.35,63.7,-61.9,v1.5.0,online
AH-00170,2026-06-03 06:31:00,21.44,50.99,91.8,-60.8,v2.0.1,online
AH-00044,2026-06-03 06:32:00,16.98,38.52,75.4,-57.7,v2.1.0,online
AH-00181,2026-06-03 06:33:00,21.79,46.42,69.8,-72.6,v2.0.1,online
AH-00007,2026-06-03 06:34:00,19.2,46.52,90.2,-70.5,v2.1.0,maintenance
AH-00087,2026-06-03 06:35:00,22.53,43.28,72.0,-61.6,v2.1.0,online
AH-00156,2026-06-03 06:36:00,28.25,46.49,68.3,-71.2,v2.0.1,online
AH-00130,2026-06-03 06:37:00,24.98,46.07,99.2,-70.1,v2.1.0,online
AH-00117,2026-06-03 06:37:00,18.56,46.96,88.0,-75.5,v1.5.0,online
AH-00058,2026-06-03 06:38:00,18.21,46.43,79.2,-72.6,v2.1.0,offline
AH-00168,2026-06-03 06:39:00,24.87,53.44,73.6,-60.5,v2.0.1,online
AH-00101,2026-06-03 06:39:00,21.66,29.76,68.8,-55.7,v2.1.0,online
AH-00090,2026-06-03 06:39:00,17.82,40.56,55.7,-56.8,v1.5.0,offline
AH-00031,2026-06-03 06:40:00,25.72,44.87,80.2,-64.7,v1.5.0,online
AH-00166,2026-06-03 06:40:00,22.95,45.01,82.1,-59.6,v1.5.0,online
AH-00012,2026-06-03 06:41:00,22.12,58.22,66.2,-50.5,v2.0.1,online
AH-00197,2026-06-03 06:42:00,21.21,49.98,84.0,-64.0,v2.1.0,maintenance
AH-00049,2026-06-03 06:42:00,26.93,41.65,75.9,-61.4,v2.0.1,online
AH-00110,2026-06-03 06:42:00,21.44,53.71,91.5,-68.1,v2.1.0,online
AH-00153,2026-06-03 06:44:00,16.91,47.4,76.3,-70.0,v2.0.1,online
AH-00050,2026-06-03 06:45:00,27.12,44.17,73.6,-64.1,v2.1.0,online
AH-00152,2026-06-03 06:46:00,23.87,52.67,66.0,-51.5,v2.0.1,online
AH-00031,2026-06-03 06:47:00,19.48,29.24,80.6,-64.8,v1.5.0,online
AH-00087,2026-06-03 06:49:00,26.86,49.65,78.3,-70.4,v2.0.1,online
AH-00020,2026-06-03 06:50:00,19.53,51.91,64.0,-64.3,v1.5.0,online
AH-00182,2026-06-03 06:51:00,24.32,40.04,73.9,-63.9,v2.0.1,online
AH-00024,2026-06-03 06:52:00,21.05,54.79,72.5,-60.1,v2.1.0,offline
AH-00170,2026-06-03 06:52:00,27.28,53.93,73.8,-58.8,v2.0.1,online
AH-00126,2026-06-03 06:52:00,17.99,46.42,71.9,-68.9,v2.0.1,online
AH-00056,2026-06-03 06:53:00,25.28,48.34,76.7,-60.9,v1.5.0,online
AH-00029,2026-06-03 06:53:00,25.67,47.06,83.6,-61.3,v2.1.0,online
AH-00144,2026-06-03 06:54:00,19.5,45.62,75.2,-66.8,v2.0.1,online
AH-00153,2026-06-03 06:54:00,19.64,40.23,72.9,-67.1,v2.0.1,online
AH-00151,2026-06-03 06:54:00,20.24,51.67,70.5,-70.0,v1.5.0,online
AH-00124,2026-06-03 06:55:00,23.38,45.28,62.0,-67.3,v2.0.1,online
AH-00021,2026-06-03 06:56:00,24.33,40.67,77.8,-62.1,v2.0.1,online
AH-00199,2026-06-03 06:57:00,25.49,44.26,86.9,-65.7,v2.1.0,offline
AH-00153,2026-06-03 06:58:00,21.46,41.91,75.6,-82.0,v1.5.0,online
AH-00061,2026-06-03 07:00:00,16.43,52.27,76.4,-70.4,v1.4.2,online
AH-00071,2026-06-03 07:00:00,18.55,53.67,64.2,-49.8,v2.0.1,online
AH-00195,2026-06-03 07:02:00,26.92,38.99,78.7,-59.2,v2.0.1,offline
AH-00180,2026-06-03 07:02:00,25.92,37.81,80.3,-67.2,v1.4.2,online
AH-00187,2026-06-03 07:02:00,26.66,52.22,77.9,-49.3,v2.1.0,online
AH-00116,2026-06-03 07:03:00,25.52,57.18,72.7,-69.3,v1.5.0,online
AH-00144,2026-06-03 07:03:00,23.38,35.58,76.0,-51.8,v2.0.1,offline
AH-00187,2026-06-03 07:03:00,19.45,51.33,67.9,-58.6,v1.5.0,online
AH-00153,2026-06-03 07:04:00,24.8,55.3,64.1,-71.4,v2.1.0,online
AH-00031,2026-06-03 07:05:00,25.69,56.18,88.5,-69.6,v2.0.1,online
AH-00187,2026-06-03 07:07:00,25.83,59.27,57.0,-55.4,v2.0.1,online
AH-00159,2026-06-03 07:08:00,17.66,46.36,85.1,-52.8,v1.5.0,maintenance
AH-00176,2026-06-03 07:09:00,22.64,35.71,74.8,-58.9,v1.5.0,online
AH-00100,2026-06-03 07:10:00,21.32,42.24,81.9,-69.6,v2.0.1,online
AH-00134,2026-06-03 07:11:00,26.71,47.66,84.6,-76.2,v2.0.1,online
AH-00113,2026-06-03 07:13:00,25.7,33.23,92.9,-58.3,v2.0.1,maintenance
AH-00096,2026-06-03 07:14:00,25.27,28.97,75.3,-57.6,v2.1.0,online
AH-00168,2026-06-03 07:16:00,20.14,42.8,94.4,-66.0,v2.0.1,online
AH-00161,2026-06-03 07:16:00,20.13,40.0,68.1,-77.3,v1.5.0,online
AH-00162,2026-06-03 07:18:00,24.14,45.64,95.4,-67.1,v2.0.1,maintenance
AH-00004,2026-06-03 07:19:00,26.96,52.36,75.0,-53.6,v2.1.0,online
AH-00088,2026-06-03 07:22:00,28.35,43.35,71.0,-61.6,v1.4.2,online
AH-00051,2026-06-03 07:23:00,23.83,48.78,83.0,-59.7,v2.0.1,online
AH-00081,2026-06-03 07:24:00,21.31,44.13,56.1,-49.8,v1.5.0,online
AH-00101,2026-06-03 07:25:00,22.06,48.89,70.4,-58.0,v2.0.1,online
AH-00018,2026-06-03 07:25:00,22.15,37.31,77.6,-65.7,v2.0.1,online
AH-00005,2026-06-03 07:25:00,25.16,44.36,88.7,-58.0,v2.0.1,maintenance
AH-00020,2026-06-03 07:30:00,25.23,53.5,77.1,-56.2,v1.5.0,offline
AH-00120,2026-06-03 07:30:00,18.22,48.96,64.8,-61.9,v1.5.0,online
AH-00189,2026-06-03 07:31:00,17.95,48.65,70.0,-66.6,v2.1.0,offline
AH-00133,2026-06-03 07:31:00,21.21,40.66,100.0,-65.7,v2.1.0,offline
AH-00104,2026-06-03 07:34:00,18.98,52.81,76.1,-57.6,v2.1.0,online
AH-00009,2026-06-03 07:34:00,19.79,33.01,84.5,-56.3,v2.0.1,online
AH-00009,2026-06-03 07:34:00,19.31,40.16,92.0,-75.4,v2.0.1,online
AH-00140,2026-06-03 07:36:00,22.3,59.34,88.5,-57.2,v1.4.2,online
AH-00063,2026-06-03 07:37:00,26.88,35.52,94.3,-67.5,v2.0.1,online
AH-00125,2026-06-03 07:38:00,18.41,47.72,70.0,-72.0,v1.5.0,online
AH-00106,2026-06-03 07:39:00,23.94,55.8,91.3,-60.8,v1.5.0,online
AH-00085,2026-06-03 07:42:00,19.69,45.34,86.6,-68.9,v2.0.1,online
AH-00058,2026-06-03 07:42:00,22.74,45.2,87.0,-61.4,v1.4.2,online
AH-00039,2026-06-03 07:42:00,21.41,60.14,79.1,-48.2,v2.0.1,online
AH-00164,2026-06-03 07:42:00,21.78,53.49,59.5,-55.3,v1.5.0,online
AH-00088,2026-06-03 07:45:00,22.02,57.37,71.6,-62.6,v2.0.1,online
AH-00099,2026-06-03 07:46:00,24.5,39.43,97.4,-61.1,v2.0.1,online
AH-00036,2026-06-03 07:46:00,23.38,44.48,76.1,-54.1,v1.5.0,online
AH-00098,2026-06-03 07:50:00,19.43,45.96,74.9,-61.3,v2.1.0,online
AH-00019,2026-06-03 07:57:00,24.36,49.6,78.4,-57.2,v2.1.0,online
AH-00044,2026-06-03 07:58:00,25.79,46.77,91.7,-51.8,v2.0.1,online
AH-00079,2026-06-03 07:59:00,27.37,44.27,74.7,-62.4,v2.1.0,offline
AH-00178,2026-06-03 07:59:00,19.88,44.67,100.0,-67.9,v2.1.0,online
AH-00115,2026-06-03 07:59:00,22.06,34.7,83.1,-65.8,v1.5.0,online
AH-00158,2026-06-03 07:59:00,23.05,50.84,86.3,-70.5,v1.4.2,online
AH-00169,2026-06-03 08:00:00,22.06,45.56,65.9,-66.5,v1.4.2,online
AH-00087,2026-06-03 08:00:00,18.1,27.87,90.0,-61.9,v1.4.2,offline
AH-00135,2026-06-03 08:00:00,23.26,29.08,78.1,-48.5,v2.0.1,online
AH-00037,2026-06-03 08:01:00,19.2,38.95,82.4,-50.5,v1.5.0,online
AH-00138,2026-06-03 08:02:00,20.95,43.84,72.1,-66.3,v1.5.0,offline
AH-00091,2026-06-03 08:02:00,21.08,42.69,79.6,-46.4,v2.0.1,online
AH-00041,2026-06-03 08:04:00,21.8,58.01,79.2,-56.5,v2.0.1,online
AH-00008,2026-06-03 08:05:00,21.79,49.64,86.5,-70.3,v1.5.0,online
AH-00065,2026-06-03 08:06:00,23.15,38.07,70.9,-64.2,v1.4.2,online
AH-00070,2026-06-03 08:06:00,23.32,39.55,51.8,-73.0,v1.5.0,online
AH-00054,2026-06-03 08:07:00,20.96,40.53,93.4,-63.8,v1.5.0,online
AH-00180,2026-06-03 08:07:00,25.04,27.91,78.4,-62.2,v2.1.0,online
AH-00011,2026-06-03 08:10:00,16.87,46.52,58.2,-79.1,v2.0.1,online
AH-00014,2026-06-03 08:10:00,23.31,48.68,76.1,-72.3,v1.5.0,online
AH-00102,2026-06-03 08:12:00,32.31,39.36,62.0,-39.5,v1.4.2,online
AH-00029,2026-06-03 08:12:00,18.48,44.0,70.5,-61.7,v2.0.1,offline
AH-00018,2026-06-03 08:12:00,25.77,43.26,100.0,-62.1,v1.5.0,online
AH-00173,2026-06-03 08:13:00,17.48,38.56,85.8,-47.8,v1.5.0,online
AH-00171,2026-06-03 08:14:00,23.92,55.8,78.1,-53.8,v2.0.1,online
AH-00036,2026-06-03 08:15:00,19.52,37.17,89.3,-72.4,v2.0.1,online
AH-00193,2026-06-03 08:16:00,20.79,49.78,85.1,-53.5,v1.5.0,online
AH-00031,2026-06-03 08:16:00,26.08,43.94,78.3,-67.7,v1.5.0,online
AH-00017,2026-06-03 08:17:00,22.82,49.34,96.5,-51.3,v1.5.0,online
AH-00169,2026-06-03 08:18:00,20.03,43.06,67.2,-56.2,v2.0.1,online
AH-00124,2026-06-03 08:19:00,20.37,42.3,80.4,-54.8,v1.5.0,online
AH-00195,2026-06-03 08:19:00,25.98,38.38,88.7,-60.6,v2.1.0,online
AH-00157,2026-06-03 08:20:00,22.66,41.72,90.2,-65.2,v1.5.0,online
AH-00069,2026-06-03 08:21:00,21.95,37.79,86.0,-59.5,v1.5.0,online
AH-00020,2026-06-03 08:21:00,20.61,60.6,60.3,-69.5,v2.1.0,online
AH-00120,2026-06-03 08:21:00,24.49,50.19,78.7,-73.3,v1.5.0,online
AH-00007,2026-06-03 08:22:00,17.41,44.51,63.4,-62.8,v2.0.1,online
AH-00115,2026-06-03 08:24:00,23.27,32.39,83.7,-63.0,v1.5.0,online
AH-00050,2026-06-03 08:25:00,21.25,52.12,82.3,-56.8,v2.0.1,online
AH-00192,2026-06-03 08:27:00,26.26,49.96,90.4,-52.7,v1.4.2,online
AH-00091,2026-06-03 08:27:00,21.7,43.1,66.9,-51.7,v2.0.1,online
AH-00079,2026-06-03 08:29:00,23.68,41.04,100.0,-61.5,v2.1.0,online
AH-00076,2026-06-03 08:29:00,21.29,35.32,81.3,-54.1,v2.0.1,online
AH-00120,2026-06-03 08:30:00,20.01,48.73,74.4,-65.6,v1.4.2,offline
AH-00122,2026-06-03 08:30:00,20.74,41.51,59.8,-38.1,v2.0.1,offline
AH-00095,2026-06-03 08:31:00,19.91,33.22,87.0,-62.5,v2.0.1,online
AH-00068,2026-06-03 08:34:00,24.78,35.6,100.0,-64.6,v2.0.1,offline
AH-00029,2026-06-03 08:34:00,27.47,43.06,70.8,-53.7,v1.5.0,online
AH-00143,2026-06-03 08:35:00,22.09,40.11,94.2,-84.0,v2.1.0,online
AH-00073,2026-06-03 08:35:00,24.44,39.51,79.7,-60.1,v2.1.0,online
AH-00062,2026-06-03 08:35:00,24.86,47.62,72.6,-61.9,v1.4.2,online
AH-00180,2026-06-03 08:35:00,21.2,52.24,88.3,-52.6,v2.1.0,online
AH-00097,2026-06-03 08:35:00,19.58,47.96,70.6,-59.2,v2.1.0,online
AH-00127,2026-06-03 08:36:00,20.11,35.18,84.0,-58.5,v2.0.1,online
AH-00034,2026-06-03 08:37:00,25.87,43.07,89.2,-64.9,v1.5.0,online
AH-00156,2026-06-03 08:37:00,19.36,34.42,57.8,-45.3,v1.5.0,online
AH-00038,2026-06-03 08:37:00,22.7,32.96,73.2,-66.2,v1.5.0,online
AH-00129,2026-06-03 08:40:00,21.03,26.08,100.0,-68.6,v1.5.0,online
AH-00158,2026-06-03 08:40:00,19.57,41.59,69.2,-55.4,v2.0.1,online
AH-00081,2026-06-03 08:41:00,20.31,39.43,68.6,-57.4,v2.0.1,online
AH-00039,2026-06-03 08:41:00,26.56,47.49,69.5,-59.8,v1.4.2,offline
AH-00121,2026-06-03 08:42:00,23.59,49.57,88.9,-58.1,v2.0.1,online
AH-00185,2026-06-03 08:42:00,22.66,43.68,84.4,-55.0,v2.1.0,online
AH-00080,2026-06-03 08:43:00,22.62,46.44,99.8,-57.0,v1.5.0,online
AH-00168,2026-06-03 08:43:00,22.01,53.31,82.0,-55.7,v2.1.0,online
AH-00120,2026-06-03 08:43:00,22.54,53.64,61.6,-78.7,v1.5.0,online
AH-00016,2026-06-03 08:44:00,18.34,47.14,87.4,-60.1,v1.4.2,online
AH-00193,2026-06-03 08:45:00,19.87,43.81,90.8,-63.4,v1.5.0,online
AH-00148,2026-06-03 08:45:00,19.33,57.73,75.4,-73.4,v2.1.0,online
AH-00051,2026-06-03 08:45:00,22.62,37.57,66.3,-55.9,v1.4.2,online
AH-00074,2026-06-03 08:46:00,23.01,57.99,68.6,-70.8,v2.0.1,online
AH-00146,2026-06-03 08:46:00,22.28,40.98,83.5,-62.2,v1.5.0,online
AH-00076,2026-06-03 08:46:00,26.84,43.97,84.1,-39.7,v2.0.1,online
AH-00028,2026-06-03 08:48:00,20.85,51.5,96.5,-62.4,v1.4.2,offline
AH-00163,2026-06-03 08:51:00,23.22,51.29,94.7,-58.9,v2.1.0,online
AH-00166,2026-06-03 08:51:00,20.33,48.84,100.0,-64.7,v1.4.2,online
AH-00021,2026-06-03 08:52:00,23.24,41.59,80.1,-59.9,v2.1.0,online
AH-00196,2026-06-03 08:52:00,22.64,44.38,76.4,-47.9,v2.1.0,online
AH-00066,2026-06-03 08:52:00,20.69,55.2,70.3,-45.1,v1.5.0,online
AH-00037,2026-06-03 08:53:00,22.21,47.0,64.2,-55.0,v1.5.0,online
AH-00088,2026-06-03 08:55:00,20.12,39.89,87.8,-65.4,v2.1.0,offline
AH-00004,2026-06-03 08:56:00,15.54,47.07,61.9,-59.2,v2.1.0,offline
AH-00049,2026-06-03 08:57:00,21.37,38.9,61.7,-50.5,v1.5.0,online
AH-00054,2026-06-03 08:58:00,25.01,42.55,88.0,-54.3,v1.5.0,online
AH-00027,2026-06-03 08:59:00,23.01,36.67,58.6,-67.3,v2.1.0,online
AH-00170,2026-06-03 09:00:00,26.03,35.94,71.2,-66.2,v1.5.0,online
AH-00048,2026-06-03 09:00:00,26.11,43.95,74.9,-57.6,v2.0.1,online
AH-00143,2026-06-03 09:01:00,20.81,39.18,82.6,-53.5,v2.0.1,offline
AH-00166,2026-06-03 09:02:00,28.05,34.63,71.0,-54.1,v1.4.2,online
AH-00088,2026-06-03 09:02:00,24.88,46.39,66.3,-58.3,v2.0.1,online
AH-00059,2026-06-03 09:02:00,20.95,34.07,93.1,-66.4,v2.0.1,online
AH-00011,2026-06-03 09:05:00,20.49,57.79,71.6,-58.9,v2.0.1,online
AH-00076,2026-06-03 09:06:00,24.46,35.03,81.3,-54.8,v1.5.0,online
AH-00038,2026-06-03 09:07:00,22.4,49.24,96.6,-58.8,v2.0.1,maintenance
AH-00036,2026-06-03 09:08:00,18.88,42.03,90.3,-69.2,v2.0.1,online
AH-00025,2026-06-03 09:09:00,25.03,44.58,77.7,-69.3,v2.0.1,offline
AH-00149,2026-06-03 09:09:00,24.37,43.24,78.8,-67.7,v2.0.1,online
AH-00090,2026-06-03 09:10:00,22.77,38.77,81.1,-64.4,v1.5.0,offline
AH-00059,2026-06-03 09:12:00,21.54,38.67,81.3,-57.4,v1.5.0,online
AH-00163,2026-06-03 09:13:00,21.82,36.61,86.5,-59.7,v2.1.0,online
AH-00010,2026-06-03 09:14:00,27.27,47.16,76.6,-70.2,v2.0.1,offline
AH-00020,2026-06-03 09:15:00,18.44,44.58,71.9,-61.3,v2.0.1,offline
AH-00006,2026-06-03 09:16:00,21.91,34.11,66.9,-60.3,v1.4.2,online
AH-00125,2026-06-03 09:20:00,18.14,38.36,51.5,-56.9,v1.4.2,online
AH-00161,2026-06-03 09:20:00,22.02,34.83,78.7,-64.2,v1.5.0,online
AH-00074,2026-06-03 09:20:00,31.19,40.23,74.1,-59.2,v2.0.1,online
AH-00076,2026-06-03 09:22:00,22.08,31.27,64.9,-46.3,v1.5.0,online
AH-00156,2026-06-03 09:23:00,17.42,42.26,70.2,-70.8,v2.0.1,online
AH-00112,2026-06-03 09:24:00,18.82,33.97,81.4,-42.7,v1.5.0,online
AH-00184,2026-06-03 09:24:00,17.86,51.73,96.3,-49.9,v2.0.1,online
AH-00156,2026-06-03 09:26:00,20.11,50.29,82.0,-47.6,v2.1.0,online
AH-00155,2026-06-03 09:28:00,23.41,43.06,60.7,-58.8,v2.0.1,online
AH-00123,2026-06-03 09:28:00,20.57,53.29,94.4,-59.9,v2.0.1,online
AH-00138,2026-06-03 09:30:00,26.46,48.9,68.1,-64.3,v2.1.0,online
AH-00174,2026-06-03 09:30:00,21.91,43.27,62.8,-56.3,v1.5.0,online
AH-00066,2026-06-03 09:32:00,21.52,47.27,65.0,-61.0,v1.5.0,online
AH-00160,2026-06-03 09:32:00,23.46,60.79,58.7,-65.7,v2.1.0,online
AH-00144,2026-06-03 09:33:00,20.12,47.4,73.5,-57.5,v2.0.1,offline
AH-00190,2026-06-03 09:33:00,21.23,54.44,68.5,-70.5,v2.0.1,online
AH-00118,2026-06-03 09:35:00,17.08,49.13,63.1,-65.8,v2.0.1,online
AH-00200,2026-06-03 09:37:00,19.74,45.29,89.5,-67.7,v1.4.2,maintenance
AH-00099,2026-06-03 09:38:00,21.58,48.78,77.2,-63.0,v2.0.1,online
AH-00107,2026-06-03 09:39:00,25.46,55.66,74.6,-66.4,v2.0.1,online
AH-00038,2026-06-03 09:39:00,21.59,45.37,75.5,-59.0,v2.0.1,online
AH-00075,2026-06-03 09:39:00,24.03,64.78,85.5,-65.5,v1.4.2,online
AH-00120,2026-06-03 09:39:00,23.96,54.65,90.9,-57.4,v1.5.0,online
AH-00084,2026-06-03 09:39:00,21.4,44.85,81.0,-65.4,v1.4.2,online
AH-00012,2026-06-03 09:40:00,20.65,38.94,50.0,-66.9,v2.1.0,online
AH-00026,2026-06-03 09:42:00,25.54,42.36,69.5,-56.5,v2.0.1,online
AH-00157,2026-06-03 09:43:00,17.32,48.4,90.5,-49.7,v1.5.0,online
AH-00106,2026-06-03 09:46:00,25.16,54.73,78.4,-58.0,v2.1.0,maintenance
AH-00149,2026-06-03 09:46:00,25.87,44.01,73.2,-61.3,v1.5.0,online
AH-00047,2026-06-03 09:47:00,22.22,50.34,88.5,-54.2,v2.0.1,online
AH-00174,2026-06-03 09:50:00,21.82,59.85,82.4,-65.9,v2.0.1,online
AH-00014,2026-06-03 09:52:00,19.05,55.24,76.4,-66.7,v1.5.0,online
AH-00037,2026-06-03 09:53:00,17.91,38.48,64.9,-55.2,v1.5.0,online
AH-00031,2026-06-03 09:53:00,21.28,38.48,81.7,-68.1,v2.0.1,online
AH-00189,2026-06-03 09:55:00,18.42,46.95,67.7,-65.5,v2.1.0,online
AH-00009,2026-06-03 09:55:00,28.76,43.41,100.0,-44.3,v2.0.1,offline
AH-00068,2026-06-03 09:56:00,18.72,32.67,72.4,-69.1,v2.1.0,online
AH-00004,2026-06-03 09:56:00,19.45,35.01,74.6,-62.2,v2.0.1,online
AH-00192,2026-06-03 09:57:00,21.64,42.3,67.9,-76.6,v2.0.1,online
AH-00062,2026-06-03 09:59:00,21.71,45.89,86.4,-56.7,v2.0.1,maintenance
AH-00031,2026-06-03 10:00:00,22.07,44.08,67.6,-62.4,v2.1.0,online
AH-00059,2026-06-03 10:03:00,25.76,49.41,54.0,-72.5,v2.0.1,online
AH-00161,2026-06-03 10:06:00,16.65,34.5,69.2,-59.0,v1.5.0,online
AH-00158,2026-06-03 10:08:00,19.81,35.43,64.9,-55.6,v2.0.1,online
AH-00069,2026-06-03 10:09:00,21.29,42.58,78.9,-62.5,v2.0.1,maintenance
AH-00057,2026-06-03 10:10:00,22.16,53.76,95.8,-56.9,v2.0.1,online
AH-00114,2026-06-03 10:10:00,20.07,44.67,73.6,-72.5,v2.0.1,online
AH-00022,2026-06-03 10:12:00,22.86,49.3,100.0,-50.3,v1.5.0,online
AH-00188,2026-06-03 10:13:00,18.97,,75.0,-54.3,v1.4.2,online
AH-00191,2026-06-03 10:13:00,13.88,41.84,62.8,-71.2,v2.0.1,online
AH-00123,2026-06-03 10:14:00,19.72,65.95,70.4,-68.1,v2.1.0,online
AH-00158,2026-06-03 10:16:00,25.34,68.67,81.0,-69.4,v1.4.2,online
AH-00027,2026-06-03 10:16:00,21.21,40.4,80.5,-48.7,v2.0.1,online
AH-00150,2026-06-03 10:17:00,22.46,40.77,72.5,-59.8,v2.0.1,online
AH-00070,2026-06-03 10:18:00,21.48,45.91,93.7,-78.4,v2.1.0,online
AH-00122,2026-06-03 10:19:00,16.89,54.63,64.6,-60.9,v1.4.2,online
AH-00066,2026-06-03 10:19:00,23.29,31.36,81.1,-59.7,v1.5.0,online
AH-00031,2026-06-03 10:19:00,12.81,47.17,58.1,-56.5,v1.5.0,online
AH-00094,2026-06-03 10:20:00,24.93,47.91,82.7,-69.3,v2.0.1,online
AH-00023,2026-06-03 10:26:00,24.86,41.55,81.9,-67.2,v2.0.1,online
AH-00135,2026-06-03 10:26:00,21.29,48.17,59.9,-82.0,v2.0.1,maintenance
AH-00111,2026-06-03 10:27:00,17.98,33.39,80.4,-51.6,v1.5.0,online
AH-00082,2026-06-03 10:27:00,23.59,55.88,87.6,-58.5,v2.1.0,online
AH-00042,2026-06-03 10:28:00,24.27,34.76,84.3,-58.1,v1.5.0,online
AH-00110,2026-06-03 10:30:00,19.11,54.87,61.3,-59.5,v1.4.2,online
AH-00196,2026-06-03 10:31:00,16.99,45.07,82.8,-69.8,v2.0.1,online
AH-00194,2026-06-03 10:35:00,22.02,49.3,71.1,-43.8,v2.0.1,online
AH-00064,2026-06-03 10:36:00,21.32,37.75,64.9,-67.7,v1.5.0,online
AH-00011,2026-06-03 10:38:00,23.91,40.53,72.5,-54.7,v2.0.1,maintenance
AH-00123,2026-06-03 10:38:00,25.65,52.01,70.0,-72.7,v2.0.1,online
AH-00011,2026-06-03 10:38:00,26.31,44.1,52.4,-77.7,v1.5.0,online
AH-00083,2026-06-03 10:39:00,18.79,39.61,82.2,-53.4,v2.0.1,online
AH-00009,2026-06-03 10:39:00,19.17,30.52,77.4,-57.9,v2.1.0,online
AH-00001,2026-06-03 10:40:00,25.73,40.89,78.6,-76.2,v1.5.0,online
AH-00017,2026-06-03 10:40:00,21.76,54.24,57.0,-42.5,v2.0.1,online
AH-00134,2026-06-03 10:41:00,21.16,39.9,78.0,-75.9,v2.1.0,online
AH-00039,2026-06-03 10:42:00,26.33,51.84,70.2,-65.4,v2.0.1,offline
AH-00013,2026-06-03 10:43:00,25.47,66.44,82.0,-59.5,v2.0.1,online
AH-00194,2026-06-03 10:44:00,19.76,55.37,76.9,-67.0,v1.5.0,online
AH-00074,2026-06-03 10:45:00,18.01,57.82,96.4,-62.0,v2.0.1,online
AH-00084,2026-06-03 10:45:00,26.15,39.81,75.2,-47.3,v1.4.2,offline
AH-00164,2026-06-03 10:46:00,24.23,38.44,68.2,-69.9,v2.0.1,online
AH-00074,2026-06-03 10:47:00,21.96,42.97,82.3,-81.8,v1.5.0,online
AH-00153,2026-06-03 10:48:00,25.91,30.94,82.7,-54.0,v2.0.1,online
AH-00042,2026-06-03 10:50:00,15.18,51.77,77.0,-59.3,v1.4.2,online
AH-00104,2026-06-03 10:50:00,17.88,56.45,72.3,-51.3,v2.1.0,online
AH-00139,2026-06-03 10:51:00,21.96,43.57,68.8,-56.2,v1.5.0,online
AH-00077,2026-06-03 10:52:00,21.74,51.58,75.1,-63.2,v2.0.1,offline
AH-00004,2026-06-03 10:53:00,16.19,26.82,98.1,-67.0,v1.5.0,online
AH-00124,2026-06-03 10:54:00,19.29,50.96,72.5,-61.8,v2.0.1,online
AH-00055,2026-06-03 10:55:00,21.0,60.42,64.0,-55.4,v1.4.2,offline
AH-00120,2026-06-03 10:56:00,19.8,63.61,100.0,-59.7,v1.5.0,online
AH-00105,2026-06-03 10:56:00,22.86,44.8,79.9,-61.4,v1.5.0,offline
AH-00150,2026-06-03 10:57:00,22.6,41.16,73.4,-72.1,v1.4.2,online
AH-00059,2026-06-03 10:58:00,22.63,53.68,77.2,-65.8,v2.1.0,online
AH-00173,2026-06-03 11:01:00,22.57,62.06,70.1,-58.0,v2.0.1,online
AH-00035,2026-06-03 11:04:00,26.87,42.01,93.5,-53.3,v1.5.0,offline
AH-00183,2026-06-03 11:04:00,25.11,37.58,81.8,-62.4,v1.5.0,online
AH-00050,2026-06-03 11:06:00,21.42,53.81,87.1,-66.5,v1.4.2,online
AH-00174,2026-06-03 11:07:00,24.13,43.05,100.0,-62.7,v2.0.1,online
AH-00022,2026-06-03 11:07:00,21.52,40.95,95.2,-57.0,v1.4.2,online
AH-00003,2026-06-03 11:07:00,24.78,42.53,57.0,-71.5,v2.0.1,online
AH-00188,2026-06-03 11:08:00,27.09,46.98,96.1,-54.1,v2.0.1,online
AH-00170,2026-06-03 11:09:00,24.89,37.95,79.3,-53.7,v2.0.1,online
AH-00123,2026-06-03 11:10:00,21.48,25.55,86.5,-56.9,v2.0.1,online
AH-00096,2026-06-03 11:10:00,19.55,50.62,91.8,-74.4,v1.4.2,online
AH-00162,2026-06-03 11:10:00,21.1,54.32,75.9,-56.6,v2.1.0,online
AH-00128,2026-06-03 11:11:00,21.15,58.31,87.1,-64.6,v1.5.0,online
AH-00015,2026-06-03 11:12:00,20.44,32.41,77.7,-54.9,v2.0.1,offline
AH-00200,2026-06-03 11:13:00,22.07,62.34,71.5,-67.6,v1.5.0,online
AH-00191,2026-06-03 11:15:00,17.62,42.52,83.6,-62.3,v2.0.1,online
AH-00194,2026-06-03 11:15:00,22.92,49.68,78.7,-70.5,v1.5.0,online
AH-00143,2026-06-03 11:16:00,25.75,39.61,85.3,-52.0,v2.0.1,maintenance
AH-00103,2026-06-03 11:18:00,27.13,33.13,81.9,-70.4,v1.4.2,online
AH-00140,2026-06-03 11:18:00,25.45,35.01,96.3,-48.5,v2.0.1,offline
AH-00193,2026-06-03 11:20:00,24.07,53.36,86.4,-61.3,v2.0.1,online
AH-00123,2026-06-03 11:20:00,26.11,36.84,62.8,-72.9,v2.0.1,online
AH-00057,2026-06-03 11:20:00,25.22,62.88,85.8,-56.2,v2.0.1,online
AH-00158,2026-06-03 11:21:00,25.31,52.47,96.8,-63.0,v2.1.0,online
AH-00171,2026-06-03 11:22:00,24.05,39.54,75.6,-61.1,v2.1.0,online
AH-00140,2026-06-03 11:22:00,24.12,43.48,62.5,-77.8,v2.1.0,online
AH-00107,2026-06-03 11:24:00,23.37,39.91,77.3,-67.4,v1.5.0,online
AH-00056,2026-06-03 11:25:00,15.65,52.16,82.1,-68.6,v1.4.2,online
AH-00091,2026-06-03 11:25:00,28.74,53.52,65.9,-62.6,v2.0.1,online
AH-00050,2026-06-03 11:25:00,21.54,41.37,81.2,-64.7,v1.5.0,online
AH-00083,2026-06-03 11:26:00,22.1,45.78,71.1,-73.2,v2.0.1,online
AH-00065,2026-06-03 11:27:00,22.66,46.07,92.4,-64.7,v2.0.1,online
AH-00002,2026-06-03 11:27:00,18.91,43.13,77.5,-59.5,v1.5.0,online
AH-00079,2026-06-03 11:28:00,24.18,46.13,89.1,-59.0,v2.0.1,online
AH-00125,2026-06-03 11:29:00,22.58,47.56,85.1,-58.4,v2.1.0,online
AH-00119,2026-06-03 11:30:00,25.61,37.14,68.7,-43.9,v1.5.0,online
AH-00038,2026-06-03 11:30:00,22.04,44.34,90.8,-71.7,v2.1.0,offline
AH-00025,2026-06-03 11:31:00,17.93,53.06,79.5,-56.7,v1.5.0,online
AH-00007,2026-06-03 11:32:00,20.27,62.24,74.7,-60.4,v2.0.1,online
AH-00106,2026-06-03 11:33:00,23.75,39.32,72.2,-67.6,v2.0.1,online
AH-00017,2026-06-03 11:34:00,26.23,33.57,78.0,-54.9,v1.5.0,online
AH-00190,2026-06-03 11:34:00,21.34,56.79,52.1,-59.6,v1.5.0,online
AH-00189,2026-06-03 11:38:00,18.56,40.67,57.8,-69.3,v1.4.2,offline
AH-00134,2026-06-03 11:39:00,11.41,40.99,95.0,-79.0,v1.4.2,online
AH-00127,2026-06-03 11:40:00,24.78,40.94,79.1,-65.8,v1.5.0,online
AH-00135,2026-06-03 11:40:00,20.26,42.58,95.9,-78.6,v1.5.0,online
AH-00041,2026-06-03 11:41:00,26.78,56.48,80.8,-68.3,v2.0.1,online
AH-00052,2026-06-03 11:41:00,22.21,47.94,47.7,-61.4,v2.0.1,online
AH-00098,2026-06-03 11:43:00,21.84,37.77,91.0,-63.0,v1.5.0,online
AH-00127,2026-06-03 11:43:00,30.48,62.54,69.2,-70.6,v1.5.0,online
AH-00002,2026-06-03 11:44:00,22.52,39.86,94.0,-82.1,v2.0.1,online
AH-00118,2026-06-03 11:44:00,21.98,51.28,96.2,-55.6,v2.0.1,online
AH-00053,2026-06-03 11:45:00,24.06,33.76,82.5,-61.4,v1.4.2,online
AH-00128,2026-06-03 11:45:00,21.4,58.18,54.2,-65.5,v2.0.1,online
AH-00047,2026-06-03 11:46:00,24.2,40.92,82.1,-63.7,v2.0.1,online
AH-00152,2026-06-03 11:47:00,24.09,43.11,98.4,-76.0,v1.5.0,online
AH-00055,2026-06-03 11:47:00,24.29,37.73,88.2,-59.6,v2.0.1,online
AH-00087,2026-06-03 11:47:00,20.94,42.9,81.4,-61.8,v2.0.1,online
AH-00005,2026-06-03 11:48:00,18.79,50.34,86.3,-59.8,v2.0.1,online
AH-00098,2026-06-03 11:49:00,17.9,31.18,76.8,-54.4,v2.1.0,online
AH-00143,2026-06-03 11:50:00,22.88,56.08,86.6,-60.7,v1.4.2,online
AH-00164,2026-06-03 11:50:00,24.61,45.29,92.5,-56.6,v1.5.0,online
AH-00121,2026-06-03 11:50:00,24.2,35.97,62.6,-64.6,v1.4.2,online
AH-00127,2026-06-03 11:50:00,21.89,45.58,82.5,-57.1,v1.5.0,online
AH-00061,2026-06-03 11:51:00,24.14,37.34,55.3,-62.1,v2.0.1,online
AH-00026,2026-06-03 11:53:00,19.7,52.98,91.3,-70.6,v1.5.0,online
AH-00011,2026-06-03 11:54:00,20.58,49.18,93.4,-64.6,v1.5.0,online
AH-00144,2026-06-03 11:59:00,20.92,32.61,100.0,-63.6,v1.5.0,online
AH-00124,2026-06-03 11:59:00,19.6,33.24,78.2,-62.3,v2.0.1,online
AH-00171,2026-06-03 12:00:00,18.61,36.68,70.0,-61.7,v2.0.1,online
AH-00083,2026-06-03 12:02:00,21.17,45.13,75.8,-53.8,v2.0.1,online
AH-00021,2026-06-03 12:06:00,21.12,40.11,82.7,-63.0,v2.0.1,online
AH-00010,2026-06-03 12:06:00,15.82,33.75,74.8,-58.6,v2.0.1,maintenance
AH-00090,2026-06-03 12:06:00,23.26,31.05,70.3,-50.5,v2.0.1,online
AH-00040,2026-06-03 12:06:00,23.75,43.63,93.6,-49.1,v1.4.2,online
AH-00065,2026-06-03 12:10:00,26.12,31.94,91.1,-52.2,v1.5.0,online
AH-00156,2026-06-03 12:11:00,20.64,60.43,76.3,-47.0,v2.0.1,online
AH-00169,2026-06-03 12:12:00,23.71,43.56,76.4,-53.5,v1.5.0,online
AH-00067,2026-06-03 12:14:00,23.78,48.66,77.5,-55.1,v2.1.0,online
AH-00028,2026-06-03 12:16:00,20.6,44.97,78.8,-56.7,v1.5.0,online
AH-00054,2026-06-03 12:17:00,19.75,45.11,84.4,-63.7,v2.1.0,online
AH-00154,2026-06-03 12:17:00,22.27,56.39,100.0,-65.4,v2.0.1,online
AH-00183,2026-06-03 12:18:00,21.86,40.63,86.1,-55.9,v2.0.1,online
AH-00095,2026-06-03 12:20:00,22.02,48.83,55.1,-62.4,v2.1.0,online
AH-00174,2026-06-03 12:20:00,19.99,60.64,82.1,-61.3,v2.0.1,online
AH-00163,2026-06-03 12:20:00,19.02,52.92,85.8,-72.6,v2.0.1,online
AH-00133,2026-06-03 12:21:00,18.31,37.68,100.0,-62.9,v2.0.1,online
AH-00085,2026-06-03 12:23:00,22.6,41.3,66.4,-61.3,v1.5.0,online
AH-00030,2026-06-03 12:28:00,22.18,47.26,80.9,-73.9,v2.1.0,offline
AH-00187,2026-06-03 12:28:00,20.04,30.07,74.1,-59.4,v1.5.0,online
AH-00149,2026-06-03 12:28:00,18.46,42.23,83.8,-56.7,v2.0.1,maintenance
AH-00128,2026-06-03 12:28:00,22.68,60.43,57.5,-60.8,v2.0.1,online
AH-00159,2026-06-03 12:30:00,27.02,50.96,52.0,-40.6,v2.1.0,online
AH-00124,2026-06-03 12:34:00,20.95,54.79,63.9,-54.8,v1.5.0,online
AH-00085,2026-06-03 12:35:00,25.02,49.25,82.2,-66.5,v2.1.0,online
AH-00145,2026-06-03 12:35:00,29.06,53.74,87.7,-54.7,v2.1.0,online
AH-00148,2026-06-03 12:36:00,18.99,46.99,92.8,-57.7,v2.1.0,online
AH-00068,2026-06-03 12:38:00,23.4,54.86,65.4,-65.8,v1.5.0,online
AH-00053,2026-06-03 12:39:00,18.11,55.87,86.6,-68.2,v1.5.0,online
AH-00062,2026-06-03 12:39:00,23.26,44.13,80.9,-66.3,v2.0.1,online
AH-00143,2026-06-03 12:41:00,23.05,49.24,76.1,-62.1,v1.5.0,online
AH-00151,2026-06-03 12:42:00,24.43,46.56,88.4,-56.4,v1.5.0,online
AH-00186,2026-06-03 12:42:00,17.16,57.97,82.2,-51.4,v1.5.0,online
AH-00089,2026-06-03 12:42:00,18.36,57.71,66.3,-57.0,v1.4.2,online
AH-00128,2026-06-03 12:43:00,24.27,32.61,64.0,-58.7,v1.5.0,online
AH-00166,2026-06-03 12:44:00,25.48,31.81,56.6,-53.2,v2.0.1,online
AH-00081,2026-06-03 12:46:00,20.43,38.37,71.7,-64.1,v2.1.0,online
AH-00067,2026-06-03 12:47:00,20.7,41.42,87.0,-52.1,v2.1.0,online
AH-00071,2026-06-03 12:47:00,22.13,55.14,68.6,-69.4,v2.0.1,online
AH-00096,2026-06-03 12:48:00,17.06,56.26,38.9,-60.8,v2.0.1,online
AH-00065,2026-06-03 12:48:00,24.19,33.3,72.7,-40.5,v2.0.1,online
AH-00179,2026-06-03 12:49:00,23.86,33.92,75.5,-66.6,v2.1.0,online
AH-00115,2026-06-03 12:49:00,20.0,45.19,65.0,-68.3,v1.5.0,maintenance
AH-00113,2026-06-03 12:49:00,22.33,28.41,62.9,-60.1,v2.1.0,online
AH-00188,2026-06-03 12:50:00,20.95,30.94,92.8,-62.7,v2.0.1,maintenance
AH-00034,2026-06-03 12:51:00,19.1,46.18,81.5,-56.0,v2.0.1,online
AH-00063,2026-06-03 12:51:00,22.06,54.76,81.5,-74.2,v2.0.1,online
AH-00008,2026-06-03 12:51:00,25.14,37.64,68.5,-60.3,v1.5.0,online
AH-00087,2026-06-03 12:52:00,23.14,46.28,73.9,-59.7,v2.0.1,online
AH-00037,2026-06-03 12:54:00,19.72,32.8,75.3,-55.0,v2.1.0,online
AH-00096,2026-06-03 12:55:00,23.71,34.88,87.4,-69.0,v2.0.1,online
AH-00128,2026-06-03 12:55:00,24.35,49.7,74.6,-59.8,v1.5.0,online
AH-00171,2026-06-03 12:56:00,24.26,47.24,100.0,-60.3,v1.5.0,online
AH-00074,2026-06-03 12:58:00,25.08,45.24,75.6,-72.1,v2.0.1,online
AH-00085,2026-06-03 13:01:00,20.33,47.05,73.1,-58.1,v2.0.1,online
AH-00150,2026-06-03 13:01:00,16.54,34.93,68.0,-61.0,v2.1.0,online
AH-00065,2026-06-03 13:02:00,27.17,33.97,85.3,-59.9,v1.5.0,online
AH-00034,2026-06-03 13:02:00,19.66,31.95,67.0,-60.6,v2.0.1,online
AH-00137,2026-06-03 13:05:00,25.66,63.86,98.9,-73.7,v2.0.1,online
AH-00109,2026-06-03 13:05:00,15.75,42.74,90.5,-64.5,v2.1.0,online
AH-00020,2026-06-03 13:05:00,23.57,53.83,86.4,-69.3,v2.0.1,online
AH-00092,2026-06-03 13:06:00,21.12,43.85,87.3,-61.2,v2.0.1,online
AH-00066,2026-06-03 13:08:00,18.72,40.65,76.7,-66.6,v2.1.0,online
AH-00061,2026-06-03 13:08:00,18.55,50.1,70.8,-55.0,v1.5.0,online
AH-00084,2026-06-03 13:10:00,22.15,45.49,85.2,-58.8,v2.0.1,maintenance
AH-00198,2026-06-03 13:13:00,23.6,42.0,82.4,-66.8,v2.1.0,offline
AH-00001,2026-06-03 13:15:00,21.06,47.61,80.6,-53.4,v2.0.1,online
AH-00058,2026-06-03 13:21:00,23.69,41.78,62.4,-61.9,v2.1.0,offline
AH-00029,2026-06-03 13:25:00,21.3,36.73,92.2,-59.0,v1.5.0,online
AH-00143,2026-06-03 13:26:00,18.32,48.8,61.2,-63.6,v1.5.0,online
AH-00177,2026-06-03 13:27:00,23.24,40.8,81.3,-60.5,v2.1.0,online
AH-00017,2026-06-03 13:27:00,19.0,54.02,78.6,-62.7,v2.0.1,maintenance
AH-00023,2026-06-03 13:28:00,22.97,30.03,70.1,-66.7,v2.0.1,offline
AH-00151,2026-06-03 13:29:00,25.3,40.23,80.6,-59.8,v1.5.0,online
AH-00044,2026-06-03 13:30:00,27.42,42.58,73.7,-71.9,v2.0.1,online
AH-00131,2026-06-03 13:35:00,19.84,53.97,83.8,-60.0,v1.5.0,maintenance
AH-00133,2026-06-03 13:35:00,21.71,39.2,80.7,-73.7,v1.5.0,online
AH-00193,2026-06-03 13:35:00,19.86,41.15,100.0,-52.4,v2.0.1,online
AH-00118,2026-06-03 13:36:00,21.45,40.12,54.2,-66.0,v1.5.0,online
AH-00185,2026-06-03 13:39:00,19.07,65.83,54.8,-52.9,v1.5.0,online
AH-00028,2026-06-03 13:40:00,25.08,51.35,73.3,-47.6,v2.1.0,online
AH-00095,2026-06-03 13:41:00,25.71,46.0,97.0,-56.1,v2.0.1,maintenance
AH-00151,2026-06-03 13:42:00,21.66,53.59,66.2,-77.9,v2.0.1,online
AH-00185,2026-06-03 13:44:00,23.16,51.65,92.7,-44.6,v2.0.1,online
AH-00070,2026-06-03 13:47:00,18.16,36.06,69.7,-63.3,v2.0.1,offline
AH-00097,2026-06-03 13:47:00,22.3,40.86,72.3,-67.0,v1.4.2,online
AH-00008,2026-06-03 13:48:00,16.78,51.83,47.9,-69.5,v2.1.0,online
AH-00053,2026-06-03 13:48:00,22.45,54.88,66.2,-63.0,v2.0.1,online
AH-00145,2026-06-03 13:49:00,22.82,39.63,100.0,-69.7,v1.5.0,online
AH-00075,2026-06-03 13:51:00,30.13,42.37,64.0,-75.9,v2.1.0,online
AH-00178,2026-06-03 13:51:00,26.43,53.08,79.4,-62.9,v2.0.1,offline
AH-00181,2026-06-03 13:52:00,20.19,41.0,85.1,-58.6,v2.0.1,online
AH-00132,2026-06-03 13:52:00,22.15,48.64,73.6,-68.2,v2.0.1,maintenance
AH-00145,2026-06-03 13:52:00,25.7,65.82,100.0,-63.0,v2.0.1,online
AH-00031,2026-06-03 13:53:00,20.88,41.36,71.0,-68.4,v2.0.1,online
AH-00109,2026-06-03 13:56:00,20.87,34.88,90.3,-44.4,v2.1.0,online
AH-00053,2026-06-03 13:57:00,25.18,56.77,79.6,-61.8,v1.5.0,online
AH-00190,2026-06-03 13:58:00,23.44,38.42,99.6,-55.6,v1.5.0,online
AH-00020,2026-06-03 14:01:00,22.45,47.79,82.6,-63.8,v2.0.1,online
AH-00151,2026-06-03 14:02:00,19.62,39.82,83.2,-59.9,v2.0.1,online
AH-00111,2026-06-03 14:02:00,23.85,52.09,93.9,-65.5,v2.0.1,online
AH-00020,2026-06-03 14:02:00,21.2,29.36,58.6,-59.0,v1.5.0,online
AH-00093,2026-06-03 14:03:00,21.44,47.77,87.0,-58.8,v1.5.0,online
AH-00128,2026-06-03 14:03:00,20.96,57.53,68.5,-59.4,v1.4.2,maintenance
AH-00084,2026-06-03 14:04:00,26.51,39.46,83.3,-68.3,v1.5.0,offline
AH-00127,2026-06-03 14:06:00,23.67,43.37,99.1,-52.8,v1.5.0,online
AH-00060,2026-06-03 14:07:00,21.89,55.26,85.9,-70.5,v1.5.0,online
AH-00064,2026-06-03 14:07:00,23.93,59.2,81.3,-50.3,v2.1.0,offline
AH-00002,2026-06-03 14:07:00,25.46,59.85,66.4,-71.6,v1.4.2,online
AH-00150,2026-06-03 14:08:00,19.14,50.45,85.2,-53.5,v2.1.0,online
AH-00101,2026-06-03 14:08:00,23.1,40.7,65.4,-66.4,v2.0.1,online
AH-00179,2026-06-03 14:08:00,19.35,46.56,98.8,-60.2,v1.4.2,online
AH-00031,2026-06-03 14:08:00,17.29,60.01,76.2,-62.4,v1.5.0,offline
AH-00022,2026-06-03 14:09:00,16.58,45.51,82.3,-68.3,v1.5.0,offline
AH-00176,2026-06-03 14:09:00,26.77,40.69,73.3,-71.4,v2.1.0,online
AH-00063,2026-06-03 14:09:00,21.93,,94.5,-55.6,v1.5.0,online
AH-00096,2026-06-03 14:10:00,24.21,50.09,75.5,-77.4,v1.4.2,online
AH-00095,2026-06-03 14:10:00,20.05,47.96,70.3,-60.2,v2.0.1,online
AH-00011,2026-06-03 14:10:00,20.74,39.51,83.3,-55.4,v2.0.1,online
AH-00045,2026-06-03 14:10:00,23.1,48.05,60.1,-68.6,v2.1.0,online
AH-00148,2026-06-03 14:10:00,20.46,41.02,85.0,-49.4,v2.0.1,online
AH-00114,2026-06-03 14:13:00,22.7,51.63,83.0,-64.0,v2.1.0,online
AH-00005,2026-06-03 14:13:00,26.19,31.46,88.0,-70.2,v1.5.0,online
AH-00184,2026-06-03 14:14:00,24.02,53.29,55.3,-61.2,v1.4.2,offline
AH-00145,2026-06-03 14:16:00,19.09,31.22,72.7,-57.2,v2.0.1,online
AH-00007,2026-06-03 14:17:00,23.98,32.0,92.7,-71.7,v2.0.1,online
AH-00099,2026-06-03 14:18:00,21.44,47.4,83.3,-67.6,v1.5.0,online
AH-00038,2026-06-03 14:19:00,23.7,48.65,72.8,-62.9,v1.5.0,maintenance
AH-00061,2026-06-03 14:19:00,26.62,40.25,94.4,-64.2,v1.5.0,online
AH-00151,2026-06-03 14:20:00,21.59,61.14,81.4,-61.1,v1.5.0,online
AH-00048,2026-06-03 14:24:00,18.29,45.02,54.9,-59.5,v1.5.0,online
AH-00153,2026-06-03 14:27:00,25.93,44.37,49.4,-56.3,v1.5.0,online
AH-00029,2026-06-03 14:27:00,22.36,39.74,65.3,-63.6,v2.0.1,online
AH-00185,2026-06-03 14:28:00,25.69,54.59,60.0,-54.3,v1.5.0,online
AH-00164,2026-06-03 14:30:00,23.42,47.32,83.7,-63.0,v1.5.0,maintenance
AH-00047,2026-06-03 14:33:00,23.88,49.37,70.9,-70.6,v1.5.0,online
AH-00125,2026-06-03 14:34:00,28.45,33.68,81.2,-65.2,v2.1.0,online
AH-00090,2026-06-03 14:34:00,22.7,45.27,78.0,-68.1,v2.1.0,online
AH-00024,2026-06-03 14:34:00,23.3,45.1,78.1,-69.2,v1.5.0,online
AH-00171,2026-06-03 14:35:00,20.72,54.99,85.9,-58.9,v2.0.1,online
AH-00039,2026-06-03 14:35:00,24.19,36.48,65.7,-49.5,v2.0.1,online
AH-00198,2026-06-03 14:35:00,21.42,28.28,94.1,-54.2,v2.1.0,online
AH-00191,2026-06-03 14:36:00,24.33,50.32,73.9,-65.2,v2.0.1,online
AH-00124,2026-06-03 14:36:00,24.09,54.48,82.5,-46.1,v1.5.0,online
AH-00027,2026-06-03 14:39:00,19.41,47.43,63.6,-74.5,v2.1.0,online
AH-00175,2026-06-03 14:39:00,27.59,53.11,65.4,-71.6,v2.0.1,online
AH-00193,2026-06-03 14:44:00,20.06,57.65,85.7,-66.0,v2.1.0,online
AH-00089,2026-06-03 14:44:00,20.65,40.49,71.5,-48.6,v2.0.1,online
AH-00071,2026-06-03 14:45:00,23.41,43.37,74.3,-76.5,v2.0.1,online
AH-00135,2026-06-03 14:45:00,19.04,53.37,70.4,-66.9,v1.5.0,online
AH-00126,2026-06-03 14:45:00,23.91,58.29,78.9,-53.2,v2.0.1,online
AH-00049,2026-06-03 14:47:00,28.16,47.45,87.0,-56.6,v1.5.0,online
AH-00032,2026-06-03 14:47:00,19.65,44.59,67.6,-62.2,v2.1.0,online
AH-00194,2026-06-03 14:47:00,19.07,56.04,85.3,-56.3,v1.5.0,online
AH-00007,2026-06-03 14:48:00,24.53,45.96,91.0,-57.6,v2.0.1,online
AH-00137,2026-06-03 14:50:00,25.02,49.97,62.3,-52.6,v1.5.0,offline
AH-00078,2026-06-03 14:51:00,22.97,35.2,79.1,-56.6,v2.1.0,online
AH-00118,2026-06-03 14:52:00,27.22,50.52,78.6,-54.3,v2.0.1,online
AH-00101,2026-06-03 14:55:00,20.89,37.24,94.2,-66.4,v2.0.1,online
AH-00017,2026-06-03 14:56:00,22.01,28.09,75.7,-80.1,v1.5.0,online
AH-00036,2026-06-03 14:56:00,23.89,32.26,77.7,-66.5,v1.5.0,online
AH-00151,2026-06-03 14:58:00,24.48,53.81,92.0,-59.2,v1.5.0,online
AH-00098,2026-06-03 14:59:00,23.25,44.39,66.4,-54.9,v2.0.1,online
AH-00065,2026-06-03 14:59:00,21.57,52.11,67.0,-47.1,v2.1.0,online
AH-00126,2026-06-03 15:01:00,21.01,44.55,63.3,-59.9,v2.1.0,online
AH-00031,2026-06-03 15:01:00,24.67,44.54,92.4,-67.6,v2.1.0,online
AH-00004,2026-06-03 15:01:00,22.49,42.87,75.1,-50.8,v2.0.1,online
AH-00056,2026-06-03 15:02:00,21.64,62.06,100.0,-74.4,v2.0.1,online
AH-00171,2026-06-03 15:02:00,18.5,38.23,72.4,-62.0,v2.1.0,online
AH-00166,2026-06-03 15:04:00,25.07,64.44,85.4,-62.3,v2.0.1,online
AH-00012,2026-06-03 15:04:00,20.55,41.87,79.3,-64.0,v2.1.0,online
AH-00011,2026-06-03 15:07:00,20.7,40.78,75.8,-56.7,v1.5.0,online
AH-00166,2026-06-03 15:08:00,27.44,47.61,95.2,-61.2,v1.4.2,online
AH-00174,2026-06-03 15:10:00,25.24,46.94,75.3,-62.9,v1.5.0,offline
AH-00009,2026-06-03 15:10:00,27.02,42.92,68.8,-63.9,v2.1.0,offline
AH-00094,2026-06-03 15:10:00,21.44,42.39,68.7,-49.8,v1.5.0,maintenance
AH-00146,2026-06-03 15:10:00,29.72,43.73,47.9,-62.1,v2.0.1,online
AH-00157,2026-06-03 15:11:00,23.26,52.31,70.6,-69.8,v1.4.2,online
AH-00166,2026-06-03 15:11:00,20.33,41.56,75.6,-62.2,v1.5.0,online
AH-00001,2026-06-03 15:11:00,18.36,51.99,78.5,-61.2,v1.5.0,online
AH-00184,2026-06-03 15:11:00,24.96,50.84,92.6,-51.9,v1.5.0,maintenance
AH-00035,2026-06-03 15:11:00,16.41,45.22,67.9,-70.0,v1.5.0,online
AH-00090,2026-06-03 15:12:00,18.36,58.94,65.2,-73.2,v1.4.2,online
AH-00082,2026-06-03 15:13:00,23.53,40.52,78.9,-60.9,v2.1.0,online
AH-00015,2026-06-03 15:13:00,18.94,50.3,70.8,-71.7,v2.0.1,offline
AH-00071,2026-06-03 15:18:00,21.9,34.0,82.5,-57.6,v1.5.0,online
AH-00008,2026-06-03 15:19:00,22.84,46.62,83.9,-59.3,v2.0.1,online
AH-00099,2026-06-03 15:19:00,26.85,44.57,93.9,-42.0,v2.0.1,online
AH-00062,2026-06-03 15:19:00,21.39,51.29,72.6,-64.7,v2.1.0,online
AH-00168,2026-06-03 15:20:00,21.93,43.6,100.0,-67.9,v1.5.0,online
AH-00088,2026-06-03 15:21:00,23.52,59.18,78.7,-78.7,v1.4.2,online
AH-00152,2026-06-03 15:21:00,22.56,59.83,77.8,-66.0,v1.5.0,online
AH-00193,2026-06-03 15:23:00,22.49,53.98,79.4,-65.8,v2.0.1,online
AH-00145,2026-06-03 15:24:00,24.33,39.82,86.2,-60.8,v2.0.1,online
AH-00184,2026-06-03 15:24:00,24.49,53.88,88.1,-48.3,v2.1.0,online
AH-00009,2026-06-03 15:25:00,20.5,38.87,74.9,-61.6,v2.1.0,online
AH-00022,2026-06-03 15:25:00,20.08,37.73,65.3,-53.1,v1.5.0,online
AH-00049,2026-06-03 15:27:00,23.69,42.95,76.4,-68.2,v1.4.2,online
AH-00036,2026-06-03 15:28:00,20.84,38.62,62.7,-64.1,v1.5.0,online
AH-00190,2026-06-03 15:28:00,22.48,52.65,62.6,-73.5,v2.0.1,online
AH-00176,2026-06-03 15:29:00,22.37,46.88,86.3,-48.2,v2.1.0,maintenance
AH-00012,2026-06-03 15:30:00,27.15,50.67,76.7,-52.8,v2.0.1,offline
AH-00062,2026-06-03 15:30:00,24.13,36.83,82.5,-53.2,v1.5.0,online
AH-00091,2026-06-03 15:31:00,23.82,50.63,91.7,-55.6,v2.0.1,online
AH-00104,2026-06-03 15:31:00,20.68,40.6,88.4,-47.3,v2.0.1,online
AH-00128,2026-06-03 15:32:00,19.9,38.14,87.2,-60.6,v2.1.0,offline
AH-00188,2026-06-03 15:33:00,18.48,40.3,82.8,-56.8,v2.1.0,offline
AH-00054,2026-06-03 15:33:00,22.22,52.36,72.0,-61.1,v1.5.0,online
AH-00123,2026-06-03 15:35:00,23.71,37.46,93.0,-49.0,v2.0.1,online
AH-00161,2026-06-03 15:35:00,19.82,52.25,55.8,-73.3,v1.5.0,offline
AH-00007,2026-06-03 15:37:00,17.21,35.84,78.0,-59.5,v2.1.0,online
AH-00053,2026-06-03 15:37:00,16.67,35.19,77.6,-84.2,v2.0.1,online
AH-00168,2026-06-03 15:43:00,27.72,57.69,64.8,-64.3,v2.0.1,online
AH-00107,2026-06-03 15:44:00,20.35,45.35,70.0,-52.9,v2.0.1,online
AH-00012,2026-06-03 15:44:00,25.83,43.35,57.4,-75.4,v2.1.0,online
AH-00129,2026-06-03 15:45:00,17.75,45.82,66.7,-60.1,v1.5.0,online
AH-00090,2026-06-03 15:46:00,21.0,38.73,75.8,-69.9,v2.0.1,online
AH-00109,2026-06-03 15:47:00,24.83,34.33,66.7,-64.3,v2.0.1,online
AH-00049,2026-06-03 15:48:00,22.38,40.49,81.6,-62.1,v2.1.0,online
AH-00066,2026-06-03 15:50:00,16.1,29.73,70.0,-67.8,v2.0.1,online
AH-00037,2026-06-03 15:52:00,20.14,38.47,92.3,-61.2,v1.5.0,online
AH-00119,2026-06-03 15:57:00,23.22,55.21,58.5,-58.8,v1.5.0,online
AH-00172,2026-06-03 15:57:00,22.47,44.08,66.7,-70.4,v1.5.0,online
AH-00031,2026-06-03 15:58:00,18.85,47.75,67.1,-61.2,v2.0.1,online
AH-00033,2026-06-03 15:59:00,17.8,56.13,75.4,-71.8,v1.5.0,offline
AH-00168,2026-06-03 15:59:00,14.72,30.46,76.8,-59.0,v1.4.2,online
AH-00198,2026-06-03 16:00:00,21.24,45.17,60.5,-72.8,v1.5.0,online
AH-00100,2026-06-03 16:02:00,14.09,32.22,85.9,-50.3,v1.5.0,online
AH-00053,2026-06-03 16:05:00,18.11,45.63,82.6,-63.1,v1.5.0,online
AH-00147,2026-06-03 16:06:00,22.61,47.97,86.3,-50.2,v1.4.2,online
AH-00099,2026-06-03 16:06:00,19.68,45.53,76.6,-58.9,v2.0.1,online
AH-00196,2026-06-03 16:08:00,20.65,41.91,87.3,-65.3,v2.0.1,offline
AH-00129,2026-06-03 16:11:00,24.66,40.67,82.6,-59.0,v2.0.1,online
AH-00105,2026-06-03 16:12:00,20.6,50.05,59.3,-68.1,v2.0.1,online
AH-00005,2026-06-03 16:13:00,14.44,48.1,91.3,-62.8,v1.4.2,online
AH-00155,2026-06-03 16:14:00,21.85,49.38,77.6,-54.6,v2.0.1,online
AH-00024,2026-06-03 16:14:00,24.69,50.06,85.1,-74.0,v1.5.0,online
AH-00151,2026-06-03 16:15:00,20.82,45.85,73.1,-69.2,v2.0.1,online
AH-00161,2026-06-03 16:17:00,26.72,33.56,87.2,-59.0,v2.1.0,online
AH-00090,2026-06-03 16:17:00,25.37,51.07,96.7,-59.7,v2.0.1,online
AH-00142,2026-06-03 16:20:00,22.6,43.31,85.4,-70.8,v2.1.0,online
AH-00010,2026-06-03 16:20:00,19.0,34.45,79.8,-57.7,v2.0.1,online
AH-00011,2026-06-03 16:20:00,21.27,28.79,80.7,-47.7,v1.5.0,online
AH-00140,2026-06-03 16:21:00,21.87,32.17,68.8,-61.7,v1.5.0,online
AH-00087,2026-06-03 16:23:00,21.16,43.23,88.2,-55.7,v1.5.0,online
AH-00116,2026-06-03 16:24:00,24.67,46.29,77.8,-58.1,v1.5.0,online
AH-00052,2026-06-03 16:24:00,17.19,54.59,84.9,-71.6,v1.4.2,online
AH-00077,2026-06-03 16:25:00,23.63,35.07,88.7,-78.3,v2.0.1,online
AH-00111,2026-06-03 16:25:00,23.07,39.39,52.9,-73.9,v2.0.1,online
AH-00044,2026-06-03 16:25:00,25.36,54.12,71.0,-70.8,v1.4.2,online
AH-00003,2026-06-03 16:26:00,18.49,44.52,84.2,-54.5,v1.5.0,online
AH-00104,2026-06-03 16:26:00,20.31,54.59,84.0,-50.4,v2.0.1,maintenance
AH-00137,2026-06-03 16:28:00,20.68,53.36,100.0,-66.8,v2.0.1,maintenance
AH-00034,2026-06-03 16:28:00,24.42,41.25,64.5,-66.4,v2.1.0,online
AH-00030,2026-06-03 16:29:00,23.76,49.53,83.0,-54.0,v1.5.0,online
AH-00024,2026-06-03 16:30:00,19.36,53.92,100.0,-53.0,v2.0.1,online
AH-00186,2026-06-03 16:31:00,21.52,48.42,72.2,-62.4,v2.0.1,online
AH-00160,2026-06-03 16:32:00,24.49,41.95,83.3,-52.2,v2.0.1,online
AH-00058,2026-06-03 16:32:00,20.13,40.12,72.3,-72.0,v2.0.1,online
AH-00178,2026-06-03 16:35:00,25.34,46.96,87.0,-60.2,v1.5.0,online
AH-00041,2026-06-03 16:36:00,17.96,34.35,75.9,-63.4,v2.0.1,online
AH-00005,2026-06-03 16:37:00,20.9,43.7,88.6,-60.6,v1.4.2,offline
AH-00133,2026-06-03 16:38:00,16.94,33.55,100.0,-67.7,v1.5.0,online
AH-00049,2026-06-03 16:38:00,22.44,41.52,78.2,-63.3,v2.0.1,online
AH-00052,2026-06-03 16:39:00,18.43,47.98,71.2,-66.6,v2.0.1,online
AH-00023,2026-06-03 16:41:00,22.41,45.78,90.2,-59.5,v1.5.0,online
AH-00116,2026-06-03 16:42:00,27.19,46.48,71.6,-60.1,v2.1.0,online
AH-00177,2026-06-03 16:43:00,18.45,56.45,90.3,-74.7,v2.0.1,online
AH-00155,2026-06-03 16:44:00,17.02,35.37,61.6,-61.0,v2.0.1,online
AH-00109,2026-06-03 16:50:00,17.42,54.98,90.1,-68.4,v2.0.1,online
AH-00058,2026-06-03 16:50:00,23.42,47.98,89.1,-59.8,v1.5.0,online
AH-00034,2026-06-03 16:51:00,25.67,47.37,74.9,-57.7,v1.5.0,online
AH-00168,2026-06-03 16:51:00,25.44,52.21,72.7,-63.7,v2.1.0,online
AH-00011,2026-06-03 16:51:00,17.94,45.8,69.6,-58.5,v2.0.1,online
AH-00162,2026-06-03 16:54:00,24.09,50.92,70.9,-50.9,v2.0.1,online
AH-00074,2026-06-03 16:55:00,15.79,41.37,75.4,-58.8,v2.1.0,online
AH-00097,2026-06-03 16:56:00,29.83,52.46,68.1,-59.2,v1.5.0,online
AH-00100,2026-06-03 17:01:00,21.35,48.36,93.3,-59.9,v2.0.1,online
AH-00065,2026-06-03 17:02:00,20.89,41.85,77.5,-63.9,v1.4.2,online
AH-00012,2026-06-03 17:03:00,26.56,39.95,59.0,-58.1,v1.5.0,online
AH-00168,2026-06-03 17:03:00,25.77,44.67,65.4,-60.7,v2.0.1,offline
AH-00080,2026-06-03 17:04:00,24.63,44.96,73.4,-59.5,v1.5.0,online
AH-00085,2026-06-03 17:07:00,24.3,52.32,76.2,-63.2,v1.5.0,online
AH-00026,2026-06-03 17:07:00,21.77,51.36,73.7,-55.0,v2.1.0,online
AH-00149,2026-06-03 17:07:00,25.18,59.33,82.2,-59.3,v1.5.0,offline
AH-00178,2026-06-03 17:11:00,24.23,40.32,60.0,-54.6,v2.0.1,online
AH-00142,2026-06-03 17:13:00,21.58,40.51,82.9,-55.0,v2.1.0,online
AH-00174,2026-06-03 17:13:00,24.25,48.2,87.8,-70.7,v2.0.1,online
AH-00182,2026-06-03 17:14:00,21.52,59.99,65.2,-60.4,v2.1.0,online
AH-00081,2026-06-03 17:15:00,21.35,41.83,89.3,-71.3,v1.5.0,online
AH-00050,2026-06-03 17:15:00,19.53,62.78,68.8,-46.7,v2.1.0,online
AH-00155,2026-06-03 17:17:00,22.15,58.47,58.7,-52.6,v2.0.1,online
AH-00085,2026-06-03 17:17:00,23.93,50.68,76.6,-56.6,v2.1.0,online
AH-00068,2026-06-03 17:18:00,19.37,50.37,69.2,-65.8,v2.1.0,online
AH-00194,2026-06-03 17:19:00,28.13,53.1,73.8,-53.9,v2.0.1,online
AH-00108,2026-06-03 17:20:00,24.75,38.98,90.0,-66.5,v2.0.1,online
AH-00043,2026-06-03 17:22:00,20.24,21.45,62.0,-64.6,v2.0.1,online
AH-00005,2026-06-03 17:23:00,22.91,42.96,84.7,-55.1,v1.5.0,online
AH-00104,2026-06-03 17:28:00,20.18,47.36,84.3,-76.9,v2.0.1,online
AH-00116,2026-06-03 17:29:00,24.92,44.69,62.9,-54.8,v1.5.0,offline
AH-00043,2026-06-03 17:29:00,18.29,36.92,62.5,-56.7,v1.5.0,offline
AH-00016,2026-06-03 17:32:00,21.24,45.63,71.4,-70.8,v2.0.1,online
AH-00033,2026-06-03 17:33:00,20.96,43.13,77.7,-54.5,v2.0.1,offline
AH-00028,2026-06-03 17:33:00,19.03,48.99,97.3,-69.8,v2.1.0,online
AH-00028,2026-06-03 17:34:00,26.87,40.44,65.7,-74.3,v2.0.1,online
AH-00115,2026-06-03 17:34:00,21.65,51.78,77.2,-59.7,v2.0.1,online
AH-00092,2026-06-03 17:35:00,21.61,50.19,72.2,-80.8,v1.4.2,maintenance
AH-00099,2026-06-03 17:36:00,18.01,58.72,65.8,-73.0,v2.0.1,online
AH-00051,2026-06-03 17:36:00,27.38,53.76,99.6,-57.4,v1.5.0,online
AH-00118,2026-06-03 17:37:00,16.36,59.38,72.0,-60.0,v2.1.0,maintenance
AH-00191,2026-06-03 17:39:00,23.26,47.68,92.3,-65.3,v1.5.0,online
AH-00095,2026-06-03 17:39:00,24.78,34.99,54.8,-61.3,v2.0.1,online
AH-00021,2026-06-03 17:41:00,16.46,47.08,73.8,-59.1,v2.1.0,online
AH-00059,2026-06-03 17:41:00,22.72,39.73,89.4,-61.7,v1.5.0,online
AH-00009,2026-06-03 17:43:00,18.11,47.31,58.8,-67.7,v1.4.2,online
AH-00134,2026-06-03 17:44:00,24.15,42.37,76.3,-58.1,v1.5.0,online
AH-00063,2026-06-03 17:44:00,24.85,43.01,77.5,-71.0,v1.5.0,maintenance
AH-00157,2026-06-03 17:45:00,19.98,34.77,80.2,-67.7,v1.5.0,online
AH-00093,2026-06-03 17:45:00,23.21,46.59,69.1,-61.8,v2.0.1,online
AH-00009,2026-06-03 17:46:00,20.31,45.42,88.6,-56.9,v2.0.1,online
AH-00087,2026-06-03 17:47:00,21.63,39.78,78.8,-67.8,v2.0.1,online
AH-00138,2026-06-03 17:49:00,16.48,29.44,83.1,-57.1,v2.1.0,online
AH-00162,2026-06-03 17:50:00,24.43,54.47,75.9,-73.3,v2.0.1,online
AH-00171,2026-06-03 17:52:00,25.89,36.9,91.7,-61.8,v1.5.0,online
AH-00163,2026-06-03 17:53:00,24.97,35.04,54.7,-70.7,v1.5.0,online
AH-00101,2026-06-03 17:53:00,19.19,37.53,97.8,-55.9,v2.0.1,online
AH-00041,2026-06-03 17:53:00,18.54,48.88,81.4,-64.7,v1.5.0,online
AH-00168,2026-06-03 17:54:00,23.7,55.27,81.6,-70.3,v1.4.2,online
AH-00172,2026-06-03 17:54:00,17.64,48.14,88.6,-64.0,v2.1.0,online
AH-00141,2026-06-03 17:54:00,25.6,46.64,63.8,-58.0,v2.1.0,online
AH-00187,2026-06-03 17:55:00,22.03,45.07,83.6,-73.0,v2.0.1,maintenance
AH-00037,2026-06-03 17:57:00,19.35,49.61,71.6,-48.7,v2.0.1,online
AH-00104,2026-06-03 17:57:00,24.63,43.18,79.1,-56.3,v1.4.2,online
AH-00106,2026-06-03 17:59:00,17.3,42.55,67.4,-65.4,v2.0.1,online
AH-00183,2026-06-03 18:00:00,15.54,47.54,73.7,-67.9,v2.0.1,online
AH-00112,2026-06-03 18:01:00,17.89,41.41,99.5,-61.4,v1.5.0,online
AH-00026,2026-06-03 18:02:00,21.5,54.58,76.2,-67.1,v2.0.1,online
AH-00027,2026-06-03 18:05:00,24.81,36.56,88.8,-52.5,v2.0.1,online
AH-00097,2026-06-03 18:05:00,23.05,65.42,75.8,-72.2,v2.1.0,maintenance
AH-00162,2026-06-03 18:06:00,27.05,48.79,59.2,-60.2,v2.0.1,online
AH-00200,2026-06-03 18:07:00,21.66,37.83,77.3,-52.5,v2.1.0,online
AH-00077,2026-06-03 18:07:00,25.18,55.75,61.3,-58.0,v2.0.1,online
AH-00192,2026-06-03 18:09:00,21.83,57.23,89.7,-59.0,v1.5.0,online
AH-00016,2026-06-03 18:10:00,20.92,48.09,70.7,-52.7,v1.5.0,online
AH-00138,2026-06-03 18:11:00,24.16,52.91,67.6,-70.2,v2.0.1,online
AH-00053,2026-06-03 18:12:00,17.39,40.55,84.9,-68.9,v1.5.0,maintenance
AH-00176,2026-06-03 18:15:00,21.34,41.98,65.8,-70.1,v2.0.1,online
AH-00130,2026-06-03 18:16:00,27.13,38.47,74.7,-62.5,v2.1.0,online
AH-00080,2026-06-03 18:17:00,26.46,37.1,84.8,-68.3,v2.1.0,offline
AH-00036,2026-06-03 18:18:00,22.44,46.24,76.3,-69.6,v2.0.1,online
AH-00075,2026-06-03 18:18:00,19.26,59.72,72.8,-65.0,v2.0.1,online
AH-00146,2026-06-03 18:18:00,22.11,45.68,75.2,-56.4,v1.4.2,online
AH-00074,2026-06-03 18:19:00,18.89,41.54,60.4,-50.4,v1.5.0,online
AH-00083,2026-06-03 18:19:00,24.12,46.65,81.8,-57.8,v2.0.1,online
AH-00142,2026-06-03 18:22:00,16.14,54.52,82.4,-71.2,v2.0.1,online
AH-00115,2026-06-03 18:26:00,20.59,45.21,70.8,-68.8,v2.0.1,online
AH-00050,2026-06-03 18:26:00,23.06,41.01,84.3,-56.2,v2.1.0,online
AH-00150,2026-06-03 18:27:00,26.81,52.29,90.1,-46.3,v2.0.1,online
AH-00098,2026-06-03 18:27:00,20.21,45.01,64.3,-73.6,v2.0.1,online
AH-00027,2026-06-03 18:27:00,23.83,38.65,74.8,-70.6,v2.0.1,online
AH-00089,2026-06-03 18:30:00,19.74,46.64,68.8,-57.9,v1.4.2,online
AH-00117,2026-06-03 18:30:00,22.46,54.6,79.7,-61.2,v1.5.0,online
AH-00190,2026-06-03 18:30:00,20.46,31.71,76.6,-49.9,v2.0.1,online
AH-00123,2026-06-03 18:31:00,29.62,46.31,67.7,-53.5,v1.5.0,offline
AH-00104,2026-06-03 18:31:00,20.4,23.42,99.0,-67.1,v1.5.0,online
AH-00175,2026-06-03 18:31:00,22.67,35.88,76.1,-59.7,v1.5.0,online
AH-00040,2026-06-03 18:32:00,18.85,33.45,67.5,-62.6,v1.5.0,online
AH-00105,2026-06-03 18:33:00,28.18,53.65,88.0,-55.3,v1.5.0,maintenance
AH-00135,2026-06-03 18:35:00,20.42,43.84,70.4,-74.3,v2.0.1,offline
AH-00108,2026-06-03 18:35:00,27.16,51.31,79.6,-59.0,v2.0.1,online
AH-00179,2026-06-03 18:36:00,22.19,50.55,70.5,-61.3,v1.5.0,online
AH-00052,2026-06-03 18:37:00,18.84,51.11,63.6,-62.6,v1.5.0,online
AH-00151,2026-06-03 18:37:00,21.31,42.77,78.3,-62.1,v1.4.2,offline
AH-00035,2026-06-03 18:37:00,21.46,36.12,69.1,-61.7,v2.0.1,online
AH-00087,2026-06-03 18:37:00,22.89,30.37,76.3,-66.4,v1.4.2,online
AH-00046,2026-06-03 18:38:00,24.24,45.52,74.7,-64.9,v1.5.0,offline
AH-00090,2026-06-03 18:40:00,22.08,39.73,59.6,-65.2,v2.0.1,offline
AH-00174,2026-06-03 18:40:00,23.28,43.38,57.5,-54.8,v1.5.0,online
AH-00171,2026-06-03 18:41:00,22.73,53.8,100.0,-55.1,v1.5.0,online
AH-00031,2026-06-03 18:41:00,21.48,49.34,83.4,-62.2,v2.0.1,online
AH-00179,2026-06-03 18:42:00,24.55,41.3,93.2,-60.8,v2.0.1,maintenance
AH-00127,2026-06-03 18:43:00,18.1,44.04,84.7,-59.3,v2.0.1,online
AH-00149,2026-06-03 18:43:00,23.56,34.79,72.4,-70.9,v1.5.0,maintenance
AH-00115,2026-06-03 18:43:00,25.39,45.05,82.2,-68.7,v2.1.0,online
AH-00087,2026-06-03 18:45:00,21.84,61.7,70.6,-64.9,v2.1.0,online
AH-00186,2026-06-03 18:45:00,23.19,43.07,92.1,-48.2,v2.1.0,online
AH-00074,2026-06-03 18:45:00,25.33,41.54,76.9,-69.4,v1.5.0,online
AH-00133,2026-06-03 18:46:00,24.76,55.06,73.0,-75.3,v1.5.0,online
AH-00113,2026-06-03 18:49:00,20.55,38.42,58.8,-73.2,v1.5.0,online
AH-00087,2026-06-03 18:49:00,20.02,42.12,75.4,-47.3,v1.5.0,online
AH-00156,2026-06-03 18:51:00,20.02,59.15,93.8,-47.8,v2.0.1,online
AH-00054,2026-06-03 18:51:00,21.84,39.94,94.7,-68.0,v2.1.0,offline
AH-00176,2026-06-03 18:52:00,21.21,39.21,49.0,-60.9,v2.0.1,online
AH-00007,2026-06-03 18:53:00,25.15,47.17,78.7,-59.2,v1.5.0,online
AH-00012,2026-06-03 18:55:00,23.36,48.43,62.2,-47.3,v2.0.1,online
AH-00018,2026-06-03 18:56:00,20.25,46.64,61.9,-65.0,v2.0.1,online
AH-00148,2026-06-03 18:58:00,22.0,40.97,63.6,-64.0,v2.0.1,online
AH-00049,2026-06-03 18:59:00,25.18,49.42,85.1,-64.2,v1.5.0,online
AH-00046,2026-06-03 19:00:00,21.79,46.13,86.3,-63.6,v2.0.1,offline
AH-00105,2026-06-03 19:01:00,22.36,56.42,78.5,-57.4,v2.0.1,online
AH-00142,2026-06-03 19:01:00,22.46,44.44,75.3,-60.6,v2.1.0,online
AH-00011,2026-06-03 19:02:00,22.64,43.05,47.0,-66.6,v2.1.0,online
AH-00173,2026-06-03 19:02:00,21.99,44.23,81.3,-65.5,v2.0.1,offline
AH-00049,2026-06-03 19:03:00,22.24,49.51,84.6,-70.4,v1.5.0,online
AH-00050,2026-06-03 19:03:00,22.02,50.37,70.7,-58.6,v1.4.2,online
AH-00047,2026-06-03 19:07:00,23.72,47.97,88.0,-71.9,v2.0.1,online
AH-00048,2026-06-03 19:08:00,19.11,45.69,64.8,-57.9,v2.0.1,online
AH-00185,2026-06-03 19:09:00,26.35,48.87,94.9,-39.8,v1.5.0,online
AH-00058,2026-06-03 19:09:00,26.74,37.52,64.7,-60.7,v2.0.1,online
AH-00075,2026-06-03 19:09:00,23.14,35.17,78.8,-72.4,v2.0.1,online
AH-00197,2026-06-03 19:11:00,20.88,35.76,88.3,-62.2,v2.0.1,online
AH-00015,2026-06-03 19:13:00,22.62,27.43,92.0,-56.7,v2.0.1,maintenance
AH-00030,2026-06-03 19:13:00,22.19,34.47,84.5,-51.1,v1.5.0,online
AH-00060,2026-06-03 19:14:00,18.2,31.28,76.7,-44.3,v2.0.1,online
AH-00127,2026-06-03 19:14:00,21.84,51.45,63.4,-70.2,v2.0.1,offline
AH-00048,2026-06-03 19:14:00,19.99,52.27,71.2,-61.6,v2.1.0,online
AH-00113,2026-06-03 19:15:00,15.62,64.69,64.2,-57.1,v1.4.2,maintenance
AH-00051,2026-06-03 19:16:00,17.65,44.25,85.3,-58.4,v1.4.2,offline
AH-00098,2026-06-03 19:17:00,20.04,51.65,73.7,-61.0,v1.5.0,online
AH-00115,2026-06-03 19:18:00,16.88,38.01,84.5,-50.2,v1.5.0,online
AH-00009,2026-06-03 19:19:00,26.32,50.79,97.8,-77.1,v1.4.2,online
AH-00168,2026-06-03 19:20:00,26.43,47.32,75.9,-58.6,v1.5.0,online
AH-00014,2026-06-03 19:20:00,18.05,49.55,92.2,-49.2,v2.1.0,online
AH-00160,2026-06-03 19:25:00,15.44,39.58,80.6,-57.9,v2.0.1,online
AH-00168,2026-06-03 19:26:00,18.04,34.46,83.1,-57.3,v1.4.2,online
AH-00182,2026-06-03 19:27:00,22.05,43.59,57.2,-54.2,v2.0.1,online
AH-00070,2026-06-03 19:29:00,17.9,48.19,86.3,-60.7,v1.5.0,online
AH-00050,2026-06-03 19:29:00,21.97,38.0,74.1,-63.3,v1.5.0,online
AH-00064,2026-06-03 19:29:00,21.72,38.22,86.4,-66.3,v2.0.1,online
AH-00198,2026-06-03 19:29:00,20.75,44.32,81.6,-54.2,v1.5.0,online
AH-00023,2026-06-03 19:30:00,17.55,33.48,86.2,-62.8,v1.4.2,online
AH-00013,2026-06-03 19:31:00,21.64,48.33,82.7,-54.1,v2.1.0,online
AH-00128,2026-06-03 19:31:00,21.95,45.13,68.4,-70.6,v1.5.0,maintenance
AH-00179,2026-06-03 19:34:00,24.59,34.17,70.7,-57.3,v2.0.1,online
AH-00001,2026-06-03 19:35:00,26.36,47.06,82.7,-69.9,v2.0.1,online
AH-00147,2026-06-03 19:37:00,21.61,29.24,69.7,-69.8,v2.0.1,online
AH-00087,2026-06-03 19:39:00,22.31,46.73,79.3,-45.4,v2.0.1,online
AH-00075,2026-06-03 19:39:00,20.04,41.71,58.5,-53.5,v2.0.1,online
AH-00030,2026-06-03 19:39:00,22.13,47.64,67.8,-58.9,v1.5.0,online
AH-00093,2026-06-03 19:40:00,21.88,33.1,67.3,-44.5,v2.1.0,online
AH-00196,2026-06-03 19:40:00,17.64,45.23,74.4,-66.2,v2.1.0,online
AH-00029,2026-06-03 19:41:00,19.17,55.27,92.3,-73.1,v1.5.0,online
AH-00020,2026-06-03 19:42:00,16.93,40.33,75.1,-58.2,v2.0.1,online
AH-00131,2026-06-03 19:42:00,21.26,56.59,61.0,-59.1,v2.0.1,online
AH-00127,2026-06-03 19:42:00,19.32,37.88,77.7,-63.5,v1.5.0,online
AH-00144,2026-06-03 19:43:00,21.91,31.83,81.2,-64.3,v2.0.1,offline
AH-00036,2026-06-03 19:43:00,18.54,37.17,65.7,-55.7,v1.5.0,online
AH-00193,2026-06-03 19:44:00,18.59,36.98,70.4,-56.1,v1.4.2,online
AH-00067,2026-06-03 19:46:00,22.6,34.76,74.2,-42.6,v2.0.1,online
AH-00124,2026-06-03 19:47:00,21.09,46.95,62.6,-51.6,v2.1.0,offline
AH-00019,2026-06-03 19:47:00,23.45,39.74,90.0,-61.3,v1.5.0,online
AH-00193,2026-06-03 19:48:00,20.15,45.5,97.7,-68.7,v1.4.2,offline
AH-00029,2026-06-03 19:49:00,18.77,35.53,50.9,-60.3,v1.4.2,online
AH-00143,2026-06-03 19:51:00,22.4,34.09,73.5,-62.3,v1.5.0,online
AH-00054,2026-06-03 19:53:00,19.92,38.25,98.3,-70.4,v1.5.0,maintenance
AH-00088,2026-06-03 19:53:00,23.11,40.64,92.3,-58.7,v2.0.1,online
AH-00147,2026-06-03 19:54:00,20.96,49.43,67.2,-68.4,v2.0.1,online
AH-00022,2026-06-03 19:54:00,16.95,46.24,54.3,-53.9,v1.4.2,online
AH-00113,2026-06-03 19:55:00,20.34,55.53,73.3,-63.1,v1.4.2,online
AH-00111,2026-06-03 19:55:00,25.68,42.64,64.7,-70.2,v1.5.0,online
AH-00033,2026-06-03 19:56:00,22.79,46.97,87.9,-57.3,v2.1.0,online
AH-00124,2026-06-03 19:56:00,22.81,31.27,66.5,-66.9,v1.5.0,online
AH-00015,2026-06-03 19:57:00,23.97,44.22,77.4,-54.5,v1.4.2,online
AH-00033,2026-06-03 19:58:00,20.15,48.42,59.7,-53.6,v2.1.0,online
AH-00097,2026-06-03 19:58:00,17.99,51.85,69.1,-62.1,v2.1.0,online
AH-00167,2026-06-03 19:59:00,22.06,36.17,85.4,-55.6,v2.1.0,offline
AH-00088,2026-06-03 19:59:00,19.32,43.54,70.2,-52.6,v2.1.0,online
AH-00072,2026-06-03 20:00:00,23.99,43.21,84.2,-70.4,v1.4.2,online
AH-00049,2026-06-03 20:01:00,27.46,49.58,80.6,-66.4,v1.5.0,online
AH-00088,2026-06-03 20:01:00,21.69,48.69,65.0,-53.5,v1.4.2,online
AH-00109,2026-06-03 20:02:00,24.88,42.39,65.1,-58.2,v2.0.1,online
AH-00117,2026-06-03 20:02:00,25.46,41.58,62.7,-43.0,v2.1.0,online
AH-00045,2026-06-03 20:03:00,22.01,45.72,59.0,-70.3,v2.0.1,online
AH-00019,2026-06-03 20:04:00,22.33,39.75,95.8,-52.0,v2.0.1,online
AH-00200,2026-06-03 20:06:00,29.43,58.66,65.9,-70.3,v1.5.0,online
AH-00086,2026-06-03 20:09:00,27.85,43.96,82.9,-55.7,v2.0.1,offline
AH-00199,2026-06-03 20:09:00,20.12,47.13,79.8,-71.9,v2.0.1,maintenance
AH-00117,2026-06-03 20:09:00,23.48,36.52,92.5,-67.1,v2.0.1,online
AH-00048,2026-06-03 20:11:00,24.67,37.1,74.8,-53.0,v2.0.1,online
AH-00112,2026-06-03 20:12:00,23.77,45.51,77.9,-63.3,v2.0.1,online
AH-00041,2026-06-03 20:16:00,25.13,43.31,87.1,-58.1,v2.1.0,online
AH-00200,2026-06-03 20:16:00,20.4,46.74,67.8,-57.9,v2.1.0,online
AH-00061,2026-06-03 20:17:00,18.67,41.18,76.8,-67.7,v2.1.0,offline
AH-00035,2026-06-03 20:18:00,18.89,47.01,63.7,-61.0,v2.0.1,online
AH-00120,2026-06-03 20:18:00,20.14,40.74,100.0,-46.6,v1.5.0,online
AH-00048,2026-06-03 20:18:00,21.12,39.29,70.8,-57.6,v2.0.1,online
AH-00072,2026-06-03 20:19:00,23.44,44.95,73.3,-53.6,v2.0.1,offline
AH-00142,2026-06-03 20:19:00,20.52,29.91,83.2,-65.2,v1.5.0,online
AH-00171,2026-06-03 20:19:00,19.29,30.28,63.0,-74.3,v1.5.0,online
AH-00109,2026-06-03 20:20:00,22.24,48.9,71.2,-61.6,v1.5.0,online
AH-00090,2026-06-03 20:20:00,22.09,40.24,78.5,-46.0,v2.1.0,offline
AH-00117,2026-06-03 20:25:00,22.95,49.3,100.0,-52.7,v2.0.1,online
AH-00196,2026-06-03 20:26:00,26.28,33.04,78.7,-64.6,v1.5.0,online
AH-00090,2026-06-03 20:27:00,24.03,43.82,80.7,-56.1,v1.5.0,online
AH-00093,2026-06-03 20:28:00,19.12,39.58,70.4,-69.0,v2.0.1,maintenance
AH-00148,2026-06-03 20:28:00,20.22,58.73,98.9,-60.0,v2.1.0,online
AH-00068,2026-06-03 20:28:00,18.3,45.44,79.0,-69.1,v1.5.0,offline
AH-00160,2026-06-03 20:28:00,23.38,43.07,80.8,-71.0,v1.4.2,online
AH-00130,2026-06-03 20:29:00,18.89,39.53,92.7,-67.0,v1.4.2,online
AH-00131,2026-06-03 20:30:00,21.58,59.97,50.3,-50.6,v1.5.0,online
AH-00093,2026-06-03 20:30:00,25.63,43.98,85.5,-60.1,v2.1.0,online
AH-00091,2026-06-03 20:31:00,12.6,40.81,92.8,-63.9,v1.5.0,online
AH-00157,2026-06-03 20:34:00,20.06,55.17,81.1,-65.5,v1.5.0,online
AH-00087,2026-06-03 20:35:00,24.41,51.59,82.6,-66.0,v2.0.1,online
AH-00107,2026-06-03 20:40:00,22.42,44.82,73.6,-68.2,v2.0.1,online
AH-00122,2026-06-03 20:41:00,22.71,39.73,65.3,-74.7,v2.0.1,online
AH-00186,2026-06-03 20:41:00,20.38,43.69,81.1,-64.6,v2.0.1,online
AH-00123,2026-06-03 20:42:00,23.37,69.81,83.7,-63.7,v2.0.1,online
AH-00040,2026-06-03 20:43:00,29.34,34.5,63.1,-45.7,v1.5.0,online
AH-00062,2026-06-03 20:44:00,24.11,37.29,81.8,-76.5,v2.0.1,online
AH-00135,2026-06-03 20:50:00,17.56,39.26,65.4,-63.0,v2.1.0,online
AH-00061,2026-06-03 20:50:00,25.77,27.74,71.8,-61.9,v2.0.1,online
AH-00026,2026-06-03 20:50:00,23.32,44.27,87.6,-55.8,v2.1.0,online
AH-00074,2026-06-03 20:52:00,23.34,44.26,78.7,-66.2,v2.0.1,online
AH-00138,2026-06-03 20:52:00,23.8,41.94,72.9,-57.9,v2.1.0,online
AH-00173,2026-06-03 20:52:00,27.14,53.24,76.6,-57.3,v2.1.0,online
AH-00047,2026-06-03 20:53:00,21.64,42.66,70.9,-52.9,v2.1.0,online
AH-00094,2026-06-03 20:53:00,24.76,50.56,89.1,-61.4,v1.5.0,online
AH-00125,2026-06-03 20:55:00,21.8,45.45,72.9,-69.4,v1.4.2,online
AH-00173,2026-06-03 20:56:00,27.41,51.36,82.7,-76.5,v2.0.1,online
AH-00156,2026-06-03 20:58:00,18.38,43.24,96.0,-76.7,v2.1.0,offline
AH-00047,2026-06-03 21:00:00,24.62,46.29,69.2,-70.1,v1.4.2,online
AH-00048,2026-06-03 21:00:00,21.73,42.02,69.0,-45.9,v2.0.1,online
AH-00162,2026-06-03 21:02:00,28.7,42.25,100.0,-56.0,v2.0.1,online
AH-00147,2026-06-03 21:02:00,22.4,56.93,82.6,-63.3,v1.4.2,online
AH-00016,2026-06-03 21:03:00,26.52,53.67,82.1,-61.4,v1.4.2,maintenance
AH-00132,2026-06-03 21:03:00,25.76,48.6,75.0,-60.2,v1.5.0,online
AH-00096,2026-06-03 21:03:00,27.91,56.04,83.0,-66.8,v2.1.0,online
AH-00004,2026-06-03 21:04:00,16.58,43.8,74.3,-62.7,v1.4.2,online
AH-00140,2026-06-03 21:05:00,22.68,40.42,70.7,-62.2,v1.5.0,online
AH-00031,2026-06-03 21:05:00,22.77,44.63,75.3,-59.4,v2.1.0,online
AH-00148,2026-06-03 21:06:00,25.4,41.23,100.0,-58.9,v2.0.1,online
AH-00169,2026-06-03 21:08:00,21.16,43.12,95.3,-43.9,v2.1.0,online
AH-00036,2026-06-03 21:10:00,26.86,38.47,94.2,-52.8,v2.0.1,online
AH-00020,2026-06-03 21:11:00,22.38,43.07,62.3,-59.1,v2.1.0,maintenance
AH-00105,2026-06-03 21:12:00,20.35,43.16,72.6,-66.1,v1.5.0,online
AH-00154,2026-06-03 21:13:00,18.54,56.44,82.1,-69.4,v1.5.0,online
AH-00030,2026-06-03 21:16:00,17.67,62.38,78.7,-79.2,v2.0.1,online
AH-00156,2026-06-03 21:16:00,19.66,59.82,83.0,-69.4,v2.1.0,online
AH-00152,2026-06-03 21:21:00,26.92,40.45,71.0,-61.6,v1.5.0,maintenance
AH-00105,2026-06-03 21:21:00,19.43,54.78,86.7,-64.8,v2.0.1,online
AH-00090,2026-06-03 21:26:00,23.7,45.92,78.1,-68.2,v1.5.0,online
AH-00198,2026-06-03 21:26:00,25.24,41.46,93.7,-70.3,v2.0.1,online
AH-00185,2026-06-03 21:27:00,19.27,39.37,95.4,-55.2,v2.1.0,online
AH-00142,2026-06-03 21:27:00,27.29,30.96,87.7,-69.4,v1.5.0,online
AH-00052,2026-06-03 21:32:00,17.85,34.83,88.5,-55.8,v2.0.1,online
AH-00146,2026-06-03 21:34:00,23.41,44.12,93.6,-57.0,v1.5.0,offline
AH-00036,2026-06-03 21:37:00,20.83,58.95,76.1,-63.6,v2.1.0,online
AH-00156,2026-06-03 21:38:00,24.93,64.0,100.0,-51.9,v2.0.1,online
AH-00148,2026-06-03 21:39:00,26.01,33.85,83.4,-63.0,v2.1.0,maintenance
AH-00190,2026-06-03 21:39:00,22.99,38.64,82.8,-62.4,v1.5.0,online
AH-00167,2026-06-03 21:39:00,23.67,48.67,70.5,-65.6,v1.5.0,online
AH-00082,2026-06-03 21:40:00,23.57,58.85,78.5,-60.4,v2.0.1,offline
AH-00082,2026-06-03 21:40:00,23.13,49.03,59.1,-53.0,v1.5.0,offline
AH-00100,2026-06-03 21:42:00,20.08,43.25,51.7,-58.2,v2.0.1,online
AH-00046,2026-06-03 21:43:00,19.67,41.9,80.6,-57.9,v1.4.2,online
AH-00005,2026-06-03 21:46:00,26.43,47.92,48.1,-56.7,v2.0.1,online
AH-00091,2026-06-03 21:46:00,26.58,41.39,92.4,-51.6,v1.4.2,online
AH-00148,2026-06-03 21:48:00,19.82,41.3,79.1,-52.7,v2.1.0,online
AH-00089,2026-06-03 21:49:00,24.65,62.27,60.8,-59.4,v2.1.0,online
AH-00067,2026-06-03 21:51:00,17.37,57.68,85.3,-51.3,v1.5.0,online
AH-00149,2026-06-03 21:51:00,21.02,52.57,94.0,-67.8,v1.5.0,maintenance
AH-00016,2026-06-03 21:52:00,26.39,40.45,78.0,-67.4,v2.1.0,online
AH-00001,2026-06-03 21:59:00,19.92,36.91,94.8,-67.8,v1.5.0,online
AH-00170,2026-06-03 21:59:00,25.16,57.42,81.9,-54.9,v1.5.0,online
AH-00185,2026-06-03 22:00:00,22.98,51.1,95.6,-64.2,v2.1.0,online
AH-00150,2026-06-03 22:00:00,21.85,39.75,86.8,-61.3,v2.0.1,offline
AH-00005,2026-06-03 22:00:00,21.25,36.51,67.6,-63.8,v1.5.0,online
AH-00044,2026-06-03 22:01:00,22.29,40.26,80.0,-59.6,v2.1.0,online
AH-00021,2026-06-03 22:02:00,15.48,45.46,97.7,-69.2,v1.5.0,online
AH-00022,2026-06-03 22:03:00,22.76,35.84,65.3,-51.9,v2.0.1,online
AH-00171,2026-06-03 22:04:00,23.3,43.55,75.2,-52.4,v1.5.0,online
AH-00024,2026-06-03 22:05:00,23.84,31.26,95.6,-63.9,v2.0.1,online
AH-00050,2026-06-03 22:05:00,21.66,38.82,62.2,-63.0,v2.0.1,online
AH-00027,2026-06-03 22:08:00,26.83,39.64,92.9,-55.3,v2.1.0,online
AH-00056,2026-06-03 22:09:00,25.14,47.09,94.7,-47.2,v2.0.1,online
AH-00066,2026-06-03 22:10:00,24.07,46.48,74.5,-59.7,v2.0.1,online
AH-00067,2026-06-03 22:10:00,20.63,32.89,51.1,-71.5,v1.4.2,online
AH-00191,2026-06-03 22:11:00,21.81,47.02,52.0,-68.0,v1.5.0,maintenance
AH-00025,2026-06-03 22:13:00,21.99,44.53,95.1,-61.4,v2.0.1,online
AH-00026,2026-06-03 22:13:00,19.78,49.14,92.4,-66.2,v2.1.0,offline
AH-00185,2026-06-03 22:13:00,19.92,31.12,93.9,-63.7,v1.5.0,online
AH-00001,2026-06-03 22:13:00,18.09,49.25,73.1,-75.4,v2.0.1,online
AH-00153,2026-06-03 22:14:00,24.7,46.31,96.0,-75.8,v1.5.0,online
AH-00068,2026-06-03 22:14:00,15.0,44.05,79.6,-64.4,v2.0.1,online
AH-00103,2026-06-03 22:14:00,21.2,38.75,66.1,-63.5,v1.5.0,online
AH-00100,2026-06-03 22:14:00,23.2,49.32,81.3,-55.6,v2.0.1,online
AH-00136,2026-06-03 22:15:00,18.46,40.93,88.7,-69.0,v2.0.1,online
AH-00200,2026-06-03 22:18:00,17.59,49.22,75.2,-60.4,v1.5.0,maintenance
AH-00132,2026-06-03 22:22:00,17.0,36.0,72.4,-74.0,v1.5.0,offline
AH-00160,2026-06-03 22:22:00,27.77,38.17,76.4,-53.2,v2.0.1,online
AH-00106,2026-06-03 22:25:00,25.54,39.01,82.5,-67.6,v2.1.0,online
AH-00110,2026-06-03 22:26:00,21.8,53.54,93.0,-62.0,v2.1.0,online
AH-00153,2026-06-03 22:27:00,26.85,49.11,80.7,-40.4,v2.0.1,online
AH-00070,2026-06-03 22:30:00,23.35,52.52,85.9,-52.3,v2.0.1,online
AH-00142,2026-06-03 22:30:00,20.63,63.88,80.8,-66.6,v1.5.0,online
AH-00005,2026-06-03 22:31:00,16.78,48.35,49.4,-64.0,v2.0.1,online
AH-00169,2026-06-03 22:32:00,23.12,44.21,63.0,-64.7,v2.1.0,online
AH-00155,2026-06-03 22:33:00,20.31,47.19,93.5,-60.6,v1.5.0,online
AH-00150,2026-06-03 22:34:00,20.81,38.6,100.0,-60.1,v1.5.0,offline
AH-00004,2026-06-03 22:34:00,21.13,48.04,87.6,-83.6,v1.5.0,online
AH-00079,2026-06-03 22:36:00,21.46,48.56,78.9,-61.1,v1.5.0,online
AH-00003,2026-06-03 22:38:00,21.02,39.3,69.3,-62.3,v2.0.1,online
AH-00013,2026-06-03 22:40:00,19.43,31.97,65.5,-46.0,v2.0.1,online
AH-00008,2026-06-03 22:43:00,25.57,43.94,66.0,-54.6,v1.4.2,online
AH-00198,2026-06-03 22:43:00,28.41,42.22,78.2,-68.6,v2.0.1,maintenance
AH-00047,2026-06-03 22:43:00,17.65,37.86,96.2,-50.4,v2.1.0,online
AH-00078,2026-06-03 22:43:00,23.19,35.98,97.1,-68.5,v1.5.0,online
AH-00061,2026-06-03 22:46:00,23.9,49.58,73.1,-63.1,v2.0.1,online
AH-00022,2026-06-03 22:46:00,22.26,48.05,77.5,-59.9,v1.4.2,online
AH-00068,2026-06-03 22:47:00,20.63,40.58,62.7,-39.9,v2.1.0,online
AH-00016,2026-06-03 22:48:00,21.94,33.27,70.0,-52.6,v2.0.1,online
AH-00153,2026-06-03 22:48:00,22.42,47.62,90.2,-60.3,v2.0.1,online
AH-00137,2026-06-03 22:49:00,22.29,40.71,66.2,-62.7,v2.1.0,online
AH-00180,2026-06-03 22:50:00,19.59,35.02,94.4,-52.3,v2.1.0,online
AH-00111,2026-06-03 22:51:00,16.26,29.67,95.5,-60.8,v1.5.0,online
AH-00062,2026-06-03 22:51:00,26.93,38.09,69.7,-61.7,v2.0.1,online
AH-00065,2026-06-03 22:51:00,20.84,47.47,65.8,-42.6,v2.1.0,online
AH-00135,2026-06-03 22:52:00,20.85,44.12,77.9,-70.1,v2.0.1,online
AH-00050,2026-06-03 22:52:00,22.0,47.4,79.0,-70.7,v2.0.1,online
AH-00069,2026-06-03 22:55:00,23.54,51.52,73.7,-58.5,v2.0.1,maintenance
AH-00179,2026-06-03 22:55:00,25.96,49.46,78.5,-60.0,v2.0.1,online
AH-00200,2026-06-03 22:57:00,27.93,53.36,74.8,-59.5,v2.1.0,online
AH-00012,2026-06-03 22:57:00,27.32,52.49,81.7,-68.5,v2.1.0,online
AH-00075,2026-06-03 22:59:00,18.54,48.7,54.4,-63.6,v2.1.0,online
AH-00131,2026-06-03 22:59:00,23.92,50.91,70.1,-70.0,v2.0.1,online
AH-00050,2026-06-03 22:59:00,27.91,30.71,92.2,-60.6,v2.0.1,online
AH-00055,2026-06-03 23:00:00,19.81,41.85,76.6,-64.6,v1.4.2,online
AH-00181,2026-06-03 23:01:00,21.34,54.63,58.9,-65.0,v2.0.1,online
AH-00095,2026-06-03 23:02:00,17.66,52.58,90.2,-58.8,v2.0.1,online
AH-00187,2026-06-03 23:05:00,21.46,19.2,79.7,-64.3,v2.0.1,online
AH-00179,2026-06-03 23:08:00,24.37,44.05,75.0,-52.5,v2.0.1,online
AH-00100,2026-06-03 23:08:00,16.04,48.66,65.1,-71.6,v2.1.0,online
AH-00057,2026-06-03 23:11:00,22.0,42.43,90.7,-61.1,v2.0.1,online
AH-00156,2026-06-03 23:11:00,17.47,49.69,78.6,-64.6,v2.1.0,online
AH-00106,2026-06-03 23:11:00,25.33,42.12,70.5,-54.8,v2.1.0,online
AH-00012,2026-06-03 23:12:00,15.91,34.91,77.7,-54.8,v1.4.2,online
AH-00149,2026-06-03 23:12:00,22.38,52.3,72.6,-63.7,v1.5.0,online
AH-00188,2026-06-03 23:13:00,22.1,48.14,79.2,-63.3,v2.1.0,online
AH-00081,2026-06-03 23:14:00,22.24,45.24,68.1,-42.4,v2.1.0,online
AH-00020,2026-06-03 23:15:00,29.48,47.46,74.6,-55.0,v1.4.2,online
AH-00196,2026-06-03 23:15:00,19.88,53.53,68.7,-51.2,v2.1.0,online
AH-00185,2026-06-03 23:19:00,23.05,51.44,58.9,-57.5,v2.0.1,offline
AH-00159,2026-06-03 23:19:00,21.13,49.85,86.9,-71.4,v2.0.1,online
AH-00170,2026-06-03 23:20:00,22.79,55.71,83.5,-51.2,v2.1.0,online
AH-00073,2026-06-03 23:22:00,21.88,46.2,81.4,-58.6,v1.5.0,online
AH-00053,2026-06-03 23:22:00,21.81,55.91,95.1,-67.2,v1.4.2,online
AH-00160,2026-06-03 23:22:00,18.76,45.02,81.0,-61.0,v2.0.1,online
AH-00010,2026-06-03 23:23:00,19.69,64.49,79.3,-66.8,v2.0.1,online
AH-00090,2026-06-03 23:23:00,22.93,48.27,46.9,-63.3,v2.0.1,online
AH-00143,2026-06-03 23:25:00,25.23,41.5,82.6,-57.1,v2.1.0,online
AH-00171,2026-06-03 23:26:00,27.26,44.14,68.6,-50.9,v2.1.0,online
AH-00140,2026-06-03 23:29:00,21.23,43.15,83.7,-52.6,v2.0.1,online
AH-00200,2026-06-03 23:31:00,25.1,54.33,77.2,-76.7,v2.0.1,online
AH-00136,2026-06-03 23:32:00,19.7,45.43,84.1,-56.2,v2.1.0,offline
AH-00122,2026-06-03 23:33:00,16.53,54.93,78.1,-67.7,v2.0.1,online
AH-00162,2026-06-03 23:33:00,19.53,45.3,73.7,-78.1,v1.5.0,online
AH-00133,2026-06-03 23:34:00,25.04,39.02,92.4,-46.6,v2.1.0,online
AH-00091,2026-06-03 23:35:00,23.7,31.43,78.4,-57.7,v1.4.2,online
AH-00179,2026-06-03 23:35:00,23.86,55.59,77.6,-49.8,v1.5.0,online
AH-00023,2026-06-03 23:37:00,24.95,53.02,81.2,-55.7,v2.0.1,offline
AH-00200,2026-06-03 23:38:00,17.25,45.67,75.9,-44.8,v2.0.1,online
AH-00010,2026-06-03 23:39:00,17.87,51.11,59.4,-66.8,v2.1.0,maintenance
AH-00057,2026-06-03 23:40:00,24.13,39.52,68.5,-72.5,v2.0.1,offline
AH-00157,2026-06-03 23:40:00,25.84,43.97,73.9,-56.9,v1.4.2,online
AH-00008,2026-06-03 23:42:00,23.11,34.64,56.9,-64.5,v1.5.0,online
AH-00144,2026-06-03 23:42:00,26.05,33.7,76.8,-48.6,v1.4.2,online
AH-00080,2026-06-03 23:43:00,20.8,43.31,90.1,-64.8,v1.5.0,online
AH-00020,2026-06-03 23:43:00,26.55,35.31,79.2,-67.5,v2.0.1,online
AH-00144,2026-06-03 23:44:00,26.94,38.04,86.7,-56.8,v2.0.1,online
AH-00154,2026-06-03 23:44:00,27.44,44.01,84.9,-54.5,v2.0.1,online
AH-00084,2026-06-03 23:45:00,19.37,39.97,97.3,-59.9,v2.0.1,online
AH-00031,2026-06-03 23:47:00,13.85,55.32,65.7,-57.5,v2.1.0,online
AH-00018,2026-06-03 23:49:00,25.8,44.54,66.7,-74.9,v1.5.0,online
AH-00132,2026-06-03 23:49:00,19.38,43.1,99.0,-60.5,v1.5.0,online
AH-00078,2026-06-03 23:50:00,20.17,51.84,86.5,-57.8,v2.1.0,online
AH-00177,2026-06-03 23:52:00,22.14,41.58,68.7,-70.3,v2.0.1,online
AH-00108,2026-06-03 23:52:00,24.65,44.52,80.1,-58.9,v1.4.2,online
AH-00115,2026-06-03 23:54:00,16.33,41.23,66.0,-56.6,v1.5.0,online
AH-00034,2026-06-03 23:55:00,23.07,50.51,91.8,-45.7,v2.0.1,maintenance
AH-00117,2026-06-03 23:55:00,19.27,42.53,82.6,-70.2,v1.5.0,online
AH-00154,2026-06-03 23:56:00,21.82,40.5,94.6,-57.8,v2.1.0,offline
AH-00190,2026-06-03 23:58:00,17.97,33.76,75.0,-56.5,v2.0.1,maintenance
AH-00134,2026-06-03 23:58:00,26.83,52.35,100.0,-53.9,v1.5.0,online
AH-00192,2026-06-04 00:00:00,22.66,47.64,90.0,-75.1,v1.5.0,offline
AH-00104,2026-06-04 00:00:00,26.37,36.17,100.0,-53.5,v2.0.1,online
AH-00179,2026-06-04 00:00:00,25.38,36.33,77.0,-56.7,v2.1.0,online
AH-00124,2026-06-04 00:02:00,23.17,40.61,77.5,-62.6,v2.0.1,online
AH-00079,2026-06-04 00:03:00,27.48,31.9,89.1,-63.7,v2.1.0,online
AH-00086,2026-06-04 00:03:00,23.54,65.73,80.9,-57.2,v2.1.0,online
AH-00153,2026-06-04 00:03:00,22.51,35.97,68.4,-66.9,v2.1.0,online
AH-00127,2026-06-04 00:04:00,20.51,37.15,99.2,-67.1,v1.5.0,online
AH-00115,2026-06-04 00:05:00,24.18,49.43,67.9,-51.7,v1.4.2,online
AH-00142,2026-06-04 00:05:00,23.46,51.75,88.4,-51.2,v1.5.0,online
AH-00169,2026-06-04 00:07:00,22.27,38.37,80.6,-59.6,v2.1.0,online
AH-00005,2026-06-04 00:08:00,23.53,50.17,87.9,-48.9,v2.1.0,offline
AH-00121,2026-06-04 00:11:00,20.3,38.4,79.3,-71.3,v2.0.1,online
AH-00133,2026-06-04 00:14:00,18.67,50.78,55.2,-74.9,v1.5.0,online
AH-00097,2026-06-04 00:14:00,23.65,58.77,70.5,-61.2,v1.5.0,online
AH-00184,2026-06-04 00:15:00,21.7,26.83,75.7,-60.0,v2.0.1,offline
AH-00050,2026-06-04 00:15:00,25.97,21.98,92.9,-58.9,v2.0.1,offline
AH-00155,2026-06-04 00:15:00,22.44,43.47,67.7,-64.1,v1.4.2,online
AH-00135,2026-06-04 00:17:00,23.38,49.81,84.0,-51.0,v2.1.0,online
AH-00152,2026-06-04 00:17:00,22.49,46.07,100.0,-59.7,v2.0.1,online
AH-00043,2026-06-04 00:19:00,23.18,54.94,84.2,-54.9,v2.0.1,online
AH-00136,2026-06-04 00:19:00,24.2,51.93,77.6,-66.4,v1.4.2,online
AH-00084,2026-06-04 00:20:00,21.59,46.51,80.4,-70.1,v1.4.2,online
AH-00044,2026-06-04 00:20:00,19.73,33.49,76.5,-50.5,v2.0.1,online
AH-00019,2026-06-04 00:20:00,23.38,46.08,61.6,-67.5,v1.5.0,online
AH-00150,2026-06-04 00:21:00,21.4,47.14,74.8,-62.2,v1.5.0,online
AH-00194,2026-06-04 00:22:00,20.48,29.27,87.0,-68.1,v1.5.0,online
AH-00040,2026-06-04 00:23:00,24.41,34.52,78.4,-74.7,v2.1.0,online
AH-00078,2026-06-04 00:24:00,19.97,49.96,76.3,-70.8,v2.0.1,online
AH-00149,2026-06-04 00:25:00,14.05,47.47,70.5,-69.0,v2.1.0,online
AH-00171,2026-06-04 00:25:00,24.56,56.29,97.3,-60.1,v2.1.0,online
AH-00044,2026-06-04 00:27:00,20.9,40.35,80.3,-62.3,v2.0.1,online
AH-00164,2026-06-04 00:28:00,17.14,49.45,89.0,-50.8,v2.1.0,online
AH-00069,2026-06-04 00:29:00,23.91,57.2,91.5,-61.0,v1.5.0,online
AH-00172,2026-06-04 00:30:00,20.37,42.35,100.0,-60.5,v2.0.1,online
AH-00030,2026-06-04 00:32:00,20.32,34.0,71.6,-64.8,v2.0.1,online
AH-00063,2026-06-04 00:33:00,20.68,21.63,85.2,-60.9,v2.0.1,offline
AH-00175,2026-06-04 00:38:00,18.15,40.38,79.7,-64.2,v1.4.2,maintenance
AH-00021,2026-06-04 00:38:00,25.83,45.36,53.8,-70.4,v2.0.1,online
AH-00184,2026-06-04 00:39:00,21.38,46.67,62.0,-58.6,v2.0.1,online
AH-00157,2026-06-04 00:40:00,22.55,47.89,76.9,-62.5,v1.5.0,online
AH-00022,2026-06-04 00:41:00,17.89,44.35,82.7,-60.2,v1.4.2,online
AH-00028,2026-06-04 00:41:00,25.43,37.33,61.5,-65.2,v2.1.0,online
AH-00057,2026-06-04 00:42:00,20.28,34.79,81.9,-71.9,v2.1.0,online
AH-00012,2026-06-04 00:43:00,18.43,45.58,77.4,-64.6,v2.0.1,online
AH-00050,2026-06-04 00:44:00,24.34,45.68,63.4,-56.9,v1.5.0,online
AH-00104,2026-06-04 00:44:00,17.96,40.06,75.4,-61.3,v1.5.0,online
AH-00084,2026-06-04 00:46:00,18.73,39.87,83.1,-66.9,v1.5.0,online
AH-00002,2026-06-04 00:48:00,31.54,37.28,74.0,-52.7,v2.0.1,online
AH-00194,2026-06-04 00:53:00,21.51,45.86,52.0,-67.7,v2.1.0,online
AH-00031,2026-06-04 00:54:00,24.22,40.13,94.9,-44.6,v2.1.0,online
AH-00066,2026-06-04 00:54:00,17.73,42.39,78.6,-83.9,v1.5.0,online
AH-00186,2026-06-04 00:54:00,20.44,36.4,58.8,-63.4,v1.5.0,online
AH-00161,2026-06-04 00:55:00,25.5,44.81,55.7,-76.6,v2.1.0,online
AH-00083,2026-06-04 00:55:00,21.9,48.38,84.1,-56.1,v2.1.0,online
AH-00124,2026-06-04 00:56:00,25.93,48.95,70.4,-57.6,v1.5.0,online
AH-00047,2026-06-04 00:57:00,18.74,38.62,100.0,-63.0,v1.4.2,online
AH-00118,2026-06-04 00:57:00,19.69,44.49,74.3,-50.0,v2.1.0,online
AH-00025,2026-06-04 00:58:00,19.05,48.43,83.8,-81.6,v2.0.1,offline
AH-00126,2026-06-04 00:58:00,29.65,40.25,85.2,-62.8,v2.0.1,online
AH-00010,2026-06-04 01:00:00,30.18,47.05,69.4,-61.6,v2.0.1,online
AH-00090,2026-06-04 01:01:00,28.39,47.41,74.9,-69.6,v2.1.0,online
AH-00042,2026-06-04 01:01:00,21.39,37.57,87.3,-63.4,v2.0.1,online
AH-00098,2026-06-04 01:01:00,26.1,28.93,92.7,-53.7,v1.5.0,online
AH-00088,2026-06-04 01:04:00,25.61,50.06,67.0,-38.1,v1.5.0,online
AH-00129,2026-06-04 01:05:00,16.41,41.26,63.9,-59.5,v1.5.0,online
AH-00162,2026-06-04 01:06:00,21.28,46.27,83.5,-55.8,v1.5.0,offline
AH-00126,2026-06-04 01:06:00,22.12,46.16,71.3,-49.0,v1.5.0,online
AH-00039,2026-06-04 01:06:00,23.93,40.87,93.5,-62.5,v2.0.1,online
AH-00117,2026-06-04 01:07:00,22.51,36.92,76.3,-60.2,v1.5.0,online
AH-00028,2026-06-04 01:07:00,26.87,34.31,77.3,-54.3,v1.5.0,offline
AH-00083,2026-06-04 01:09:00,26.22,51.23,70.9,-44.2,v1.4.2,online
AH-00058,2026-06-04 01:09:00,22.48,52.76,64.4,-52.1,v2.1.0,online
AH-00192,2026-06-04 01:09:00,26.48,60.04,97.1,-66.0,v2.0.1,online
AH-00151,2026-06-04 01:11:00,20.98,41.72,80.9,-52.4,v2.0.1,online
AH-00179,2026-06-04 01:11:00,22.97,41.25,91.4,-67.5,v2.0.1,online
AH-00171,2026-06-04 01:12:00,23.79,55.47,67.4,-69.9,v1.5.0,offline
AH-00093,2026-06-04 01:12:00,17.77,50.36,90.2,-78.5,v1.4.2,online
AH-00185,2026-06-04 01:13:00,21.84,49.64,84.0,-69.6,v1.4.2,offline
AH-00052,2026-06-04 01:13:00,22.48,42.48,85.2,-52.8,v1.5.0,online
AH-00090,2026-06-04 01:14:00,27.31,38.72,82.2,-55.1,v2.0.1,online
AH-00074,2026-06-04 01:14:00,25.68,42.4,65.7,-40.5,v2.0.1,online
AH-00035,2026-06-04 01:14:00,22.37,39.07,67.9,-67.5,v2.0.1,online
AH-00010,2026-06-04 01:15:00,16.57,44.42,97.3,-64.1,v2.0.1,online
AH-00112,2026-06-04 01:17:00,23.86,51.71,69.5,-77.5,v1.5.0,online
AH-00157,2026-06-04 01:17:00,16.68,40.01,86.8,-71.0,v2.1.0,online
AH-00088,2026-06-04 01:17:00,20.29,49.4,98.5,-77.7,v2.0.1,online
AH-00188,2026-06-04 01:17:00,25.93,48.62,94.6,-60.5,v2.1.0,maintenance
AH-00067,2026-06-04 01:17:00,22.63,53.18,85.1,-63.3,v2.0.1,online
AH-00020,2026-06-04 01:18:00,21.52,48.37,75.4,-62.5,v2.1.0,online
AH-00101,2026-06-04 01:22:00,20.66,40.61,78.2,-39.4,v1.5.0,online
AH-00126,2026-06-04 01:22:00,25.01,51.2,68.0,-59.0,v1.4.2,online
AH-00193,2026-06-04 01:24:00,27.75,53.43,88.5,-54.7,v1.5.0,online
AH-00144,2026-06-04 01:26:00,25.08,44.6,74.7,-63.2,v2.1.0,online
AH-00019,2026-06-04 01:26:00,24.45,40.36,62.7,-76.5,v1.5.0,online
AH-00033,2026-06-04 01:26:00,26.42,45.11,53.5,-71.5,v2.0.1,online
AH-00131,2026-06-04 01:28:00,20.1,33.81,58.6,-61.9,v1.4.2,online
AH-00114,2026-06-04 01:28:00,25.69,54.3,99.2,-62.1,v1.4.2,online
AH-00054,2026-06-04 01:28:00,24.18,44.46,58.6,-48.8,v1.5.0,online
AH-00168,2026-06-04 01:29:00,16.54,36.25,100.0,-50.5,v2.1.0,online
AH-00058,2026-06-04 01:29:00,21.26,52.26,83.3,-56.6,v2.0.1,online
AH-00055,2026-06-04 01:30:00,26.83,35.48,96.3,-71.1,v2.0.1,online
AH-00020,2026-06-04 01:30:00,18.1,52.88,69.6,-59.2,v2.0.1,online
AH-00048,2026-06-04 01:30:00,19.21,46.3,78.1,-57.4,v2.1.0,online
AH-00094,2026-06-04 01:31:00,25.45,39.15,90.6,-54.6,v2.0.1,online
AH-00094,2026-06-04 01:32:00,21.77,46.63,86.8,-67.5,v2.0.1,offline
AH-00128,2026-06-04 01:34:00,18.99,41.29,82.9,-63.4,v2.1.0,online
AH-00164,2026-06-04 01:34:00,25.54,51.27,67.4,-53.1,v2.1.0,online
AH-00197,2026-06-04 01:35:00,20.03,39.8,84.2,-53.2,v2.1.0,online
AH-00085,2026-06-04 01:35:00,19.37,36.51,74.2,-66.6,v2.0.1,online
AH-00114,2026-06-04 01:36:00,19.16,43.23,100.0,-55.9,v2.0.1,online
AH-00094,2026-06-04 01:37:00,21.64,44.14,72.5,-61.6,v2.0.1,offline
AH-00025,2026-06-04 01:38:00,22.73,34.72,69.4,-65.2,v2.0.1,online
AH-00094,2026-06-04 01:40:00,16.88,47.62,81.8,-57.3,v2.0.1,online
AH-00132,2026-06-04 01:40:00,18.89,46.48,88.1,-67.1,v2.0.1,online
AH-00109,2026-06-04 01:41:00,23.58,42.56,95.5,-62.8,v2.1.0,online
AH-00178,2026-06-04 01:43:00,22.02,47.53,68.0,-67.9,v2.0.1,online
AH-00160,2026-06-04 01:43:00,25.39,54.4,71.1,-58.3,v2.1.0,online
AH-00101,2026-06-04 01:45:00,21.43,46.67,80.4,-58.4,v2.0.1,online
AH-00043,2026-06-04 01:48:00,25.43,47.74,68.9,-57.3,v1.5.0,online
AH-00187,2026-06-04 01:49:00,20.97,39.23,76.0,-59.8,v2.0.1,online
AH-00132,2026-06-04 01:49:00,26.37,38.67,69.1,-59.1,v2.0.1,online
AH-00011,2026-06-04 01:51:00,24.51,53.18,73.5,-50.5,v2.1.0,online
AH-00094,2026-06-04 01:52:00,19.75,49.97,82.3,-65.7,v1.5.0,online
AH-00092,2026-06-04 01:53:00,19.37,37.77,84.7,-66.6,v1.5.0,online
AH-00162,2026-06-04 01:55:00,26.08,51.41,86.5,-56.1,v1.5.0,online
AH-00170,2026-06-04 01:56:00,26.23,60.06,62.5,-81.5,v2.0.1,online
AH-00088,2026-06-04 01:56:00,23.02,53.3,73.1,-73.9,v1.5.0,online
AH-00159,2026-06-04 01:57:00,21.98,51.39,90.2,-69.0,v2.0.1,online
AH-00011,2026-06-04 01:57:00,24.15,36.09,71.1,-64.6,v2.0.1,online
AH-00117,2026-06-04 01:58:00,16.95,45.86,72.2,-68.1,v1.4.2,online
AH-00034,2026-06-04 01:58:00,20.82,48.41,88.6,-76.7,v2.1.0,online
AH-00164,2026-06-04 02:00:00,26.9,57.69,98.7,-77.8,v2.0.1,online
AH-00062,2026-06-04 02:01:00,24.12,38.94,79.5,-64.8,v2.0.1,online
AH-00025,2026-06-04 02:03:00,23.27,48.07,76.5,-72.1,v2.1.0,online
AH-00019,2026-06-04 02:03:00,14.93,40.23,68.1,-62.3,v2.0.1,online
AH-00014,2026-06-04 02:03:00,19.11,47.23,83.8,-48.4,v1.5.0,online
AH-00151,2026-06-04 02:03:00,16.56,46.48,83.5,-48.3,v1.5.0,online
AH-00091,2026-06-04 02:04:00,20.45,51.55,67.0,-68.9,v1.5.0,online
AH-00046,2026-06-04 02:04:00,19.09,51.44,91.2,-69.7,v2.0.1,online
AH-00036,2026-06-04 02:05:00,26.47,51.88,68.9,-62.3,v2.1.0,maintenance
AH-00146,2026-06-04 02:06:00,23.66,42.83,71.4,-52.7,v1.4.2,online
AH-00169,2026-06-04 02:06:00,21.51,38.6,69.6,-61.7,v2.0.1,online
AH-00054,2026-06-04 02:10:00,23.47,44.97,98.2,-54.8,v1.5.0,online
AH-00165,2026-06-04 02:10:00,20.43,42.75,82.8,-63.1,v1.5.0,offline
AH-00187,2026-06-04 02:11:00,23.26,35.5,76.9,-61.3,v1.4.2,online
AH-00127,2026-06-04 02:12:00,22.57,43.99,62.2,-65.3,v1.5.0,online
AH-00139,2026-06-04 02:12:00,25.43,48.83,78.2,-60.8,v1.4.2,online
AH-00025,2026-06-04 02:12:00,23.67,40.88,80.2,-64.8,v2.0.1,online
AH-00122,2026-06-04 02:13:00,26.01,45.23,67.0,-47.3,v1.4.2,online
AH-00112,2026-06-04 02:19:00,28.98,42.95,86.2,-56.9,v1.5.0,online
AH-00022,2026-06-04 02:19:00,18.69,43.5,79.8,-58.7,v2.0.1,offline
AH-00170,2026-06-04 02:22:00,24.12,38.77,88.8,-68.1,v2.0.1,online
AH-00027,2026-06-04 02:22:00,23.02,52.97,76.7,-76.2,v2.0.1,online
AH-00149,2026-06-04 02:23:00,21.58,45.65,75.0,-68.3,v1.5.0,online
AH-00022,2026-06-04 02:24:00,22.94,44.34,48.6,-67.0,v2.0.1,online
AH-00140,2026-06-04 02:25:00,19.07,27.31,67.1,-60.2,v2.0.1,online
AH-00138,2026-06-04 02:32:00,16.64,45.03,69.6,-74.3,v2.0.1,online
AH-00184,2026-06-04 02:32:00,23.25,59.02,90.1,-67.7,v1.5.0,online
AH-00002,2026-06-04 02:34:00,21.06,22.12,66.5,-54.4,v2.1.0,online
AH-00142,2026-06-04 02:34:00,20.52,43.1,98.3,-65.9,v2.0.1,online
AH-00080,2026-06-04 02:34:00,28.81,38.37,70.4,-62.4,v2.0.1,online
AH-00166,2026-06-04 02:35:00,20.35,43.67,70.5,-74.3,v2.1.0,online
AH-00088,2026-06-04 02:36:00,21.41,50.54,81.5,-62.5,v2.0.1,online
AH-00145,2026-06-04 02:37:00,18.24,47.44,78.4,-65.6,v2.1.0,online
AH-00110,2026-06-04 02:41:00,22.65,50.32,84.8,-81.3,v1.4.2,online
AH-00050,2026-06-04 02:43:00,18.02,47.05,89.6,-64.8,v2.0.1,online
AH-00141,2026-06-04 02:43:00,24.55,31.08,82.6,-47.2,v2.0.1,online
AH-00027,2026-06-04 02:48:00,21.16,46.12,82.8,-66.4,v1.5.0,online
AH-00185,2026-06-04 02:49:00,25.72,45.55,73.0,-61.7,v1.5.0,online
AH-00001,2026-06-04 02:51:00,25.23,40.08,77.4,-53.5,v1.4.2,online
AH-00106,2026-06-04 02:54:00,23.23,57.5,64.5,-64.3,v1.4.2,maintenance
AH-00145,2026-06-04 02:54:00,25.39,34.0,65.0,-66.0,v2.0.1,online
AH-00119,2026-06-04 02:54:00,26.29,44.14,80.3,-61.9,v2.0.1,online
AH-00144,2026-06-04 02:55:00,23.28,42.37,71.2,-54.7,v2.1.0,online
AH-00005,2026-06-04 02:58:00,24.99,46.2,84.4,-67.5,v1.5.0,online
AH-00039,2026-06-04 02:58:00,20.33,39.64,56.6,-60.4,v2.1.0,maintenance
AH-00176,2026-06-04 03:02:00,22.36,45.33,84.7,-76.0,v1.5.0,online
AH-00158,2026-06-04 03:03:00,26.12,50.46,72.6,-44.4,v1.4.2,online
AH-00165,2026-06-04 03:05:00,27.89,48.43,76.2,-71.6,v2.1.0,online
AH-00097,2026-06-04 03:05:00,21.61,57.59,88.6,-71.0,v2.0.1,online
AH-00168,2026-06-04 03:06:00,26.44,47.8,77.5,-63.0,v2.1.0,online
AH-00058,2026-06-04 03:09:00,18.46,49.39,84.7,-66.6,v2.0.1,online
AH-00123,2026-06-04 03:09:00,17.42,46.52,77.4,-67.6,v2.0.1,maintenance
AH-00084,2026-06-04 03:09:00,19.11,53.53,68.4,-51.2,v2.0.1,online
AH-00126,2026-06-04 03:10:00,19.88,62.99,83.2,-73.7,v1.5.0,online
AH-00153,2026-06-04 03:11:00,22.04,26.35,68.3,-54.2,v1.5.0,online
AH-00104,2026-06-04 03:11:00,22.2,34.4,61.8,-80.8,v2.0.1,online
AH-00009,2026-06-04 03:12:00,20.84,46.88,69.0,-51.2,v2.0.1,online
AH-00185,2026-06-04 03:13:00,21.29,41.39,88.1,-68.4,v1.5.0,online
AH-00177,2026-06-04 03:13:00,20.3,49.62,59.3,-61.8,v2.0.1,online
AH-00124,2026-06-04 03:15:00,22.3,37.54,89.0,-48.5,v2.0.1,online
AH-00013,2026-06-04 03:17:00,23.77,43.61,82.6,-59.2,v2.0.1,online
AH-00006,2026-06-04 03:19:00,20.95,48.78,54.5,-56.3,v2.0.1,offline
AH-00075,2026-06-04 03:19:00,23.9,41.56,97.1,-56.7,v1.5.0,offline
AH-00138,2026-06-04 03:20:00,20.47,39.01,90.7,-75.6,v2.0.1,online
AH-00052,2026-06-04 03:22:00,19.72,46.46,75.6,-65.4,v2.0.1,online
AH-00114,2026-06-04 03:23:00,21.99,44.1,62.5,-60.2,v1.5.0,online
AH-00055,2026-06-04 03:25:00,23.78,52.0,59.6,-74.5,v2.0.1,online
AH-00053,2026-06-04 03:25:00,23.85,56.2,100.0,-70.9,v1.5.0,online
AH-00046,2026-06-04 03:26:00,23.78,39.0,89.7,-48.0,v2.0.1,online
AH-00063,2026-06-04 03:28:00,24.24,55.75,100.0,-50.0,v2.1.0,online
AH-00186,2026-06-04 03:31:00,19.25,55.4,62.3,-56.4,v1.5.0,online
AH-00169,2026-06-04 03:31:00,17.73,43.42,90.2,-56.1,v2.1.0,online
AH-00118,2026-06-04 03:34:00,21.41,51.37,70.7,-53.6,v2.1.0,offline
AH-00101,2026-06-04 03:34:00,23.04,37.63,90.9,-76.6,v1.4.2,online
AH-00097,2026-06-04 03:35:00,24.46,40.5,48.9,-59.4,v2.0.1,online
AH-00048,2026-06-04 03:37:00,23.37,32.12,84.8,-48.0,v2.0.1,online
AH-00045,2026-06-04 03:38:00,23.68,44.93,73.9,-53.7,v1.4.2,online
AH-00131,2026-06-04 03:41:00,23.61,59.39,70.9,-61.1,v2.1.0,online
AH-00083,2026-06-04 03:43:00,23.36,46.01,50.5,-48.7,v2.0.1,online
AH-00100,2026-06-04 03:44:00,29.06,60.36,40.8,-57.8,v1.5.0,online
AH-00081,2026-06-04 03:45:00,23.2,42.37,74.1,-73.6,v1.5.0,online
AH-00150,2026-06-04 03:46:00,21.17,50.88,85.3,-63.0,v2.0.1,online
AH-00019,2026-06-04 03:46:00,17.73,42.07,58.6,-63.1,v1.5.0,online
AH-00160,2026-06-04 03:46:00,24.53,41.39,70.8,-59.5,v2.0.1,maintenance
AH-00188,2026-06-04 03:47:00,28.37,50.27,59.3,-73.7,v1.5.0,online
AH-00067,2026-06-04 03:48:00,18.91,54.24,67.0,-68.9,v2.1.0,online
AH-00040,2026-06-04 03:49:00,22.78,32.43,73.1,-48.1,v2.0.1,online
AH-00090,2026-06-04 03:49:00,21.92,58.9,74.5,-57.8,v1.5.0,online
AH-00096,2026-06-04 03:50:00,23.76,45.32,79.8,-55.0,v2.0.1,online
AH-00184,2026-06-04 03:52:00,21.49,40.77,93.3,-57.2,v2.1.0,online
AH-00184,2026-06-04 03:53:00,22.76,42.72,77.2,-70.6,v2.1.0,online
AH-00102,2026-06-04 03:53:00,21.3,45.0,74.5,-73.1,v2.0.1,online
AH-00134,2026-06-04 03:55:00,18.87,44.93,75.2,-68.4,v1.5.0,online
AH-00094,2026-06-04 03:57:00,23.28,54.06,69.4,-44.5,v2.0.1,online
AH-00050,2026-06-04 03:57:00,25.35,40.49,96.5,-67.0,v2.0.1,online
AH-00036,2026-06-04 03:59:00,23.3,48.95,76.6,-46.5,v1.5.0,online
AH-00156,2026-06-04 04:01:00,26.49,45.0,84.0,-57.2,v2.0.1,online
AH-00196,2026-06-04 04:02:00,18.44,25.69,97.7,-55.0,v1.5.0,online
AH-00070,2026-06-04 04:03:00,23.36,48.84,85.5,-58.3,v2.0.1,online
AH-00035,2026-06-04 04:06:00,23.61,41.8,89.9,-54.4,v1.5.0,online
AH-00127,2026-06-04 04:06:00,20.57,50.99,76.0,-58.3,v2.0.1,online
AH-00170,2026-06-04 04:06:00,23.96,50.31,82.9,-63.1,v1.5.0,online
AH-00094,2026-06-04 04:07:00,27.19,42.92,68.2,-62.9,v2.0.1,online
AH-00124,2026-06-04 04:09:00,17.05,36.12,97.9,-63.7,v1.4.2,offline
AH-00062,2026-06-04 04:09:00,21.4,41.1,90.0,-53.4,v1.5.0,online
AH-00159,2026-06-04 04:09:00,24.11,52.84,72.9,-57.6,v2.1.0,online
AH-00068,2026-06-04 04:10:00,24.22,45.35,73.1,-71.6,v2.1.0,online
AH-00128,2026-06-04 04:10:00,19.67,36.72,84.3,-65.4,v2.0.1,online
AH-00189,2026-06-04 04:10:00,22.22,37.63,87.0,-61.8,v1.4.2,online
AH-00108,2026-06-04 04:11:00,22.72,40.37,83.3,-44.1,v2.0.1,online
AH-00008,2026-06-04 04:12:00,18.0,50.98,60.7,-64.3,v2.1.0,online
AH-00160,2026-06-04 04:13:00,29.52,38.68,78.2,-58.6,v2.1.0,online
AH-00172,2026-06-04 04:13:00,22.31,37.19,70.7,-77.3,v2.0.1,online
AH-00135,2026-06-04 04:14:00,25.94,48.8,80.0,-61.7,v2.1.0,online
AH-00196,2026-06-04 04:15:00,22.82,52.91,80.1,-70.2,v2.0.1,online
AH-00064,2026-06-04 04:16:00,22.23,54.3,77.4,-72.8,v2.0.1,online
AH-00067,2026-06-04 04:16:00,21.7,56.04,76.3,-65.0,v2.0.1,offline
AH-00086,2026-06-04 04:16:00,21.36,41.32,88.8,-60.7,v1.5.0,online
AH-00111,2026-06-04 04:18:00,20.71,42.35,92.2,-62.1,v2.0.1,online
AH-00015,2026-06-04 04:18:00,23.41,51.63,73.8,-59.0,v2.1.0,maintenance
AH-00143,2026-06-04 04:19:00,19.11,46.09,63.6,-55.7,v2.0.1,offline
AH-00132,2026-06-04 04:20:00,21.36,43.88,74.5,-53.7,v2.0.1,online
AH-00119,2026-06-04 04:20:00,24.55,44.61,79.0,-73.1,v2.0.1,online
AH-00090,2026-06-04 04:20:00,22.47,69.24,81.1,-53.4,v2.1.0,online
AH-00068,2026-06-04 04:21:00,25.92,49.0,59.5,-68.1,v2.0.1,online
AH-00054,2026-06-04 04:22:00,21.07,42.69,59.8,-71.7,v2.1.0,online
AH-00058,2026-06-04 04:22:00,23.03,45.08,66.9,-70.4,v1.5.0,offline
AH-00019,2026-06-04 04:22:00,20.22,44.42,88.1,-62.9,v2.1.0,online
AH-00032,2026-06-04 04:23:00,22.85,43.6,60.5,-53.6,v2.1.0,online
AH-00199,2026-06-04 04:24:00,22.69,,84.3,-62.4,v2.1.0,online
AH-00046,2026-06-04 04:24:00,25.53,36.69,82.9,-58.0,v1.4.2,online
AH-00070,2026-06-04 04:31:00,22.69,55.81,74.1,-61.5,v1.5.0,online
AH-00019,2026-06-04 04:31:00,22.61,37.25,65.8,-60.6,v2.1.0,online
AH-00049,2026-06-04 04:31:00,21.48,22.7,100.0,-77.5,v1.4.2,online
AH-00193,2026-06-04 04:32:00,25.01,48.47,93.0,-54.3,v2.1.0,online
AH-00053,2026-06-04 04:33:00,21.62,40.75,53.4,-65.3,v2.1.0,online
AH-00152,2026-06-04 04:33:00,20.82,54.61,72.1,-67.4,v2.0.1,online
AH-00024,2026-06-04 04:33:00,25.93,43.93,81.9,-57.6,v2.1.0,offline
AH-00069,2026-06-04 04:34:00,22.16,43.08,75.2,-70.1,v1.4.2,online
AH-00173,2026-06-04 04:35:00,20.43,33.19,100.0,-45.7,v2.0.1,maintenance
AH-00005,2026-06-04 04:35:00,21.3,33.36,73.5,-58.8,v2.1.0,online
AH-00165,2026-06-04 04:35:00,18.03,42.84,80.0,-68.1,v2.1.0,online
AH-00023,2026-06-04 04:36:00,17.04,43.07,67.0,-65.6,v2.0.1,online
AH-00089,2026-06-04 04:36:00,21.52,31.55,99.4,-56.7,v1.5.0,online
AH-00139,2026-06-04 04:40:00,22.75,30.21,93.7,-55.4,v2.1.0,online
AH-00099,2026-06-04 04:41:00,25.63,41.6,81.3,-56.8,v2.1.0,online
AH-00014,2026-06-04 04:42:00,16.68,36.21,67.2,-41.8,v1.5.0,online
AH-00078,2026-06-04 04:43:00,19.9,63.5,70.9,-64.7,v2.0.1,online
AH-00181,2026-06-04 04:44:00,18.14,43.58,85.3,-62.9,v1.5.0,offline
AH-00141,2026-06-04 04:45:00,26.82,36.79,100.0,-38.6,v2.0.1,online
AH-00055,2026-06-04 04:47:00,23.23,42.08,85.0,-83.1,v1.5.0,online
AH-00177,2026-06-04 04:48:00,22.21,44.13,66.8,-70.0,v2.0.1,offline
AH-00092,2026-06-04 04:49:00,18.01,43.58,67.9,-63.7,v1.4.2,online
AH-00063,2026-06-04 04:50:00,8.83,43.78,78.6,-64.2,v1.5.0,online
AH-00110,2026-06-04 04:51:00,19.13,38.81,77.5,-41.3,v2.1.0,offline
AH-00135,2026-06-04 04:51:00,20.74,47.99,79.8,-62.6,v1.5.0,online
AH-00188,2026-06-04 04:51:00,20.22,36.57,86.2,-56.5,v2.0.1,online
AH-00065,2026-06-04 04:53:00,23.87,43.97,73.8,-73.3,v1.5.0,online
AH-00027,2026-06-04 04:53:00,17.42,42.21,84.7,-62.3,v2.1.0,online
AH-00022,2026-06-04 04:54:00,22.75,49.25,74.4,-69.7,v2.0.1,online
AH-00078,2026-06-04 04:54:00,21.35,60.67,83.5,-58.9,v2.0.1,maintenance
AH-00180,2026-06-04 04:55:00,18.16,55.74,93.4,-56.3,v1.4.2,online
AH-00027,2026-06-04 04:55:00,21.15,49.28,92.0,-69.2,v2.0.1,online
AH-00186,2026-06-04 04:55:00,23.26,60.4,71.4,-70.7,v2.1.0,maintenance
AH-00190,2026-06-04 04:56:00,24.44,35.55,62.9,-70.7,v2.1.0,online
AH-00188,2026-06-04 04:56:00,23.12,31.69,80.8,-55.8,v2.0.1,online
AH-00194,2026-06-04 05:00:00,23.16,33.88,85.1,-60.9,v1.5.0,offline
AH-00117,2026-06-04 05:01:00,27.36,50.97,89.4,-73.9,v2.0.1,online
AH-00112,2026-06-04 05:01:00,26.78,34.09,82.5,-78.0,v2.1.0,offline
AH-00041,2026-06-04 05:02:00,23.62,41.8,91.7,-59.5,v2.0.1,online
AH-00036,2026-06-04 05:03:00,21.45,51.84,69.7,-60.8,v1.5.0,offline
AH-00167,2026-06-04 05:03:00,24.78,43.67,68.8,-57.7,v1.5.0,online
AH-00090,2026-06-04 05:03:00,17.5,34.24,84.7,-51.7,v1.5.0,online
AH-00062,2026-06-04 05:05:00,19.97,37.57,88.5,-48.0,v2.0.1,online
AH-00020,2026-06-04 05:09:00,20.92,47.64,85.9,-63.5,v2.0.1,online
AH-00041,2026-06-04 05:09:00,24.09,41.63,90.2,-64.4,v1.5.0,online
AH-00157,2026-06-04 05:10:00,17.05,37.21,95.4,-71.9,v2.1.0,offline
AH-00055,2026-06-04 05:12:00,23.02,37.18,88.8,-62.6,v2.1.0,maintenance
AH-00177,2026-06-04 05:14:00,21.48,43.12,63.9,-67.4,v1.5.0,online
AH-00108,2026-06-04 05:14:00,18.97,46.24,66.5,-63.2,v2.1.0,online
AH-00135,2026-06-04 05:14:00,22.32,41.91,62.3,-53.9,v2.0.1,online
AH-00136,2026-06-04 05:15:00,23.5,46.91,86.5,-57.7,v2.1.0,online
AH-00113,2026-06-04 05:16:00,19.14,39.14,85.2,-62.4,v2.0.1,online
AH-00091,2026-06-04 05:16:00,24.07,49.09,82.1,-67.9,v2.0.1,online
AH-00106,2026-06-04 05:19:00,23.72,32.98,86.8,-51.9,v1.5.0,online
AH-00187,2026-06-04 05:19:00,14.99,38.02,73.7,-74.2,v1.5.0,online
AH-00110,2026-06-04 05:20:00,25.62,46.11,94.7,-57.1,v1.5.0,online
AH-00057,2026-06-04 05:21:00,22.22,56.44,77.2,-55.5,v2.0.1,online
AH-00181,2026-06-04 05:24:00,18.68,50.41,78.8,-53.4,v2.0.1,online
AH-00038,2026-06-04 05:24:00,17.01,48.01,80.5,-71.0,v2.0.1,online
AH-00098,2026-06-04 05:24:00,21.89,36.99,75.8,-64.2,v2.0.1,online
AH-00026,2026-06-04 05:25:00,17.59,32.04,63.8,-62.5,v2.0.1,online
AH-00126,2026-06-04 05:28:00,19.77,57.59,78.8,-57.4,v2.0.1,online
AH-00079,2026-06-04 05:29:00,20.8,40.5,82.1,-67.4,v1.5.0,online
AH-00001,2026-06-04 05:30:00,20.2,43.35,82.6,-63.6,v2.1.0,online
AH-00160,2026-06-04 05:30:00,23.38,40.05,81.7,-47.2,v2.1.0,online
AH-00027,2026-06-04 05:32:00,24.9,53.47,71.7,-62.7,v2.0.1,online
AH-00067,2026-06-04 05:33:00,21.68,35.04,67.1,-66.6,v2.0.1,online
AH-00002,2026-06-04 05:33:00,21.82,52.8,86.7,-64.9,v2.0.1,online
AH-00184,2026-06-04 05:36:00,20.86,45.05,63.2,-66.6,v2.0.1,online
AH-00043,2026-06-04 05:36:00,27.51,45.37,68.0,-68.8,v2.0.1,online
AH-00020,2026-06-04 05:37:00,21.18,50.57,81.3,-70.1,v2.0.1,online
AH-00011,2026-06-04 05:38:00,21.08,40.52,67.9,-64.0,v2.0.1,online
AH-00060,2026-06-04 05:38:00,24.92,47.65,58.3,-55.6,v1.5.0,online
AH-00038,2026-06-04 05:39:00,23.18,55.61,53.4,-65.4,v2.1.0,online
AH-00084,2026-06-04 05:39:00,23.44,40.27,67.4,-61.8,v2.0.1,online
AH-00086,2026-06-04 05:40:00,19.83,37.28,61.3,-54.7,v1.5.0,online
AH-00107,2026-06-04 05:40:00,23.04,32.12,95.2,-68.4,v1.5.0,maintenance
AH-00134,2026-06-04 05:40:00,17.85,38.46,76.3,-58.0,v2.0.1,online
AH-00143,2026-06-04 05:41:00,22.57,40.69,81.9,-42.3,v2.0.1,online
AH-00087,2026-06-04 05:44:00,21.67,34.35,64.6,-49.2,v1.4.2,online
AH-00001,2026-06-04 05:46:00,25.75,45.61,76.8,-59.3,v2.1.0,online
AH-00012,2026-06-04 05:48:00,21.11,38.67,72.0,-56.3,v1.5.0,online
AH-00160,2026-06-04 05:48:00,28.03,45.15,76.0,-50.5,v2.0.1,online
AH-00068,2026-06-04 05:49:00,14.39,40.75,86.0,-78.0,v2.0.1,online
AH-00153,2026-06-04 05:53:00,21.04,40.86,73.5,-62.9,v2.0.1,online
AH-00136,2026-06-04 05:53:00,18.35,44.69,78.3,-62.8,v2.0.1,online
AH-00190,2026-06-04 05:54:00,29.59,38.2,78.8,-68.2,v2.1.0,online
AH-00129,2026-06-04 05:54:00,25.64,38.22,85.7,-66.0,v2.1.0,online
AH-00105,2026-06-04 05:54:00,16.43,52.4,83.1,-53.0,v2.0.1,offline
AH-00028,2026-06-04 05:57:00,24.51,34.86,69.9,-55.2,v2.1.0,offline
AH-00011,2026-06-04 05:58:00,21.19,41.42,84.0,-51.9,v2.1.0,online
AH-00055,2026-06-04 05:58:00,31.35,40.61,64.0,-71.4,v1.5.0,maintenance
AH-00057,2026-06-04 05:59:00,20.59,39.09,82.9,-66.8,v1.5.0,online
AH-00044,2026-06-04 06:01:00,18.31,39.13,69.9,-70.5,v2.0.1,online
AH-00020,2026-06-04 06:01:00,24.19,39.7,86.5,-49.4,v1.5.0,online
AH-00069,2026-06-04 06:03:00,22.12,24.91,80.9,-67.7,v1.5.0,online
AH-00004,2026-06-04 06:04:00,30.4,44.22,91.0,-64.0,v2.1.0,online
AH-00170,2026-06-04 06:04:00,16.63,44.8,100.0,-69.2,v1.5.0,maintenance
AH-00194,2026-06-04 06:05:00,24.1,52.81,51.7,-64.4,v1.4.2,online
AH-00158,2026-06-04 06:05:00,19.44,49.86,60.4,-53.6,v1.5.0,online
AH-00014,2026-06-04 06:05:00,25.41,42.6,80.5,-49.9,v2.1.0,online
AH-00156,2026-06-04 06:07:00,23.07,42.49,81.2,-53.7,v2.1.0,online
AH-00084,2026-06-04 06:08:00,22.55,27.79,68.8,-58.0,v2.0.1,online
AH-00128,2026-06-04 06:08:00,23.68,39.63,68.6,-50.5,v1.5.0,online
AH-00089,2026-06-04 06:08:00,25.0,59.72,72.9,-68.7,v2.1.0,online
AH-00014,2026-06-04 06:09:00,16.64,56.04,93.8,-58.4,v2.1.0,online
AH-00150,2026-06-04 06:10:00,21.72,43.92,93.9,-58.5,v1.5.0,online
AH-00096,2026-06-04 06:11:00,21.71,57.63,72.6,-63.3,v2.1.0,online
AH-00190,2026-06-04 06:11:00,23.73,57.73,78.3,-68.6,v2.0.1,online
AH-00029,2026-06-04 06:12:00,22.27,60.43,80.3,-53.2,v2.0.1,online
AH-00184,2026-06-04 06:12:00,25.61,49.16,94.8,-70.3,v2.0.1,online
AH-00176,2026-06-04 06:12:00,17.65,53.69,76.0,-71.8,v1.5.0,online
AH-00007,2026-06-04 06:13:00,20.06,47.49,100.0,-74.5,v1.4.2,online
AH-00154,2026-06-04 06:14:00,18.72,39.98,81.0,-59.8,v1.5.0,online
AH-00100,2026-06-04 06:16:00,23.84,57.28,79.7,-71.2,v2.1.0,online
AH-00090,2026-06-04 06:16:00,24.16,54.22,71.2,-45.6,v1.5.0,online
AH-00183,2026-06-04 06:16:00,23.01,35.99,93.9,-64.5,v2.0.1,online
AH-00105,2026-06-04 06:17:00,22.2,30.85,60.7,-53.6,v2.0.1,online
AH-00083,2026-06-04 06:17:00,21.48,52.19,80.2,-74.0,v2.1.0,online
AH-00193,2026-06-04 06:18:00,21.22,31.91,94.2,-66.0,v2.0.1,online
AH-00082,2026-06-04 06:19:00,24.95,49.22,70.5,-67.3,v2.1.0,online
AH-00195,2026-06-04 06:19:00,22.64,27.96,63.8,-58.0,v2.1.0,online
AH-00184,2026-06-04 06:21:00,18.45,43.15,93.0,-68.4,v2.1.0,online
AH-00153,2026-06-04 06:21:00,18.69,40.0,72.5,-57.5,v2.1.0,online
AH-00037,2026-06-04 06:23:00,21.14,48.71,68.7,-72.4,v1.5.0,online
AH-00108,2026-06-04 06:25:00,23.07,50.47,98.4,-66.6,v2.0.1,online
AH-00191,2026-06-04 06:26:00,20.36,51.65,89.4,-55.3,v1.4.2,online
AH-00180,2026-06-04 06:27:00,20.4,53.13,70.7,-70.2,v2.0.1,online
AH-00112,2026-06-04 06:27:00,22.91,53.14,87.5,-66.0,v1.4.2,online
AH-00024,2026-06-04 06:32:00,23.25,58.84,77.8,-60.5,v2.0.1,online
AH-00148,2026-06-04 06:32:00,21.35,52.29,74.5,-63.0,v1.5.0,online
AH-00114,2026-06-04 06:34:00,23.01,33.2,74.2,-71.8,v1.5.0,online
AH-00174,2026-06-04 06:38:00,21.42,35.77,93.4,-64.8,v1.5.0,online
AH-00009,2026-06-04 06:38:00,16.46,55.98,91.9,-61.7,v2.1.0,online
AH-00161,2026-06-04 06:39:00,21.59,62.06,84.2,-56.0,v2.0.1,online
AH-00123,2026-06-04 06:40:00,17.32,59.6,66.3,-45.7,v2.0.1,online
AH-00157,2026-06-04 06:40:00,19.77,41.07,96.7,-62.3,v1.5.0,online
AH-00173,2026-06-04 06:41:00,18.65,32.14,99.1,-66.8,v2.0.1,online
AH-00027,2026-06-04 06:42:00,23.27,38.93,90.7,-65.9,v1.5.0,online
AH-00034,2026-06-04 06:44:00,24.33,40.71,80.1,-68.6,v1.5.0,online
AH-00141,2026-06-04 06:45:00,26.56,45.41,96.5,-57.0,v1.5.0,online
AH-00023,2026-06-04 06:49:00,24.98,34.14,79.4,-58.4,v1.5.0,offline
AH-00143,2026-06-04 06:50:00,20.46,38.55,63.3,-63.6,v1.5.0,online
AH-00058,2026-06-04 06:50:00,27.54,49.21,88.4,-54.1,v2.0.1,online
AH-00088,2026-06-04 06:54:00,25.51,48.48,53.9,-54.4,v2.0.1,online
AH-00036,2026-06-04 06:54:00,20.39,34.62,83.2,-61.5,v1.4.2,online
AH-00110,2026-06-04 06:56:00,20.0,46.45,75.7,-67.0,v2.0.1,online
AH-00172,2026-06-04 06:58:00,19.78,37.87,75.7,-63.3,v2.1.0,online
AH-00063,2026-06-04 07:00:00,23.72,58.96,78.0,-59.7,v2.0.1,online
AH-00183,2026-06-04 07:02:00,28.22,37.46,58.9,-62.9,v2.1.0,online
AH-00188,2026-06-04 07:03:00,23.57,33.8,72.9,-58.9,v2.0.1,online
AH-00093,2026-06-04 07:06:00,27.54,36.75,85.9,-58.0,v1.5.0,online
AH-00160,2026-06-04 07:07:00,20.01,60.64,83.4,-70.9,v1.5.0,online
AH-00188,2026-06-04 07:08:00,28.43,43.01,85.9,-63.5,v2.0.1,online
AH-00105,2026-06-04 07:08:00,21.97,39.06,64.9,-61.0,v2.0.1,online
AH-00126,2026-06-04 07:08:00,18.8,46.38,82.8,-63.4,v2.0.1,online
AH-00027,2026-06-04 07:08:00,18.79,46.6,61.8,-57.9,v1.5.0,offline
AH-00133,2026-06-04 07:10:00,23.17,51.36,94.5,-55.9,v1.5.0,online
AH-00139,2026-06-04 07:10:00,19.34,44.04,98.5,-59.5,v2.1.0,online
AH-00172,2026-06-04 07:12:00,23.32,48.79,56.0,-58.8,v2.0.1,online
AH-00193,2026-06-04 07:13:00,24.54,48.14,59.5,-72.4,v1.5.0,online
AH-00042,2026-06-04 07:15:00,22.76,49.19,76.0,-54.1,v2.1.0,online
AH-00173,2026-06-04 07:16:00,23.77,56.26,100.0,-61.0,v1.5.0,online
AH-00023,2026-06-04 07:17:00,26.08,29.28,71.9,-58.1,v1.5.0,offline
AH-00199,2026-06-04 07:21:00,22.31,38.01,81.4,-49.0,v1.4.2,online
AH-00045,2026-06-04 07:21:00,22.23,38.72,78.0,-69.6,v1.5.0,online
AH-00175,2026-06-04 07:24:00,24.88,48.09,100.0,-82.2,v2.1.0,maintenance
AH-00128,2026-06-04 07:26:00,21.53,49.36,77.7,-75.4,v1.5.0,online
AH-00096,2026-06-04 07:26:00,19.56,48.72,76.7,-54.9,v2.1.0,offline
AH-00100,2026-06-04 07:27:00,20.25,49.97,63.8,-63.3,v1.4.2,online
AH-00188,2026-06-04 07:29:00,22.05,32.51,72.7,-57.8,v2.0.1,online
AH-00042,2026-06-04 07:30:00,28.21,37.39,91.4,-59.0,v2.0.1,online
AH-00200,2026-06-04 07:30:00,25.28,43.98,73.3,-57.7,v1.5.0,online
AH-00117,2026-06-04 07:31:00,24.24,50.73,60.6,-74.2,v2.0.1,online
AH-00130,2026-06-04 07:34:00,24.83,37.25,75.5,-56.5,v2.1.0,online
AH-00162,2026-06-04 07:35:00,20.28,39.29,95.0,-52.9,v2.0.1,offline
AH-00062,2026-06-04 07:36:00,21.44,42.29,87.4,-45.1,v2.0.1,online
AH-00108,2026-06-04 07:39:00,23.37,40.62,95.6,-69.9,v1.4.2,maintenance
AH-00181,2026-06-04 07:40:00,19.98,27.14,90.2,-58.0,v2.0.1,online
AH-00141,2026-06-04 07:43:00,18.99,43.66,83.6,-56.7,v2.0.1,online
AH-00128,2026-06-04 07:44:00,22.23,52.14,83.3,-60.1,v2.0.1,maintenance
AH-00185,2026-06-04 07:46:00,23.18,49.61,63.8,-60.3,v2.0.1,online
AH-00070,2026-06-04 07:48:00,21.64,57.84,69.4,-68.4,v2.1.0,online
AH-00011,2026-06-04 07:48:00,22.35,41.08,67.8,-61.8,v1.5.0,online
AH-00094,2026-06-04 07:50:00,21.92,54.35,71.3,-62.3,v2.0.1,online
AH-00083,2026-06-04 07:52:00,22.94,56.28,85.6,-38.8,v1.5.0,online
AH-00105,2026-06-04 07:54:00,18.9,46.48,92.0,-53.2,v2.0.1,online
AH-00035,2026-06-04 07:54:00,19.78,39.49,66.9,-55.1,v1.5.0,online
AH-00124,2026-06-04 07:55:00,21.45,64.87,61.9,-61.9,v1.4.2,maintenance
AH-00067,2026-06-04 07:55:00,20.56,30.83,63.3,-63.6,v1.5.0,offline
AH-00132,2026-06-04 07:55:00,18.8,53.72,91.6,-67.1,v2.0.1,online
AH-00197,2026-06-04 07:55:00,25.8,47.04,73.8,-72.8,v2.0.1,online
AH-00181,2026-06-04 07:56:00,18.78,47.24,87.8,-61.2,v2.1.0,online
AH-00130,2026-06-04 07:57:00,21.02,38.59,85.8,-72.8,v2.1.0,maintenance
AH-00129,2026-06-04 07:57:00,20.54,37.13,84.0,-63.3,v2.1.0,online
AH-00049,2026-06-04 07:58:00,21.89,49.43,78.6,-60.5,v1.5.0,online
AH-00160,2026-06-04 08:00:00,22.74,37.2,95.3,-58.5,v2.0.1,online
AH-00079,2026-06-04 08:01:00,24.29,43.55,67.0,-60.5,v2.0.1,online
AH-00077,2026-06-04 08:06:00,23.65,45.75,80.4,-65.8,v1.4.2,online
AH-00017,2026-06-04 08:07:00,24.14,48.87,69.8,-43.9,v2.1.0,online
AH-00109,2026-06-04 08:08:00,23.66,58.92,77.5,-66.4,v1.5.0,online
AH-00094,2026-06-04 08:09:00,20.9,46.49,86.3,-67.6,v2.1.0,online
AH-00118,2026-06-04 08:09:00,19.76,40.46,100.0,-60.5,v2.0.1,online
AH-00062,2026-06-04 08:10:00,18.24,32.95,79.4,-59.8,v2.0.1,online
AH-00069,2026-06-04 08:10:00,34.08,61.12,78.1,-75.3,v2.0.1,online
AH-00073,2026-06-04 08:13:00,20.6,55.34,79.3,-71.9,v2.0.1,online
AH-00073,2026-06-04 08:13:00,19.27,50.16,97.6,-48.5,v1.5.0,online
AH-00151,2026-06-04 08:17:00,21.75,28.63,78.5,-53.3,v1.4.2,online
AH-00030,2026-06-04 08:17:00,17.64,42.92,80.2,-63.8,v1.5.0,online
AH-00161,2026-06-04 08:17:00,20.57,26.06,97.7,-61.8,v2.1.0,online
AH-00169,2026-06-04 08:20:00,21.56,38.02,60.1,-67.1,v2.0.1,online
AH-00178,2026-06-04 08:21:00,22.44,36.92,66.2,-61.6,v2.0.1,online
AH-00177,2026-06-04 08:21:00,20.92,50.78,71.2,-58.3,v1.5.0,online
AH-00120,2026-06-04 08:22:00,23.93,40.86,84.2,-49.7,v2.0.1,online
AH-00104,2026-06-04 08:25:00,19.27,37.05,62.1,-59.0,v2.1.0,offline
AH-00073,2026-06-04 08:26:00,20.58,49.17,90.8,-66.2,v1.4.2,online
AH-00070,2026-06-04 08:31:00,24.13,41.3,90.3,-63.5,v2.0.1,online
AH-00062,2026-06-04 08:32:00,27.03,51.97,91.2,-59.8,v2.0.1,online
AH-00042,2026-06-04 08:33:00,22.4,35.73,77.3,-55.4,v1.4.2,online
AH-00002,2026-06-04 08:33:00,21.01,50.33,92.1,-63.0,v1.5.0,online
AH-00041,2026-06-04 08:34:00,19.52,56.29,74.9,-71.1,v1.5.0,online
AH-00200,2026-06-04 08:34:00,23.0,51.34,85.6,-58.3,v1.5.0,online
AH-00103,2026-06-04 08:37:00,25.77,45.03,59.1,-59.6,v2.0.1,online
AH-00079,2026-06-04 08:37:00,20.36,51.99,96.8,-57.7,v2.0.1,maintenance
AH-00014,2026-06-04 08:37:00,21.73,49.6,87.1,-63.6,v2.1.0,online
AH-00019,2026-06-04 08:38:00,18.49,57.51,81.8,-63.8,v1.5.0,maintenance
AH-00057,2026-06-04 08:39:00,21.19,50.75,69.9,-66.1,v2.1.0,online
AH-00158,2026-06-04 08:41:00,18.91,38.26,79.1,-59.6,v1.5.0,online
AH-00198,2026-06-04 08:46:00,22.56,54.76,93.2,-55.4,v2.1.0,online
AH-00031,2026-06-04 08:46:00,19.75,39.45,61.5,-64.9,v2.0.1,online
AH-00030,2026-06-04 08:48:00,24.1,40.86,81.5,-62.7,v2.0.1,offline
AH-00091,2026-06-04 08:48:00,17.56,41.16,69.3,-65.0,v2.0.1,offline
AH-00078,2026-06-04 08:49:00,24.97,43.65,70.5,-73.0,v2.0.1,online
AH-00080,2026-06-04 08:49:00,21.31,31.86,81.5,-70.8,v2.1.0,online
AH-00044,2026-06-04 08:50:00,17.49,42.71,71.5,-75.8,v2.0.1,online
AH-00052,2026-06-04 08:52:00,18.76,23.86,74.3,-64.8,v1.5.0,maintenance
AH-00012,2026-06-04 08:55:00,25.15,37.82,76.7,-73.6,v2.0.1,online
AH-00191,2026-06-04 08:56:00,18.92,42.3,57.7,-47.4,v2.1.0,online
AH-00053,2026-06-04 08:56:00,20.83,38.15,86.8,-55.2,v1.5.0,maintenance
AH-00139,2026-06-04 08:59:00,19.7,50.3,75.9,-72.3,v2.0.1,online
AH-00090,2026-06-04 09:02:00,24.26,41.71,100.0,-66.7,v2.1.0,online
AH-00033,2026-06-04 09:06:00,20.66,40.53,89.0,-55.5,v2.1.0,online
AH-00065,2026-06-04 09:06:00,21.0,39.95,97.4,-79.9,v2.0.1,maintenance
AH-00003,2026-06-04 09:08:00,22.47,42.87,72.2,-62.8,v2.1.0,online
AH-00025,2026-06-04 09:08:00,15.94,63.6,59.2,-76.4,v2.1.0,online
AH-00049,2026-06-04 09:10:00,19.84,34.21,84.2,-58.8,v2.0.1,online
AH-00193,2026-06-04 09:10:00,22.65,33.46,79.8,-65.6,v2.1.0,online
AH-00192,2026-06-04 09:12:00,21.58,39.39,77.9,-70.3,v2.0.1,online
AH-00042,2026-06-04 09:12:00,22.57,46.33,54.8,-60.0,v2.0.1,online
AH-00166,2026-06-04 09:12:00,22.08,34.78,63.5,-70.2,v1.5.0,online
AH-00020,2026-06-04 09:14:00,26.11,35.51,72.8,-71.1,v2.0.1,offline
AH-00033,2026-06-04 09:14:00,21.13,53.76,86.0,-62.8,v1.5.0,maintenance
AH-00135,2026-06-04 09:16:00,28.29,48.72,72.9,-58.6,v1.4.2,online
AH-00090,2026-06-04 09:17:00,23.31,39.46,64.9,-61.7,v1.5.0,online
AH-00132,2026-06-04 09:19:00,23.44,46.35,66.4,-67.2,v2.0.1,online
AH-00021,2026-06-04 09:21:00,24.76,29.67,66.0,-58.5,v2.0.1,offline
AH-00190,2026-06-04 09:21:00,25.39,41.09,66.3,-68.5,v1.4.2,online
AH-00085,2026-06-04 09:25:00,26.01,48.31,68.5,-67.8,v1.5.0,online
AH-00024,2026-06-04 09:27:00,18.19,58.95,69.8,-64.4,v1.5.0,offline
AH-00069,2026-06-04 09:30:00,24.47,61.61,82.9,-55.4,v2.0.1,maintenance
AH-00164,2026-06-04 09:32:00,21.06,38.0,75.1,-63.9,v2.0.1,online
AH-00106,2026-06-04 09:34:00,27.41,52.49,80.3,-53.8,v1.4.2,online
AH-00030,2026-06-04 09:34:00,15.93,49.19,89.5,-58.4,v1.5.0,online
AH-00073,2026-06-04 09:36:00,20.49,40.89,70.5,-53.0,v2.0.1,online
AH-00147,2026-06-04 09:38:00,27.04,44.14,61.0,-61.6,v1.5.0,online
AH-00013,2026-06-04 09:38:00,18.7,38.92,56.1,-42.0,v1.5.0,online
AH-00028,2026-06-04 09:39:00,21.0,49.81,74.0,-53.5,v2.0.1,online
AH-00089,2026-06-04 09:40:00,21.79,47.95,69.7,-54.5,v2.0.1,online
AH-00066,2026-06-04 09:41:00,25.35,20.78,88.8,-67.3,v1.5.0,online
AH-00062,2026-06-04 09:41:00,23.61,57.5,83.3,-63.8,v1.5.0,online
AH-00080,2026-06-04 09:41:00,17.95,50.27,80.4,-68.5,v2.1.0,maintenance
AH-00059,2026-06-04 09:43:00,20.49,48.64,100.0,-57.8,v2.0.1,online
AH-00159,2026-06-04 09:43:00,22.7,62.7,92.2,-55.7,v1.5.0,online
AH-00170,2026-06-04 09:43:00,21.32,45.8,80.7,-68.0,v1.5.0,online
AH-00173,2026-06-04 09:45:00,22.34,38.66,67.1,-61.3,v2.0.1,online
AH-00037,2026-06-04 09:46:00,24.56,42.95,61.7,-58.5,v1.5.0,online
AH-00025,2026-06-04 09:46:00,21.21,52.65,85.4,-70.5,v1.5.0,online
AH-00011,2026-06-04 09:46:00,22.49,32.15,84.2,-64.3,v2.0.1,online
AH-00160,2026-06-04 09:49:00,21.1,31.36,61.9,-52.4,v2.0.1,online
AH-00055,2026-06-04 09:51:00,26.47,41.62,85.1,-58.1,v2.0.1,online
AH-00147,2026-06-04 09:51:00,18.91,45.15,100.0,-48.7,v1.5.0,online
AH-00083,2026-06-04 09:54:00,27.1,34.92,90.1,-65.3,v2.0.1,online
AH-00108,2026-06-04 09:59:00,21.12,52.47,69.6,-65.5,v2.1.0,online
AH-00141,2026-06-04 10:02:00,21.91,48.64,78.8,-58.3,v2.1.0,online
AH-00081,2026-06-04 10:03:00,23.58,30.43,62.5,-64.3,v2.0.1,maintenance
AH-00003,2026-06-04 10:06:00,25.15,29.5,91.1,-52.1,v2.0.1,offline
AH-00187,2026-06-04 10:08:00,24.01,61.24,60.1,-52.4,v2.0.1,online
AH-00128,2026-06-04 10:08:00,27.51,36.98,78.3,-65.9,v2.0.1,offline
AH-00089,2026-06-04 10:09:00,21.51,49.4,67.2,-62.7,v1.5.0,online
AH-00162,2026-06-04 10:12:00,20.82,45.13,73.1,-54.6,v1.5.0,online
AH-00028,2026-06-04 10:12:00,26.46,42.41,62.6,-47.4,v1.5.0,online
AH-00027,2026-06-04 10:13:00,21.74,43.14,60.4,-54.1,v2.0.1,online
AH-00171,2026-06-04 10:13:00,29.23,49.43,93.0,-56.8,v2.1.0,online
AH-00003,2026-06-04 10:13:00,20.06,59.72,82.5,-63.6,v2.0.1,online
AH-00167,2026-06-04 10:14:00,17.48,49.25,77.9,-62.0,v2.0.1,online
AH-00142,2026-06-04 10:14:00,21.94,42.69,80.3,-73.2,v2.1.0,offline
AH-00075,2026-06-04 10:15:00,23.63,48.02,75.8,-64.3,v1.5.0,offline
AH-00080,2026-06-04 10:16:00,30.7,57.17,84.9,-64.5,v2.0.1,offline
AH-00095,2026-06-04 10:19:00,19.49,44.22,61.3,-58.4,v1.5.0,online
AH-00009,2026-06-04 10:20:00,22.55,54.92,100.0,-68.7,v2.0.1,online
AH-00020,2026-06-04 10:22:00,24.42,50.58,69.8,-68.3,v1.5.0,online
AH-00015,2026-06-04 10:25:00,18.99,46.66,89.9,-69.8,v2.0.1,online
AH-00046,2026-06-04 10:25:00,21.52,48.77,70.0,-52.5,v2.0.1,online
AH-00159,2026-06-04 10:27:00,19.41,49.76,76.7,-56.2,v1.5.0,online
AH-00127,2026-06-04 10:28:00,27.66,48.39,72.8,-60.8,v1.5.0,online
AH-00041,2026-06-04 10:28:00,25.56,56.32,67.9,-54.5,v1.5.0,online
AH-00058,2026-06-04 10:29:00,21.6,57.98,64.0,-70.1,v2.0.1,online
AH-00153,2026-06-04 10:29:00,22.16,49.46,73.1,-74.0,v2.0.1,online
AH-00190,2026-06-04 10:30:00,22.31,43.55,97.7,-65.4,v2.1.0,online
AH-00186,2026-06-04 10:30:00,21.05,37.19,70.2,-58.5,v2.1.0,offline
AH-00011,2026-06-04 10:30:00,22.4,41.11,78.8,-62.8,v2.0.1,online
AH-00121,2026-06-04 10:31:00,21.57,46.11,73.1,-59.5,v2.0.1,maintenance
AH-00124,2026-06-04 10:31:00,24.58,34.5,71.7,-64.4,v2.0.1,online
AH-00180,2026-06-04 10:32:00,22.52,50.77,73.2,-50.8,v1.5.0,online
AH-00152,2026-06-04 10:33:00,14.97,38.15,60.8,-61.5,v1.4.2,online
AH-00189,2026-06-04 10:34:00,17.64,49.12,82.4,-70.2,v2.1.0,online
AH-00165,2026-06-04 10:34:00,26.76,33.96,81.9,-52.1,v2.1.0,online
AH-00091,2026-06-04 10:34:00,23.42,45.79,75.6,-63.2,v2.1.0,online
AH-00177,2026-06-04 10:34:00,22.72,38.53,89.7,-65.0,v2.0.1,online
AH-00025,2026-06-04 10:34:00,21.92,36.96,79.6,-66.4,v1.5.0,offline
AH-00183,2026-06-04 10:35:00,18.36,49.23,92.0,-61.4,v2.0.1,online
AH-00005,2026-06-04 10:35:00,21.22,26.3,74.2,-64.6,v2.0.1,online
AH-00035,2026-06-04 10:36:00,22.62,37.23,84.8,-79.0,v2.1.0,online
AH-00069,2026-06-04 10:38:00,22.4,43.95,80.9,-63.1,v1.5.0,online
AH-00089,2026-06-04 10:39:00,22.53,31.07,78.3,-64.7,v2.0.1,online
AH-00095,2026-06-04 10:39:00,21.73,35.91,99.8,-57.3,v2.0.1,online
AH-00051,2026-06-04 10:39:00,24.0,45.84,99.7,-61.2,v1.5.0,online
AH-00200,2026-06-04 10:41:00,27.28,45.86,68.6,-60.3,v2.1.0,online
AH-00113,2026-06-04 10:41:00,21.87,46.07,89.8,-53.7,v2.0.1,online
AH-00040,2026-06-04 10:41:00,23.37,40.88,77.1,-62.1,v2.0.1,online
AH-00112,2026-06-04 10:42:00,21.8,30.3,77.1,-62.4,v2.0.1,online
AH-00093,2026-06-04 10:42:00,21.19,36.52,79.1,-56.2,v2.1.0,online
AH-00075,2026-06-04 10:43:00,19.24,56.15,80.7,-55.8,v2.0.1,online
AH-00011,2026-06-04 10:43:00,18.12,48.13,93.7,-54.7,v2.0.1,offline
AH-00166,2026-06-04 10:45:00,19.99,41.0,89.4,-62.5,v2.0.1,online
AH-00159,2026-06-04 10:46:00,23.41,46.98,66.2,-65.3,v2.0.1,online
AH-00196,2026-06-04 10:47:00,21.11,51.58,73.2,-79.9,v1.5.0,online
AH-00042,2026-06-04 10:49:00,26.05,56.11,74.3,-71.8,v2.0.1,online
AH-00172,2026-06-04 10:51:00,24.23,40.63,75.0,-47.5,v1.5.0,online
AH-00160,2026-06-04 10:52:00,22.39,46.28,88.6,-73.2,v1.5.0,online
AH-00069,2026-06-04 10:52:00,17.98,52.64,79.2,-55.4,v2.0.1,online
AH-00186,2026-06-04 10:54:00,18.83,56.47,67.7,-62.6,v1.5.0,online
AH-00056,2026-06-04 10:54:00,21.85,47.1,81.4,-55.2,v2.0.1,online
AH-00088,2026-06-04 10:57:00,18.43,35.67,95.3,-55.6,v2.0.1,online
AH-00152,2026-06-04 10:58:00,24.72,55.44,80.9,-59.5,v2.0.1,online
AH-00078,2026-06-04 10:58:00,24.54,41.47,86.1,-75.1,v2.0.1,online
AH-00068,2026-06-04 11:00:00,28.14,45.52,100.0,-57.5,v2.1.0,online
AH-00010,2026-06-04 11:00:00,26.84,32.74,84.2,-51.3,v2.1.0,maintenance
AH-00029,2026-06-04 11:01:00,26.39,46.38,81.7,-69.0,v1.5.0,online
AH-00096,2026-06-04 11:01:00,21.3,39.87,73.7,-51.3,v2.0.1,online
AH-00080,2026-06-04 11:02:00,24.58,36.53,99.2,-64.5,v2.0.1,online
AH-00150,2026-06-04 11:03:00,16.62,40.03,80.1,-56.4,v2.0.1,online
AH-00106,2026-06-04 11:04:00,25.89,47.05,67.5,-47.1,v2.1.0,online
AH-00023,2026-06-04 11:05:00,26.6,33.35,75.1,-76.6,v2.0.1,online
AH-00028,2026-06-04 11:06:00,22.25,55.35,70.5,-69.6,v1.4.2,online
AH-00198,2026-06-04 11:07:00,18.65,53.56,67.7,-54.2,v2.1.0,online
AH-00191,2026-06-04 11:07:00,23.51,43.99,51.2,-58.9,v1.5.0,online
AH-00068,2026-06-04 11:07:00,17.1,38.21,81.0,-58.0,v2.0.1,online
AH-00082,2026-06-04 11:08:00,22.67,39.52,72.0,-63.0,v2.1.0,online
AH-00060,2026-06-04 11:08:00,18.62,33.68,72.0,-59.9,v1.5.0,offline
AH-00061,2026-06-04 11:08:00,27.21,57.97,91.6,-57.3,v1.5.0,online
AH-00038,2026-06-04 11:08:00,18.57,28.4,82.5,-72.7,v1.5.0,online
AH-00156,2026-06-04 11:08:00,26.33,45.45,74.3,-62.3,v2.0.1,online
AH-00091,2026-06-04 11:09:00,18.45,53.21,93.4,-57.6,v1.5.0,offline
AH-00156,2026-06-04 11:11:00,24.01,47.21,79.8,-71.5,v2.0.1,online
AH-00117,2026-06-04 11:11:00,22.86,44.98,64.3,-68.4,v1.5.0,online
AH-00193,2026-06-04 11:14:00,25.64,44.84,100.0,-60.2,v1.5.0,online
AH-00105,2026-06-04 11:15:00,20.65,37.64,71.1,-60.8,v1.5.0,online
AH-00195,2026-06-04 11:15:00,21.43,51.86,87.7,-63.8,v2.0.1,online
AH-00015,2026-06-04 11:16:00,18.89,56.4,67.4,-64.6,v2.1.0,maintenance
AH-00132,2026-06-04 11:16:00,22.46,51.33,83.5,-58.6,v2.1.0,online
AH-00119,2026-06-04 11:17:00,21.79,36.14,76.6,-55.0,v2.0.1,online
AH-00129,2026-06-04 11:17:00,23.84,35.63,77.1,-72.1,v2.0.1,online
AH-00015,2026-06-04 11:18:00,20.99,28.0,100.0,-69.7,v1.5.0,online
AH-00165,2026-06-04 11:19:00,13.51,53.35,86.3,-59.9,v2.0.1,online
AH-00050,2026-06-04 11:19:00,22.9,55.96,83.2,-56.7,v2.0.1,online
