device_id,timestamp,temperature_c,humidity_pct,battery_pct,signal_dbm,firmware_version,device_status,signal_quality
AH-00068,2026-07-01 00:00:00,22.93,41.39,85.1,-69.3,v2.1.0,online,good
AH-00166,2026-07-01 00:01:00,,52.17,89.2,-70.2,v2.0.1,online,good
AH-00087,2026-07-01 00:01:00,,53.09,74.5,-61.5,v2.1.0,online,good
AH-00142,2026-07-01 00:01:00,24.98,54.28,83.4,-65.2,v2.0.1,online,good
AH-00110,2026-07-01 00:04:00,25.91,32.87,72.0,-71.5,v2.0.1,online,good
AH-00151,2026-07-01 00:05:00,25.8,37.2,100.0,-77.2,v2.0.1,offline,good
AH-00091,2026-07-01 00:08:00,30.6,49.28,87.6,-64.3,v2.0.1,maintenance,fair
AH-00171,2026-07-01 00:09:00,30.53,41.85,87.3,-66.2,v2.0.1,online,fair
AH-00151,2026-07-01 00:09:00,28.64,118.87,87.6,-56.7,v2.0.1,online,fair
AH-00047,2026-07-01 00:10:00,22.33,,76.9,-68.2,v2.1.0,online,fair
AH-00128,2026-07-01 00:10:00,28.22,44.74,79.9,-60.0,v1.5.0,online,good
AH-00060,2026-07-01 00:11:00,27.7,53.85,81.4,-62.3,v2.1.0,online,fair
AH-00139,2026-07-01 00:11:00,27.53,,76.3,-72.4,v2.0.1,online,good
AH-00194,2026-07-01 00:12:00,26.51,36.26,85.3,-57.4,v2.0.1,online,fair
AH-00086,2026-07-01 00:12:00,31.53,55.23,77.7,-57.3,v2.1.0,online,good
AH-00089,2026-07-01 00:13:00,24.12,42.08,69.3,-59.4,v2.0.1,online,good
AH-00140,2026-07-01 00:13:00,30.74,47.23,74.6,-56.2,v2.0.1,online,poor
AH-00107,2026-07-01 00:14:00,23.44,54.76,71.2,-66.4,v2.0.1,online,poor
AH-00106,2026-07-01 00:15:00,26.47,54.51,97.6,-60.3,v2.0.1,maintenance,good
AH-00178,2026-07-01 00:15:00,29.74,52.76,67.4,-62.8,v1.5.0,online,good
AH-00109,2026-07-01 00:16:00,,46.02,77.4,-71.9,v1.5.0,online,good
AH-00152,2026-07-01 00:16:00,30.01,47.61,75.4,-63.1,v1.5.0,online,good
AH-00019,2026-07-01 00:18:00,25.55,46.09,79.9,-86.8,v2.0.1,online,good
AH-00076,2026-07-01 00:18:00,,46.11,69.3,-56.9,v2.0.1,online,good
AH-00019,2026-07-01 00:19:00,31.08,,85.8,-54.6,v2.0.1,online,good
AH-00106,2026-07-01 00:19:00,31.62,51.31,64.7,-59.2,v2.0.1,maintenance,fair
AH-00171,2026-07-01 00:21:00,,29.8,68.2,-59.5,v2.0.1,online,fair
AH-00080,2026-07-01 00:23:00,22.15,44.14,87.7,-70.7,v2.1.0,offline,good
AH-00109,2026-07-01 00:25:00,,58.19,72.1,-67.3,v2.1.0,online,good
AH-00099,2026-07-01 00:26:00,27.77,45.22,100.0,-69.8,v2.0.1,online,poor
AH-00088,2026-07-01 00:27:00,25.44,49.38,79.5,-84.4,v1.5.0,online,good
AH-00179,2026-07-01 00:27:00,28.25,,86.9,-49.2,v2.0.1,online,good
AH-00188,2026-07-01 00:28:00,,47.48,72.9,-57.2,v2.0.1,maintenance,good
AH-00077,2026-07-01 00:29:00,33.23,36.05,93.0,-62.6,v1.5.0,online,good
AH-00128,2026-07-01 00:29:00,25.62,31.46,100.0,-56.8,v1.5.0,online,fair
AH-00054,2026-07-01 00:29:00,,37.07,86.4,-48.9,v2.1.0,online,good
AH-00178,2026-07-01 00:30:00,25.77,,93.4,-70.7,v2.0.1,online,poor
AH-00171,2026-07-01 00:30:00,33.49,48.03,73.8,-64.9,v2.0.1,online,good
AH-00088,2026-07-01 00:31:00,32.31,53.75,70.3,-59.3,v2.0.1,online,poor
AH-00040,2026-07-01 00:33:00,29.65,49.15,77.4,-52.3,v1.5.0,online,fair
AH-00002,2026-07-01 00:34:00,23.36,,63.1,-58.9,v1.4.2,offline,good
AH-00073,2026-07-01 00:36:00,27.66,50.56,66.1,-66.0,v1.5.0,online,good
AH-00056,2026-07-01 00:39:00,23.84,,72.6,-68.2,v2.0.1,online,good
AH-00173,2026-07-01 00:41:00,34.16,54.67,70.2,-55.0,v2.0.1,online,good
AH-00015,2026-07-01 00:41:00,28.16,47.61,86.2,-60.8,v2.1.0,maintenance,good
AH-00051,2026-07-01 00:43:00,24.41,31.7,88.0,-53.9,v1.5.0,offline,poor
AH-00024,2026-07-01 00:45:00,,46.36,80.7,-53.3,v2.0.1,online,fair
AH-00051,2026-07-01 00:46:00,32.47,41.54,81.2,-57.9,v2.0.1,online,fair
AH-00090,2026-07-01 00:47:00,28.26,41.26,71.9,-67.9,v2.0.1,online,good
AH-00068,2026-07-01 00:48:00,22.19,48.72,84.6,-59.9,v2.0.1,maintenance,poor
AH-00152,2026-07-01 00:49:00,29.03,43.49,73.5,-51.0,v2.0.1,offline,good
AH-00097,2026-07-01 00:51:00,,47.68,80.1,-56.8,v1.5.0,online,good
AH-00025,2026-07-01 00:51:00,,51.45,95.3,-57.0,v2.0.1,maintenance,fair
AH-00015,2026-07-01 00:51:00,17.2,38.9,83.2,-62.7,v2.1.0,online,fair
AH-00057,2026-07-01 00:52:00,24.05,38.51,86.2,-59.0,v1.5.0,online,good
AH-00160,2026-07-01 00:52:00,25.86,45.9,91.5,-67.6,v2.0.1,online,fair
AH-00068,2026-07-01 00:52:00,28.14,,60.1,-66.7,v2.0.1,online,good
AH-00023,2026-07-01 00:53:00,26.65,51.59,84.0,-66.4,v1.5.0,online,good
AH-00116,2026-07-01 00:54:00,28.9,47.67,70.3,-57.1,v2.1.0,online,good
AH-00039,2026-07-01 00:56:00,27.34,39.42,67.5,-65.1,v1.5.0,offline,good
AH-00199,2026-07-01 00:59:00,31.63,52.47,75.8,-59.2,v2.1.0,online,good
AH-00090,2026-07-01 01:00:00,32.9,50.94,73.5,-71.5,v2.1.0,online,good
AH-00057,2026-07-01 01:00:00,33.5,35.53,81.3,-61.6,v2.1.0,online,good
AH-00088,2026-07-01 01:02:00,28.1,43.5,97.0,-53.6,v2.0.1,offline,good
AH-00065,2026-07-01 01:03:00,28.75,34.44,-1.6,-52.2,v1.4.2,online,good
AH-00079,2026-07-01 01:04:00,22.33,131.44,88.7,-64.0,v1.5.0,online,good
AH-00028,2026-07-01 01:06:00,29.53,49.87,75.7,-63.0,v1.4.2,online,fair
AH-00060,2026-07-01 01:06:00,28.92,47.78,90.1,-71.5,v2.0.1,online,good
AH-00153,2026-07-01 01:07:00,28.5,40.49,83.0,-77.4,v2.0.1,online,fair
AH-00118,2026-07-01 01:08:00,32.62,44.53,71.7,-62.6,v2.1.0,online,good
AH-00148,2026-07-01 01:10:00,24.17,42.2,72.6,-50.6,v2.0.1,online,good
AH-00117,2026-07-01 01:11:00,23.73,58.63,63.6,-53.4,v1.5.0,online,good
AH-00021,2026-07-01 01:12:00,29.75,122.95,66.0,-63.4,v2.1.0,online,good
AH-00062,2026-07-01 01:13:00,34.61,47.76,72.6,-54.7,v1.5.0,online,good
AH-00034,2026-07-01 01:13:00,28.1,38.03,69.9,-53.5,v2.0.1,online,good
AH-00082,2026-07-01 01:16:00,26.46,46.13,68.2,-64.9,v2.0.1,offline,poor
AH-00193,2026-07-01 01:16:00,32.07,40.15,83.0,-60.3,v1.5.0,online,good
AH-00085,2026-07-01 01:17:00,28.82,44.56,85.1,-62.5,v2.0.1,online,fair
AH-00086,2026-07-01 01:17:00,29.17,43.26,65.9,-67.9,v2.0.1,offline,good
AH-00070,2026-07-01 01:17:00,38.25,43.68,87.5,-62.3,v2.1.0,online,good
AH-00190,2026-07-01 01:19:00,26.34,26.04,63.8,-65.7,v2.0.1,online,good
AH-00176,2026-07-01 01:19:00,26.4,53.5,69.2,-75.0,v1.5.0,online,good
AH-00101,2026-07-01 01:19:00,27.74,40.95,74.1,-55.7,v1.5.0,online,good
AH-00132,2026-07-01 01:19:00,28.27,41.67,71.5,-63.0,v2.0.1,online,fair
AH-00059,2026-07-01 01:21:00,28.63,40.57,56.1,-62.5,v1.5.0,online,good
AH-00169,2026-07-01 01:21:00,30.3,50.11,84.7,-70.6,v2.0.1,online,good
AH-00128,2026-07-01 01:22:00,17.08,45.96,91.4,-75.8,v2.0.1,offline,good
AH-00013,2026-07-01 01:22:00,22.59,58.04,81.4,-49.8,v2.1.0,maintenance,good
AH-00123,2026-07-01 01:23:00,30.03,34.81,82.0,-62.3,v1.5.0,online,good
AH-00126,2026-07-01 01:24:00,28.27,121.8,82.6,-66.8,v2.0.1,maintenance,fair
AH-00175,2026-07-01 01:24:00,30.07,42.92,86.4,-60.7,v2.1.0,maintenance,fair
AH-00054,2026-07-01 01:24:00,30.19,43.07,88.6,-71.6,v2.1.0,offline,good
AH-00070,2026-07-01 01:26:00,24.31,39.09,95.2,-72.5,v2.0.1,online,good
AH-00051,2026-07-01 01:26:00,26.44,37.41,86.6,-69.7,v2.1.0,online,fair
AH-00134,2026-07-01 01:26:00,32.3,50.84,94.1,-67.3,v2.1.0,offline,good
AH-00019,2026-07-01 01:26:00,26.45,53.91,75.7,-59.6,v2.0.1,online,good
AH-00020,2026-07-01 01:28:00,28.65,44.69,86.5,-67.8,v2.1.0,online,good
AH-00136,2026-07-01 01:29:00,27.73,47.15,89.8,-54.4,v2.1.0,online,good
AH-00151,2026-07-01 01:29:00,26.63,33.55,71.9,-72.3,v1.4.2,online,good
AH-00036,2026-07-01 01:29:00,26.65,50.46,89.6,-59.8,v2.1.0,online,good
AH-00043,2026-07-01 01:31:00,,36.29,61.1,-78.1,v2.0.1,online,poor
AH-00107,2026-07-01 01:33:00,26.53,48.86,83.9,-73.1,v2.0.1,online,fair
AH-00126,2026-07-01 01:35:00,36.08,,89.2,-77.0,v1.5.0,online,good
AH-00089,2026-07-01 01:36:00,27.62,35.81,80.7,-64.5,v1.5.0,online,fair
AH-00164,2026-07-01 01:36:00,28.03,43.17,80.5,-52.0,v2.0.1,maintenance,fair
AH-00199,2026-07-01 01:37:00,28.46,34.27,94.7,-64.7,v2.0.1,online,fair
AH-00075,2026-07-01 01:38:00,27.91,54.76,85.4,-67.4,v2.0.1,online,good
AH-00093,2026-07-01 01:38:00,29.16,46.42,64.3,-62.9,v1.5.0,online,good
AH-00145,2026-07-01 01:40:00,,41.38,93.0,-65.6,v2.0.1,online,good
AH-00184,2026-07-01 01:42:00,24.34,40.2,100.0,-59.6,v1.5.0,online,fair
AH-00010,2026-07-01 01:43:00,28.01,132.54,83.7,-61.5,v2.1.0,offline,poor
AH-00179,2026-07-01 01:46:00,32.08,48.51,-9.6,-60.8,v2.1.0,online,poor
AH-00064,2026-07-01 01:47:00,30.66,49.36,79.3,-62.9,v1.5.0,online,fair
AH-00200,2026-07-01 01:49:00,28.0,,78.7,-54.5,v2.1.0,online,good
AH-00061,2026-07-01 01:50:00,26.92,65.78,-4.3,-73.0,v2.0.1,online,fair
AH-00200,2026-07-01 01:51:00,24.61,51.9,74.9,-53.1,v2.1.0,online,fair
AH-00037,2026-07-01 01:52:00,31.01,54.11,73.6,-61.3,v2.0.1,online,fair
AH-00151,2026-07-01 01:55:00,30.01,63.04,100.0,-69.4,v2.0.1,online,good
AH-00121,2026-07-01 01:56:00,35.76,47.49,88.6,-69.0,v2.0.1,online,fair
AH-00068,2026-07-01 01:59:00,25.12,38.46,83.6,-58.9,v2.1.0,online,good
AH-00085,2026-07-01 02:00:00,20.79,45.0,71.1,-61.1,v2.1.0,online,good
AH-00104,2026-07-01 02:00:00,23.79,50.28,94.2,-50.5,v2.0.1,online,good
AH-00012,2026-07-01 02:03:00,30.15,,88.9,-71.1,v1.4.2,online,good
AH-00092,2026-07-01 02:03:00,21.65,33.67,77.6,-64.5,v1.5.0,online,good
AH-00113,2026-07-01 02:05:00,27.78,51.39,84.8,-60.5,v2.1.0,online,good
AH-00192,2026-07-01 02:06:00,23.74,58.92,91.9,-75.3,v2.0.1,online,good
AH-00127,2026-07-01 02:08:00,,60.81,75.8,-65.8,v1.5.0,online,good
AH-00006,2026-07-01 02:08:00,28.79,36.28,74.7,-61.5,v1.5.0,online,good
AH-00085,2026-07-01 02:08:00,30.94,44.26,86.1,-61.2,v1.5.0,online,good
AH-00102,2026-07-01 02:11:00,26.81,62.96,81.1,-55.1,v2.1.0,online,good
AH-00092,2026-07-01 02:12:00,,53.36,99.5,-73.3,v2.0.1,online,good
AH-00198,2026-07-01 02:13:00,23.8,46.02,77.7,-64.6,v2.1.0,offline,good
AH-00118,2026-07-01 02:14:00,22.19,48.03,77.7,-59.9,v1.5.0,online,good
AH-00058,2026-07-01 02:15:00,23.41,,75.8,-61.8,v1.5.0,maintenance,good
AH-00097,2026-07-01 02:15:00,28.93,44.21,79.9,-52.7,v1.5.0,online,fair
AH-00025,2026-07-01 02:16:00,28.11,47.48,82.9,-53.1,v2.0.1,online,good
AH-00136,2026-07-01 02:17:00,29.21,35.66,66.6,-67.0,v1.5.0,online,good
AH-00183,2026-07-01 02:18:00,28.36,48.71,58.9,-72.1,v2.1.0,online,good
AH-00010,2026-07-01 02:19:00,26.58,45.81,73.9,-58.8,v2.0.1,online,good
AH-00150,2026-07-01 02:20:00,30.55,40.46,82.9,-51.4,v2.1.0,online,fair
AH-00060,2026-07-01 02:21:00,30.55,28.7,56.2,-72.7,v2.0.1,offline,fair
AH-00165,2026-07-01 02:22:00,,54.47,62.8,-44.2,v2.0.1,offline,good
AH-00098,2026-07-01 02:23:00,24.41,55.19,74.0,-62.5,v2.1.0,online,good
AH-00058,2026-07-01 02:23:00,32.38,46.64,88.3,-39.2,v2.0.1,online,good
AH-00147,2026-07-01 02:27:00,24.33,38.75,85.2,-65.6,v1.5.0,online,good
AH-00038,2026-07-01 02:28:00,29.84,36.92,76.3,-63.3,v2.1.0,online,poor
AH-00145,2026-07-01 02:29:00,32.73,37.37,77.8,-66.2,v2.1.0,online,good
AH-00119,2026-07-01 02:31:00,31.37,42.7,77.2,-58.4,v2.0.1,online,good
AH-00146,2026-07-01 02:32:00,29.0,36.55,77.5,-68.0,v1.5.0,online,good
AH-00098,2026-07-01 02:34:00,28.07,48.76,64.2,-43.9,v2.1.0,offline,good
AH-00076,2026-07-01 02:34:00,24.63,,62.3,-57.4,v1.5.0,online,fair
AH-00028,2026-07-01 02:40:00,30.19,45.88,78.1,-72.2,v1.5.0,online,good
AH-00137,2026-07-01 02:40:00,27.11,37.18,68.8,-56.3,v2.0.1,online,good
AH-00192,2026-07-01 02:41:00,28.35,42.68,75.9,-59.7,v2.1.0,online,good
AH-00197,2026-07-01 02:41:00,30.77,44.8,79.5,-67.6,v2.1.0,online,fair
AH-00053,2026-07-01 02:43:00,31.55,43.97,81.4,-63.2,v2.0.1,online,good
AH-00191,2026-07-01 02:44:00,26.68,38.43,91.5,-74.7,v2.1.0,online,good
AH-00143,2026-07-01 02:44:00,29.6,44.59,65.4,-60.0,v2.1.0,maintenance,good
AH-00045,2026-07-01 02:44:00,22.62,33.14,74.4,-69.5,v2.0.1,online,good
AH-00021,2026-07-01 02:44:00,26.68,51.07,75.6,-70.5,v2.0.1,online,poor
AH-00033,2026-07-01 02:45:00,35.04,38.89,78.3,-72.4,v2.1.0,online,good
AH-00060,2026-07-01 02:45:00,25.05,55.42,77.0,-63.1,v2.0.1,online,good
AH-00050,2026-07-01 02:45:00,22.5,48.89,87.2,-74.6,v1.5.0,online,good
AH-00036,2026-07-01 02:46:00,27.84,51.52,96.3,-57.3,v2.0.1,online,good
AH-00166,2026-07-01 02:46:00,22.09,43.57,59.5,-60.4,v2.1.0,online,fair
AH-00059,2026-07-01 02:47:00,19.42,43.34,73.9,-85.0,v2.0.1,maintenance,good
AH-00039,2026-07-01 02:48:00,32.67,41.31,73.7,-66.8,v2.0.1,online,good
AH-00175,2026-07-01 02:49:00,31.91,44.26,96.1,-68.1,v2.1.0,maintenance,good
AH-00149,2026-07-01 02:50:00,28.12,43.25,64.7,-46.4,v2.0.1,maintenance,poor
AH-00193,2026-07-01 02:50:00,24.48,48.27,74.5,-58.4,v2.0.1,online,good
AH-00151,2026-07-01 02:50:00,32.53,106.57,70.0,-63.4,v1.5.0,online,good
AH-00181,2026-07-01 02:51:00,28.11,,97.4,-70.4,v2.1.0,online,good
AH-00060,2026-07-01 02:51:00,28.38,43.23,97.0,-52.9,v2.0.1,online,good
AH-00158,2026-07-01 02:53:00,24.55,31.64,89.8,-60.1,v2.0.1,online,good
AH-00008,2026-07-01 02:53:00,34.36,45.5,68.6,-61.0,v2.0.1,maintenance,fair
AH-00127,2026-07-01 02:54:00,31.29,42.83,77.4,-52.6,v2.0.1,online,good
AH-00065,2026-07-01 02:55:00,33.71,39.68,77.5,-74.2,v2.0.1,online,good
AH-00140,2026-07-01 02:55:00,29.67,48.79,79.9,-60.1,v2.0.1,online,good
AH-00103,2026-07-01 02:57:00,24.89,56.23,76.8,-58.0,v2.1.0,online,fair
AH-00051,2026-07-01 02:58:00,27.85,39.48,59.0,-63.9,v1.5.0,online,good
AH-00001,2026-07-01 02:58:00,23.06,50.64,72.1,-55.0,v1.5.0,offline,good
AH-00102,2026-07-01 03:02:00,28.89,46.54,78.8,-57.2,v2.0.1,maintenance,poor
AH-00091,2026-07-01 03:03:00,31.58,52.11,89.1,-68.1,v2.1.0,online,fair
AH-00146,2026-07-01 03:03:00,28.72,37.29,85.5,-42.4,v1.5.0,online,good
AH-00129,2026-07-01 03:03:00,18.64,50.08,79.8,-60.4,v2.0.1,online,fair
AH-00123,2026-07-01 03:04:00,29.29,47.36,73.9,-67.0,v2.0.1,online,good
AH-00093,2026-07-01 03:07:00,24.4,38.81,86.0,-67.9,v1.5.0,online,fair
AH-00143,2026-07-01 03:07:00,27.73,40.05,79.4,-64.1,v1.5.0,online,good
AH-00089,2026-07-01 03:07:00,28.63,44.51,72.8,-61.7,v2.1.0,maintenance,good
AH-00159,2026-07-01 03:08:00,28.7,44.72,92.6,-70.8,v2.0.1,online,good
AH-00177,2026-07-01 03:09:00,,37.28,72.0,-62.8,v2.1.0,online,good
AH-00172,2026-07-01 03:10:00,31.02,42.91,83.2,-61.4,v1.5.0,online,good
AH-00169,2026-07-01 03:11:00,27.81,34.54,77.5,-55.4,v2.0.1,offline,good
AH-00025,2026-07-01 03:11:00,25.1,47.86,100.0,-70.9,v1.5.0,online,good
AH-00021,2026-07-01 03:12:00,27.64,32.04,69.2,-65.4,v2.0.1,online,fair
AH-00001,2026-07-01 03:13:00,28.66,,67.8,-88.1,v2.0.1,offline,good
AH-00042,2026-07-01 03:16:00,21.07,65.61,76.1,-62.1,v2.0.1,online,good
AH-00071,2026-07-01 03:18:00,21.67,,84.5,-66.7,v2.0.1,online,good
AH-00136,2026-07-01 03:22:00,27.97,40.17,69.7,-66.7,v2.0.1,online,good
AH-00107,2026-07-01 03:23:00,23.87,50.21,80.8,-58.2,v2.1.0,online,good
AH-00168,2026-07-01 03:23:00,26.86,32.79,81.7,-55.5,v2.0.1,maintenance,fair
AH-00102,2026-07-01 03:25:00,34.16,52.36,69.0,-54.9,v2.1.0,offline,good
AH-00091,2026-07-01 03:27:00,29.83,47.99,67.4,-66.6,v2.1.0,online,fair
AH-00053,2026-07-01 03:28:00,26.11,52.49,81.3,-61.5,v1.5.0,online,good
AH-00155,2026-07-01 03:28:00,27.91,125.96,94.0,-59.5,v2.0.1,online,good
AH-00069,2026-07-01 03:28:00,33.18,36.29,75.7,-58.2,v1.5.0,online,good
AH-00077,2026-07-01 03:28:00,21.59,,65.8,-38.7,v1.5.0,online,good
AH-00190,2026-07-01 03:30:00,28.16,36.43,81.1,-53.1,v2.0.1,offline,poor
AH-00043,2026-07-01 03:30:00,28.54,38.5,88.4,-62.5,v2.0.1,maintenance,fair
AH-00164,2026-07-01 03:30:00,32.13,,-0.8,-54.9,v2.1.0,online,good
AH-00033,2026-07-01 03:32:00,24.02,43.99,93.3,-61.0,v2.1.0,online,good
AH-00055,2026-07-01 03:33:00,,,67.4,-69.1,v2.0.1,online,good
AH-00098,2026-07-01 03:34:00,27.0,42.97,73.8,-67.0,v1.5.0,offline,good
AH-00174,2026-07-01 03:37:00,24.77,29.8,89.1,-58.2,v2.1.0,online,good
AH-00111,2026-07-01 03:38:00,23.55,49.41,69.0,-63.2,v1.5.0,online,good
AH-00004,2026-07-01 03:38:00,27.22,41.35,70.8,-39.0,v1.5.0,online,poor
AH-00036,2026-07-01 03:39:00,28.4,33.92,93.8,-62.6,v1.5.0,online,fair
AH-00049,2026-07-01 03:40:00,30.06,41.86,70.7,-45.2,v2.1.0,online,poor
AH-00115,2026-07-01 03:40:00,33.06,42.86,88.5,-60.5,v2.0.1,online,good
AH-00107,2026-07-01 03:41:00,,50.74,65.5,-66.9,v1.5.0,online,good
AH-00021,2026-07-01 03:42:00,25.48,35.09,83.4,-73.6,v2.1.0,online,good
AH-00008,2026-07-01 03:45:00,27.35,39.98,94.1,-64.7,v2.0.1,online,good
AH-00193,2026-07-01 03:45:00,,35.46,74.0,-62.5,v2.0.1,online,good
AH-00180,2026-07-01 03:45:00,22.89,49.5,88.7,-66.2,v2.0.1,online,fair
AH-00046,2026-07-01 03:46:00,25.85,40.12,91.4,-55.6,v2.0.1,online,fair
AH-00194,2026-07-01 03:46:00,31.67,35.92,93.9,-70.2,v1.4.2,offline,fair
AH-00082,2026-07-01 03:48:00,28.66,26.53,78.0,-48.9,v1.5.0,offline,good
AH-00126,2026-07-01 03:49:00,33.6,52.88,86.7,-62.1,v2.1.0,online,good
AH-00051,2026-07-01 03:50:00,29.51,48.97,64.4,-72.7,v1.5.0,maintenance,fair
AH-00026,2026-07-01 03:51:00,29.11,49.89,69.7,-56.1,v2.0.1,online,fair
AH-00143,2026-07-01 03:52:00,24.52,46.1,63.2,-69.8,v1.5.0,online,good
AH-00041,2026-07-01 03:52:00,29.56,105.07,99.9,-55.7,v2.0.1,online,good
AH-00093,2026-07-01 03:53:00,23.39,43.17,67.5,-58.4,v2.1.0,online,good
AH-00136,2026-07-01 03:53:00,32.11,34.11,76.4,-57.1,v1.4.2,online,good
AH-00165,2026-07-01 03:54:00,23.33,39.81,92.9,-56.1,v2.0.1,offline,good
AH-00004,2026-07-01 03:54:00,24.54,56.88,77.0,-52.4,v1.5.0,online,good
AH-00112,2026-07-01 03:56:00,26.42,41.09,74.3,-68.9,v2.1.0,maintenance,fair
AH-00152,2026-07-01 03:58:00,27.44,38.29,-2.8,-65.3,v2.1.0,online,good
AH-00044,2026-07-01 03:58:00,28.06,40.95,89.6,-53.4,v2.1.0,online,good
AH-00144,2026-07-01 03:59:00,23.83,20.28,83.0,-48.4,v2.1.0,online,good
AH-00124,2026-07-01 03:59:00,27.4,,58.8,-61.0,v2.1.0,maintenance,good
AH-00050,2026-07-01 04:00:00,25.75,44.72,88.0,-60.9,v2.0.1,offline,good
AH-00194,2026-07-01 04:00:00,30.91,52.18,95.4,-62.7,v2.0.1,online,fair
AH-00102,2026-07-01 04:01:00,32.51,55.31,83.4,-63.3,v2.0.1,online,poor
AH-00090,2026-07-01 04:02:00,30.96,43.4,77.4,-49.0,v2.1.0,online,good
AH-00065,2026-07-01 04:02:00,27.6,43.83,79.0,-52.7,v2.0.1,online,good
AH-00035,2026-07-01 04:02:00,24.48,40.81,100.0,-59.3,v2.0.1,online,good
AH-00025,2026-07-01 04:05:00,26.5,44.61,89.2,-65.1,v2.1.0,online,good
AH-00171,2026-07-01 04:07:00,30.78,57.18,100.0,-61.1,v1.5.0,online,fair
AH-00131,2026-07-01 04:08:00,29.04,45.29,79.8,-79.7,v2.0.1,online,good
AH-00022,2026-07-01 04:08:00,32.69,33.5,69.9,-78.7,v2.0.1,online,good
AH-00147,2026-07-01 04:09:00,27.17,42.15,85.8,-60.3,v2.0.1,maintenance,fair
AH-00053,2026-07-01 04:09:00,23.16,40.92,77.4,-56.7,v2.0.1,online,good
AH-00080,2026-07-01 04:10:00,30.3,39.9,79.2,-60.6,v2.1.0,online,fair
AH-00127,2026-07-01 04:11:00,30.12,51.84,90.0,-55.1,v2.0.1,offline,good
AH-00151,2026-07-01 04:12:00,24.12,43.15,75.1,-77.2,v2.0.1,online,good
AH-00144,2026-07-01 04:12:00,28.49,41.9,-3.4,-72.5,v2.0.1,online,poor
AH-00104,2026-07-01 04:13:00,31.49,49.99,81.0,-62.2,v1.4.2,online,good
AH-00080,2026-07-01 04:13:00,27.11,49.42,85.6,-57.7,v2.1.0,maintenance,fair
AH-00073,2026-07-01 04:14:00,24.7,33.23,82.7,-70.8,v2.1.0,online,good
AH-00135,2026-07-01 04:14:00,29.9,46.99,82.6,-47.6,v2.0.1,online,good
AH-00163,2026-07-01 04:16:00,23.04,38.58,78.4,-66.8,v2.1.0,online,fair
AH-00115,2026-07-01 04:16:00,25.11,39.4,72.5,-58.1,v2.0.1,online,fair
AH-00084,2026-07-01 04:16:00,28.45,46.33,74.2,-64.4,v2.1.0,online,good
AH-00009,2026-07-01 04:16:00,26.06,50.4,56.3,-66.7,v2.0.1,offline,good
AH-00184,2026-07-01 04:17:00,28.05,37.0,61.6,-69.6,v1.5.0,maintenance,good
AH-00125,2026-07-01 04:17:00,24.58,45.99,91.4,-63.7,v2.0.1,online,good
AH-00026,2026-07-01 04:21:00,31.14,40.2,90.3,-61.1,v1.4.2,maintenance,good
AH-00056,2026-07-01 04:21:00,27.7,40.96,64.0,-64.3,v2.0.1,online,fair
AH-00031,2026-07-01 04:23:00,27.94,44.18,74.2,-55.3,v1.5.0,maintenance,good
AH-00082,2026-07-01 04:24:00,30.15,41.77,65.7,-58.6,v1.5.0,online,good
AH-00115,2026-07-01 04:24:00,22.69,43.03,58.8,-63.2,v2.0.1,online,good
AH-00184,2026-07-01 04:26:00,22.12,38.01,73.8,-54.5,v1.5.0,online,good
AH-00165,2026-07-01 04:27:00,,49.41,81.9,-74.7,v1.5.0,online,poor
AH-00152,2026-07-01 04:29:00,31.51,50.05,77.8,-64.6,v2.0.1,offline,good
AH-00183,2026-07-01 04:30:00,29.8,,85.2,-49.0,v2.0.1,online,fair
AH-00080,2026-07-01 04:30:00,27.1,51.86,65.8,-53.9,v1.5.0,maintenance,good
AH-00122,2026-07-01 04:31:00,28.49,41.34,83.9,-72.1,v2.0.1,online,good
AH-00150,2026-07-01 04:32:00,26.97,51.22,79.6,-66.1,v2.0.1,offline,good
AH-00196,2026-07-01 04:32:00,22.47,41.96,99.8,-58.7,v1.5.0,online,good
AH-00118,2026-07-01 04:32:00,23.88,54.18,78.4,-70.4,v2.0.1,online,fair
AH-00131,2026-07-01 04:33:00,,45.64,-10.1,-72.1,v2.0.1,online,good
AH-00167,2026-07-01 04:34:00,24.3,47.48,90.3,-68.8,v1.5.0,online,good
AH-00138,2026-07-01 04:34:00,27.02,49.95,84.2,-49.0,v1.5.0,online,good
AH-00093,2026-07-01 04:35:00,30.42,,73.5,-76.0,v2.0.1,online,fair
AH-00074,2026-07-01 04:36:00,25.37,34.63,90.2,-48.9,v2.0.1,online,good
AH-00036,2026-07-01 04:36:00,,109.06,65.2,-60.0,v2.0.1,online,good
AH-00146,2026-07-01 04:37:00,23.32,,66.4,-61.8,v1.5.0,online,good
AH-00098,2026-07-01 04:37:00,33.01,51.44,80.5,-61.2,v2.0.1,online,poor
AH-00063,2026-07-01 04:39:00,27.15,37.94,73.9,-61.1,v2.0.1,online,poor
AH-00077,2026-07-01 04:42:00,,,80.9,-68.3,v1.5.0,online,fair
AH-00052,2026-07-01 04:44:00,26.06,42.66,56.6,-55.3,v2.0.1,maintenance,fair
AH-00180,2026-07-01 04:45:00,29.72,50.28,98.2,-71.9,v1.5.0,offline,fair
AH-00094,2026-07-01 04:47:00,25.42,41.69,74.2,-48.6,v2.1.0,online,good
AH-00054,2026-07-01 04:47:00,28.83,51.46,86.3,-43.4,v2.0.1,online,good
AH-00066,2026-07-01 04:47:00,22.17,43.11,81.1,-69.0,v2.0.1,online,fair
AH-00115,2026-07-01 04:47:00,30.47,,79.2,-67.3,v2.0.1,online,good
AH-00066,2026-07-01 04:48:00,24.79,50.87,94.7,-67.1,v1.5.0,online,good
AH-00131,2026-07-01 04:49:00,32.56,35.43,73.8,-59.9,v2.1.0,online,good
AH-00121,2026-07-01 04:51:00,27.15,38.69,85.6,-48.6,v1.5.0,online,fair
AH-00176,2026-07-01 04:54:00,30.07,44.0,92.3,-55.5,v1.5.0,maintenance,good
AH-00039,2026-07-01 04:55:00,33.39,25.01,56.9,-73.1,v2.1.0,online,fair
AH-00159,2026-07-01 04:55:00,23.9,51.14,100.0,-55.8,v2.0.1,offline,good
AH-00185,2026-07-01 04:57:00,,,66.0,-60.2,v2.0.1,online,good
AH-00111,2026-07-01 04:58:00,26.48,,62.1,-54.9,v1.5.0,online,good
AH-00116,2026-07-01 04:58:00,27.13,46.91,69.8,-63.2,v2.0.1,online,good
AH-00196,2026-07-01 04:58:00,27.6,48.48,81.4,-60.6,v1.5.0,offline,good
AH-00054,2026-07-01 05:00:00,31.92,40.49,69.0,-71.1,v1.5.0,online,good
AH-00076,2026-07-01 05:00:00,20.5,60.96,74.7,-70.6,v1.5.0,online,good
AH-00002,2026-07-01 05:01:00,29.12,41.65,80.1,-66.1,v1.5.0,offline,poor
AH-00179,2026-07-01 05:02:00,31.22,54.96,75.2,-53.9,v2.0.1,offline,fair
AH-00026,2026-07-01 05:02:00,25.78,45.28,82.7,-67.9,v2.0.1,online,good
AH-00079,2026-07-01 05:03:00,26.15,39.98,83.2,-56.7,v2.1.0,online,good
AH-00002,2026-07-01 05:07:00,,,68.2,-72.5,v2.1.0,online,good
AH-00133,2026-07-01 05:07:00,25.0,44.73,57.7,-66.5,v2.0.1,online,poor
AH-00173,2026-07-01 05:07:00,24.43,49.75,73.6,-54.8,v1.5.0,maintenance,good
AH-00046,2026-07-01 05:08:00,26.86,45.04,60.4,-78.5,v2.0.1,online,good
AH-00062,2026-07-01 05:09:00,28.41,49.56,65.6,-66.9,v2.0.1,online,fair
AH-00162,2026-07-01 05:11:00,26.81,47.37,68.2,-66.9,v1.5.0,maintenance,fair
AH-00041,2026-07-01 05:12:00,29.58,41.12,98.4,-76.5,v1.5.0,online,fair
AH-00053,2026-07-01 05:14:00,30.6,44.74,59.0,-54.1,v1.5.0,online,good
AH-00188,2026-07-01 05:15:00,21.45,45.34,66.8,-52.6,v2.1.0,maintenance,good
AH-00140,2026-07-01 05:16:00,26.44,39.91,81.7,-55.5,v1.4.2,online,fair
AH-00121,2026-07-01 05:18:00,31.41,41.88,68.4,-66.2,v1.5.0,online,good
AH-00168,2026-07-01 05:18:00,32.15,47.47,71.9,-58.6,v2.0.1,online,good
AH-00122,2026-07-01 05:19:00,24.69,45.86,72.3,-68.2,v2.0.1,maintenance,good
AH-00068,2026-07-01 05:19:00,34.59,28.97,70.7,-61.3,v2.0.1,online,good
AH-00192,2026-07-01 05:19:00,30.48,57.09,83.9,-53.8,v1.5.0,online,fair
AH-00061,2026-07-01 05:21:00,30.39,43.58,67.4,-63.7,v2.1.0,offline,good
AH-00088,2026-07-01 05:23:00,28.54,45.76,88.9,-56.4,v1.5.0,online,good
AH-00014,2026-07-01 05:23:00,25.61,53.15,85.4,-67.1,v2.0.1,online,good
AH-00001,2026-07-01 05:24:00,29.93,48.57,80.5,-54.7,v2.0.1,online,good
AH-00129,2026-07-01 05:25:00,30.58,31.97,75.7,-78.7,v2.0.1,offline,good
AH-00147,2026-07-01 05:26:00,32.18,53.52,64.3,-74.6,v2.0.1,online,good
AH-00007,2026-07-01 05:28:00,26.67,34.15,77.6,-53.1,v1.5.0,maintenance,poor
AH-00116,2026-07-01 05:29:00,26.93,,68.8,-50.9,v2.1.0,online,good
AH-00117,2026-07-01 05:30:00,30.25,41.47,76.8,-70.1,v2.0.1,online,good
AH-00049,2026-07-01 05:30:00,28.15,47.82,81.4,-56.9,v2.1.0,online,good
AH-00181,2026-07-01 05:30:00,28.61,59.09,68.3,-65.2,v2.0.1,offline,poor
AH-00004,2026-07-01 05:31:00,31.6,34.72,71.6,-52.0,v2.0.1,online,poor
AH-00188,2026-07-01 05:31:00,28.32,,82.7,-51.8,v2.0.1,maintenance,good
AH-00088,2026-07-01 05:32:00,22.35,29.32,92.0,-70.0,v2.0.1,maintenance,good
AH-00077,2026-07-01 05:33:00,23.73,47.02,90.3,-65.4,v1.4.2,maintenance,good
AH-00032,2026-07-01 05:34:00,29.14,44.71,97.7,-62.8,v2.0.1,online,fair
AH-00072,2026-07-01 05:34:00,29.72,40.79,81.3,-59.4,v2.1.0,online,fair
AH-00018,2026-07-01 05:35:00,31.94,53.92,84.1,-54.0,v1.4.2,online,fair
AH-00155,2026-07-01 05:37:00,30.17,43.27,74.1,-65.0,v2.1.0,online,fair
AH-00065,2026-07-01 05:38:00,,32.48,55.4,-57.2,v2.1.0,online,poor
AH-00097,2026-07-01 05:39:00,29.22,,-10.4,-56.9,v2.1.0,online,good
AH-00026,2026-07-01 05:39:00,30.58,51.64,83.6,-73.3,v2.1.0,online,good
AH-00039,2026-07-01 05:40:00,30.46,53.73,56.7,-54.5,v2.1.0,online,good
AH-00171,2026-07-01 05:41:00,25.65,51.26,100.0,-57.2,v2.0.1,online,good
AH-00045,2026-07-01 05:41:00,30.06,38.99,94.8,-58.2,v2.0.1,online,good
AH-00128,2026-07-01 05:42:00,23.81,44.81,77.9,-55.3,v2.0.1,online,good
AH-00167,2026-07-01 05:42:00,30.25,37.24,81.7,-68.5,v2.1.0,online,fair
AH-00049,2026-07-01 05:43:00,30.67,60.99,91.4,-76.0,v2.0.1,online,good
AH-00141,2026-07-01 05:46:00,37.21,55.41,63.6,-52.8,v1.5.0,maintenance,fair
AH-00180,2026-07-01 05:47:00,26.23,131.27,59.0,-60.7,v2.0.1,offline,fair
AH-00161,2026-07-01 05:48:00,24.65,46.4,70.4,-68.1,v2.1.0,online,good
AH-00046,2026-07-01 05:50:00,25.46,35.37,78.9,-40.4,v2.0.1,online,good
AH-00096,2026-07-01 05:50:00,33.22,53.02,76.3,-63.2,v2.0.1,online,good
AH-00037,2026-07-01 05:50:00,26.27,49.05,64.7,-54.9,v2.0.1,online,good
AH-00177,2026-07-01 05:50:00,28.46,,67.7,-50.8,v2.1.0,online,good
AH-00038,2026-07-01 05:53:00,30.54,44.93,76.8,-57.2,v2.1.0,online,good
AH-00012,2026-07-01 05:54:00,22.88,53.98,75.2,-66.0,v2.0.1,online,poor
AH-00108,2026-07-01 05:54:00,24.34,38.09,64.2,-69.2,v2.0.1,online,good
AH-00107,2026-07-01 05:54:00,33.71,37.04,79.3,-59.8,v2.1.0,offline,fair
AH-00144,2026-07-01 05:54:00,29.95,35.96,72.3,-56.5,v1.5.0,online,good
AH-00043,2026-07-01 05:55:00,22.16,,82.3,-75.5,v2.1.0,online,poor
AH-00028,2026-07-01 05:55:00,26.77,47.18,66.1,-66.9,v2.0.1,online,fair
AH-00169,2026-07-01 05:57:00,33.39,57.06,81.0,-66.6,v2.0.1,online,good
AH-00190,2026-07-01 05:57:00,32.16,38.44,75.4,-55.3,v2.0.1,online,fair
AH-00093,2026-07-01 05:59:00,27.81,47.11,61.4,-58.6,v2.1.0,online,good
AH-00107,2026-07-01 06:00:00,23.07,45.22,71.2,-61.3,v2.0.1,online,good
AH-00095,2026-07-01 06:00:00,28.48,35.76,87.6,-54.7,v1.5.0,online,fair
AH-00157,2026-07-01 06:04:00,27.54,35.83,83.0,-52.8,v2.1.0,online,good
AH-00071,2026-07-01 06:08:00,33.77,54.17,53.2,-63.8,v1.5.0,online,good
AH-00047,2026-07-01 06:08:00,24.43,57.1,84.0,-85.5,v2.0.1,online,good
AH-00035,2026-07-01 06:09:00,26.48,52.29,80.3,-49.3,v1.5.0,online,poor
AH-00108,2026-07-01 06:09:00,,59.36,69.5,-70.8,v2.1.0,online,fair
AH-00037,2026-07-01 06:10:00,26.03,45.41,78.9,-69.8,v2.0.1,online,good
AH-00102,2026-07-01 06:11:00,28.36,43.36,83.1,-64.1,v2.0.1,maintenance,good
AH-00169,2026-07-01 06:12:00,33.3,42.8,70.3,-71.6,v2.1.0,online,fair
AH-00198,2026-07-01 06:14:00,,36.62,78.9,-54.5,v1.5.0,online,good
AH-00137,2026-07-01 06:14:00,28.05,41.96,42.9,-53.2,v1.5.0,online,good
AH-00167,2026-07-01 06:14:00,30.04,38.38,74.8,-67.2,v2.0.1,online,good
AH-00177,2026-07-01 06:17:00,25.1,52.26,92.2,-68.8,v2.1.0,maintenance,good
AH-00120,2026-07-01 06:18:00,26.75,48.64,72.2,-71.1,v1.5.0,maintenance,fair
AH-00056,2026-07-01 06:18:00,29.03,46.19,78.6,-61.2,v1.5.0,online,fair
AH-00005,2026-07-01 06:20:00,28.78,44.61,70.9,-61.1,v2.0.1,online,good
AH-00058,2026-07-01 06:21:00,25.93,38.25,74.0,-54.2,v2.1.0,online,poor
AH-00175,2026-07-01 06:21:00,30.72,45.41,82.3,-58.7,v1.5.0,online,fair
AH-00108,2026-07-01 06:22:00,25.63,43.49,57.6,-65.1,v2.0.1,online,good
AH-00076,2026-07-01 06:23:00,31.06,46.95,76.0,-69.8,v2.0.1,offline,poor
AH-00133,2026-07-01 06:25:00,,42.52,95.8,-70.5,v2.0.1,offline,poor
AH-00084,2026-07-01 06:26:00,24.94,45.23,69.4,-63.0,v2.1.0,offline,good
AH-00084,2026-07-01 06:28:00,22.84,53.23,100.0,-62.4,v1.5.0,offline,good
AH-00031,2026-07-01 06:28:00,23.17,39.86,79.4,-66.0,v1.5.0,maintenance,good
AH-00157,2026-07-01 06:29:00,25.47,38.79,71.3,-62.8,v2.1.0,offline,good
AH-00178,2026-07-01 06:30:00,31.42,40.41,65.8,-52.3,v2.0.1,online,good
AH-00036,2026-07-01 06:30:00,32.87,56.4,91.8,-70.3,v1.5.0,online,good
AH-00055,2026-07-01 06:31:00,28.59,58.37,90.9,-55.8,v2.0.1,online,fair
AH-00026,2026-07-01 06:31:00,26.67,43.17,84.5,-55.1,v1.5.0,online,fair
AH-00150,2026-07-01 06:32:00,26.56,51.72,71.6,-79.8,v2.0.1,online,poor
AH-00137,2026-07-01 06:32:00,27.88,40.68,98.2,-65.0,v2.0.1,online,good
AH-00051,2026-07-01 06:33:00,28.82,50.34,72.9,-62.8,v2.1.0,online,good
AH-00059,2026-07-01 06:35:00,26.06,28.0,82.4,-54.2,v2.1.0,online,good
AH-00118,2026-07-01 06:36:00,,51.61,73.0,-52.8,v2.1.0,online,good
AH-00051,2026-07-01 06:36:00,27.54,28.42,91.0,-69.3,v2.0.1,online,good
AH-00166,2026-07-01 06:36:00,29.77,50.27,73.9,-57.5,v2.0.1,online,good
AH-00084,2026-07-01 06:36:00,24.42,,95.0,-72.1,v2.1.0,online,good
AH-00162,2026-07-01 06:37:00,26.83,41.99,58.7,-53.3,v2.0.1,online,good
AH-00121,2026-07-01 06:37:00,23.45,53.44,100.0,-68.6,v2.1.0,online,good
AH-00119,2026-07-01 06:38:00,29.51,43.34,66.9,-51.1,v2.0.1,maintenance,good
AH-00108,2026-07-01 06:38:00,24.16,46.29,73.2,-60.6,v1.4.2,offline,good
AH-00008,2026-07-01 06:40:00,26.99,49.02,74.5,-49.5,v1.4.2,online,fair
AH-00185,2026-07-01 06:41:00,25.22,50.83,77.9,-64.4,v1.5.0,online,good
AH-00139,2026-07-01 06:41:00,23.99,34.76,-7.3,-69.3,v2.1.0,online,fair
AH-00157,2026-07-01 06:42:00,32.41,,65.7,-67.1,v1.5.0,online,fair
AH-00052,2026-07-01 06:45:00,26.13,40.45,71.6,-57.6,v2.0.1,online,good
AH-00144,2026-07-01 06:46:00,,,72.1,-67.4,v1.5.0,online,good
AH-00008,2026-07-01 06:47:00,33.32,47.95,73.1,-65.9,v2.1.0,online,poor
AH-00084,2026-07-01 06:47:00,32.61,43.16,94.5,-57.1,v2.1.0,online,good
AH-00011,2026-07-01 06:49:00,26.21,,73.3,-67.7,v1.5.0,online,good
AH-00194,2026-07-01 06:52:00,24.7,48.22,100.0,-58.1,v2.1.0,online,fair
AH-00053,2026-07-01 06:52:00,31.2,45.75,59.8,-46.7,v2.0.1,online,fair
AH-00191,2026-07-01 06:55:00,23.74,37.58,98.9,-47.1,v2.0.1,online,good
AH-00132,2026-07-01 06:56:00,,42.57,76.0,-40.6,v1.5.0,online,fair
AH-00088,2026-07-01 06:58:00,23.78,34.59,68.8,-68.6,v2.0.1,online,good
AH-00100,2026-07-01 06:58:00,26.73,31.35,82.9,-59.4,v2.1.0,online,poor
AH-00120,2026-07-01 06:59:00,31.48,44.72,64.8,-78.5,v1.5.0,online,good
AH-00028,2026-07-01 06:59:00,28.42,41.18,92.7,-66.4,v2.0.1,online,good
AH-00152,2026-07-01 07:00:00,25.44,41.28,78.3,-73.3,v2.1.0,maintenance,good
AH-00025,2026-07-01 07:01:00,25.08,42.69,70.6,-60.6,v2.0.1,online,good
AH-00150,2026-07-01 07:03:00,25.26,38.29,87.5,-65.3,v2.1.0,maintenance,good
AH-00021,2026-07-01 07:03:00,24.55,,82.1,-66.7,v2.1.0,online,poor
AH-00076,2026-07-01 07:07:00,,45.91,71.7,-50.5,v2.0.1,online,poor
AH-00153,2026-07-01 07:08:00,30.64,60.42,87.2,-86.8,v2.1.0,online,good
AH-00161,2026-07-01 07:09:00,29.93,31.34,56.2,-73.3,v2.0.1,online,good
AH-00184,2026-07-01 07:09:00,32.86,48.38,56.9,-77.3,v2.0.1,online,good
AH-00179,2026-07-01 07:09:00,24.86,54.75,88.0,-64.7,v2.0.1,online,good
AH-00193,2026-07-01 07:10:00,28.74,49.83,93.9,-54.5,v2.1.0,online,fair
AH-00072,2026-07-01 07:10:00,26.51,52.34,74.1,-63.9,v2.1.0,maintenance,good
AH-00144,2026-07-01 07:12:00,33.08,38.3,86.4,-66.5,v2.1.0,maintenance,fair
AH-00078,2026-07-01 07:12:00,28.24,54.36,85.9,-57.0,v1.4.2,online,good
AH-00117,2026-07-01 07:14:00,27.73,41.57,81.6,-54.4,v1.5.0,online,good
AH-00081,2026-07-01 07:14:00,,32.67,87.6,-61.5,v2.1.0,maintenance,good
AH-00188,2026-07-01 07:15:00,25.07,43.72,85.7,-64.0,v2.1.0,online,good
AH-00139,2026-07-01 07:15:00,30.23,,97.6,-62.6,v2.1.0,online,good
AH-00147,2026-07-01 07:16:00,34.46,,59.6,-54.6,v1.4.2,offline,poor
AH-00061,2026-07-01 07:17:00,24.34,45.66,64.1,-66.1,v2.0.1,online,good
AH-00176,2026-07-01 07:19:00,,41.33,65.4,-63.5,v2.1.0,offline,fair
AH-00120,2026-07-01 07:19:00,29.07,49.64,82.1,-54.9,v2.1.0,online,good
AH-00002,2026-07-01 07:19:00,26.6,44.26,70.8,-69.0,v2.1.0,online,good
AH-00040,2026-07-01 07:21:00,29.66,122.66,86.9,-73.4,v2.0.1,online,fair
AH-00051,2026-07-01 07:23:00,29.85,123.53,71.1,-57.7,v1.5.0,online,good
AH-00136,2026-07-01 07:25:00,29.86,40.81,72.8,-59.1,v2.0.1,online,good
AH-00061,2026-07-01 07:26:00,,27.48,69.7,-60.4,v2.0.1,online,good
AH-00078,2026-07-01 07:28:00,32.26,39.92,92.6,-61.1,v2.1.0,online,good
AH-00071,2026-07-01 07:29:00,23.78,51.58,63.5,-71.8,v2.0.1,online,good
AH-00194,2026-07-01 07:29:00,28.07,44.12,59.7,-63.6,v2.0.1,maintenance,good
AH-00119,2026-07-01 07:30:00,,51.84,74.2,-54.6,v2.0.1,online,fair
AH-00116,2026-07-01 07:30:00,24.74,36.58,91.5,-56.3,v2.1.0,online,poor
AH-00110,2026-07-01 07:30:00,25.35,52.49,85.9,-56.8,v2.0.1,online,good
AH-00043,2026-07-01 07:30:00,31.27,55.92,100.0,-76.1,v1.5.0,maintenance,good
AH-00068,2026-07-01 07:30:00,25.83,47.22,69.2,-63.6,v1.5.0,online,good
AH-00193,2026-07-01 07:31:00,28.66,39.62,82.9,-63.0,v2.0.1,online,good
AH-00022,2026-07-01 07:32:00,26.24,43.71,90.6,-68.8,v2.0.1,online,good
AH-00127,2026-07-01 07:32:00,29.53,45.34,68.9,-47.9,v2.0.1,offline,good
AH-00064,2026-07-01 07:36:00,27.63,45.15,47.1,-53.3,v1.5.0,offline,good
AH-00174,2026-07-01 07:39:00,,47.51,65.6,-55.3,v2.1.0,online,good
AH-00090,2026-07-01 07:40:00,26.56,35.61,95.6,-53.3,v2.0.1,online,poor
AH-00015,2026-07-01 07:40:00,30.98,45.79,75.1,-69.1,v1.5.0,online,good
AH-00169,2026-07-01 07:41:00,34.9,43.45,71.8,-55.8,v1.5.0,maintenance,fair
AH-00153,2026-07-01 07:41:00,29.18,41.18,59.1,-68.9,v2.0.1,online,good
AH-00126,2026-07-01 07:42:00,,41.28,80.6,-65.2,v2.1.0,online,poor
AH-00058,2026-07-01 07:44:00,20.65,33.76,81.2,-56.0,v2.0.1,online,good
AH-00025,2026-07-01 07:44:00,27.25,44.99,68.4,-56.4,v1.5.0,offline,fair
AH-00094,2026-07-01 07:44:00,,53.4,91.2,-54.7,v2.0.1,online,good
AH-00029,2026-07-01 07:46:00,28.81,45.1,90.9,-63.6,v2.1.0,online,good
AH-00007,2026-07-01 07:47:00,26.67,39.93,65.3,-44.2,v1.5.0,online,good
AH-00005,2026-07-01 07:49:00,29.49,40.06,61.6,-62.5,v1.5.0,offline,good
AH-00046,2026-07-01 07:50:00,32.38,54.71,89.7,-62.4,v2.0.1,online,good
AH-00104,2026-07-01 07:50:00,20.51,46.08,92.9,-49.6,v2.1.0,maintenance,good
AH-00186,2026-07-01 07:51:00,,120.63,68.7,-61.4,v2.0.1,online,fair
AH-00056,2026-07-01 07:52:00,30.92,45.56,73.0,-63.7,v2.1.0,online,fair
AH-00136,2026-07-01 07:52:00,29.73,51.07,73.3,-55.4,v2.1.0,online,poor
AH-00111,2026-07-01 07:52:00,27.78,56.66,82.6,-67.6,v2.1.0,online,good
AH-00115,2026-07-01 07:54:00,23.56,30.35,95.9,-77.3,v2.1.0,online,good
AH-00116,2026-07-01 07:55:00,,40.76,93.5,-70.2,v2.0.1,online,good
AH-00178,2026-07-01 07:55:00,27.72,39.27,74.6,-55.9,v1.5.0,online,poor
AH-00120,2026-07-01 07:57:00,24.64,40.83,88.3,-73.7,v1.5.0,online,good
AH-00116,2026-07-01 07:58:00,33.87,43.46,86.2,-76.8,v1.5.0,online,good
AH-00140,2026-07-01 08:00:00,28.72,41.79,78.5,-57.5,v2.1.0,online,good
AH-00047,2026-07-01 08:00:00,32.06,43.26,85.0,-63.8,v2.0.1,online,good
AH-00087,2026-07-01 08:02:00,25.24,56.33,73.6,-59.9,v2.0.1,offline,fair
AH-00181,2026-07-01 08:03:00,29.82,43.11,66.5,-67.4,v2.0.1,offline,good
AH-00075,2026-07-01 08:04:00,,34.81,68.0,-67.4,v2.1.0,online,good
AH-00165,2026-07-01 08:04:00,26.27,60.59,49.3,-62.3,v2.0.1,offline,fair
AH-00061,2026-07-01 08:06:00,29.6,51.91,79.2,-67.7,v2.0.1,online,good
AH-00133,2026-07-01 08:07:00,33.3,,66.8,-56.8,v2.1.0,offline,fair
AH-00132,2026-07-01 08:08:00,27.2,45.27,73.5,-65.5,v2.1.0,online,good
AH-00116,2026-07-01 08:08:00,29.51,74.06,75.8,-63.5,v2.0.1,online,good
AH-00179,2026-07-01 08:08:00,29.69,56.53,84.8,-62.7,v2.1.0,online,good
AH-00008,2026-07-01 08:10:00,,43.91,74.1,-57.4,v2.0.1,online,good
AH-00010,2026-07-01 08:10:00,32.78,37.06,83.5,-59.1,v2.0.1,online,fair
AH-00051,2026-07-01 08:11:00,26.89,112.18,59.2,-73.2,v2.1.0,online,poor
AH-00068,2026-07-01 08:11:00,,39.74,86.6,-61.1,v2.0.1,maintenance,good
AH-00083,2026-07-01 08:11:00,29.38,50.45,78.9,-50.8,v1.5.0,online,good
AH-00147,2026-07-01 08:12:00,30.21,39.12,91.6,-53.6,v2.1.0,online,good
AH-00114,2026-07-01 08:13:00,18.72,46.46,60.3,-68.5,v2.0.1,online,good
AH-00125,2026-07-01 08:14:00,27.19,46.39,59.2,-56.4,v2.0.1,offline,good
AH-00114,2026-07-01 08:15:00,34.34,41.83,78.2,-75.8,v1.5.0,online,good
AH-00145,2026-07-01 08:15:00,35.54,39.8,76.9,-59.1,v2.1.0,online,good
AH-00026,2026-07-01 08:15:00,27.55,31.62,52.0,-53.8,v1.5.0,online,good
AH-00103,2026-07-01 08:17:00,25.67,38.31,85.4,-77.3,v2.0.1,maintenance,good
AH-00091,2026-07-01 08:19:00,30.72,42.72,87.5,-63.7,v1.5.0,offline,good
AH-00081,2026-07-01 08:20:00,22.31,52.92,75.2,-69.4,v2.0.1,offline,poor
AH-00107,2026-07-01 08:23:00,24.7,44.99,62.2,-65.3,v2.0.1,online,good
AH-00199,2026-07-01 08:23:00,30.35,43.08,83.2,-58.8,v2.1.0,online,good
AH-00039,2026-07-01 08:25:00,31.03,109.0,69.1,-66.6,v2.1.0,online,good
AH-00169,2026-07-01 08:25:00,28.72,49.2,77.8,-66.5,v1.4.2,online,good
AH-00131,2026-07-01 08:27:00,22.99,,92.7,-62.2,v1.5.0,online,good
AH-00161,2026-07-01 08:27:00,26.19,40.76,71.8,-61.5,v2.0.1,maintenance,good
AH-00104,2026-07-01 08:29:00,30.61,33.31,84.6,-37.1,v2.1.0,online,good
AH-00160,2026-07-01 08:31:00,24.14,28.73,95.1,-72.9,v2.1.0,offline,fair
AH-00189,2026-07-01 08:32:00,22.91,48.69,81.4,-62.4,v2.1.0,online,poor
AH-00153,2026-07-01 08:32:00,23.89,49.75,77.6,-49.1,v1.5.0,online,good
AH-00171,2026-07-01 08:33:00,28.96,102.33,96.6,-55.0,v1.5.0,online,fair
AH-00077,2026-07-01 08:35:00,30.71,43.03,88.8,-80.1,v2.1.0,maintenance,good
AH-00085,2026-07-01 08:38:00,25.82,53.98,85.7,-53.1,v2.0.1,online,good
AH-00129,2026-07-01 08:41:00,27.66,44.75,66.7,-65.7,v1.5.0,online,fair
AH-00044,2026-07-01 08:42:00,33.13,30.02,75.5,-58.7,v2.1.0,online,poor
AH-00013,2026-07-01 08:42:00,34.99,48.2,64.3,-57.8,v1.5.0,maintenance,good
AH-00046,2026-07-01 08:43:00,,55.26,54.1,-71.8,v2.1.0,offline,good
AH-00140,2026-07-01 08:47:00,29.61,43.1,78.0,-68.7,v2.1.0,online,good
AH-00199,2026-07-01 08:48:00,28.01,35.3,87.7,-55.4,v2.1.0,online,fair
AH-00176,2026-07-01 08:49:00,28.52,47.19,75.6,-65.6,v1.5.0,offline,fair
AH-00091,2026-07-01 08:50:00,28.5,52.88,95.4,-61.7,v2.0.1,online,good
AH-00068,2026-07-01 08:51:00,27.68,55.93,85.4,-65.5,v1.5.0,online,good
AH-00113,2026-07-01 08:52:00,22.55,33.85,75.7,-73.2,v1.5.0,offline,good
AH-00095,2026-07-01 08:52:00,25.84,27.45,64.0,-60.4,v2.0.1,online,good
AH-00014,2026-07-01 08:53:00,33.42,47.69,85.5,-64.7,v2.0.1,online,good
AH-00024,2026-07-01 08:56:00,28.16,46.44,89.9,-47.9,v2.0.1,online,good
AH-00121,2026-07-01 08:57:00,,45.0,79.5,-59.4,v1.5.0,offline,good
AH-00035,2026-07-01 08:57:00,29.08,35.64,79.5,-53.5,v2.0.1,online,good
AH-00171,2026-07-01 08:57:00,28.34,53.87,88.8,-65.4,v2.0.1,online,fair
AH-00109,2026-07-01 09:00:00,32.04,34.93,83.6,-60.2,v2.0.1,online,fair
AH-00021,2026-07-01 09:00:00,26.9,109.29,84.9,-60.3,v1.4.2,online,good
AH-00047,2026-07-01 09:04:00,27.68,52.24,63.0,-62.5,v1.4.2,online,good
AH-00084,2026-07-01 09:04:00,33.47,52.83,83.3,-66.9,v2.1.0,online,good
AH-00127,2026-07-01 09:04:00,,53.71,76.5,-52.5,v2.0.1,online,good
AH-00052,2026-07-01 09:05:00,22.22,33.21,81.8,-50.0,v2.0.1,maintenance,good
AH-00098,2026-07-01 09:05:00,27.43,47.11,51.4,-69.7,v2.0.1,online,good
AH-00036,2026-07-01 09:06:00,25.3,36.29,95.0,-74.5,v2.0.1,online,good
AH-00001,2026-07-01 09:09:00,31.5,42.53,81.1,-71.3,v2.1.0,online,fair
AH-00190,2026-07-01 09:12:00,27.45,55.35,86.3,-59.6,v2.1.0,maintenance,good
AH-00170,2026-07-01 09:13:00,34.89,46.24,85.4,-57.4,v2.0.1,online,good
AH-00024,2026-07-01 09:13:00,33.06,40.49,59.5,-56.5,v2.1.0,offline,good
AH-00075,2026-07-01 09:15:00,20.92,45.17,94.7,-70.7,v2.1.0,online,good
AH-00063,2026-07-01 09:15:00,28.53,41.34,75.8,-57.8,v2.0.1,online,fair
AH-00099,2026-07-01 09:16:00,35.45,46.91,65.2,-56.5,v2.0.1,online,good
AH-00178,2026-07-01 09:16:00,25.81,46.3,85.2,-59.2,v2.0.1,online,poor
AH-00114,2026-07-01 09:16:00,28.66,46.49,68.1,-56.0,v2.1.0,offline,good
AH-00037,2026-07-01 09:17:00,35.77,,100.0,-75.4,v1.5.0,online,good
AH-00174,2026-07-01 09:17:00,27.08,37.32,77.3,-58.9,v1.5.0,offline,good
AH-00057,2026-07-01 09:19:00,,37.06,75.2,-66.1,v1.5.0,online,good
AH-00140,2026-07-01 09:19:00,30.45,,75.5,-60.8,v2.0.1,maintenance,good
AH-00132,2026-07-01 09:19:00,30.1,,71.2,-60.5,v2.0.1,online,poor
AH-00112,2026-07-01 09:19:00,33.06,42.39,88.9,-66.5,v2.1.0,offline,poor
AH-00148,2026-07-01 09:20:00,27.17,54.56,83.0,-60.4,v2.1.0,online,fair
AH-00188,2026-07-01 09:20:00,27.32,47.92,89.0,-82.7,v2.1.0,online,good
AH-00105,2026-07-01 09:23:00,27.71,46.44,69.8,-70.4,v2.1.0,online,poor
AH-00043,2026-07-01 09:24:00,34.61,48.03,61.2,-45.9,v1.5.0,online,poor
AH-00126,2026-07-01 09:24:00,20.25,37.29,82.3,-64.3,v2.0.1,offline,good
AH-00116,2026-07-01 09:27:00,30.16,30.57,82.4,-62.7,v1.5.0,online,good
AH-00062,2026-07-01 09:28:00,,46.87,75.7,-56.8,v2.0.1,online,good
AH-00145,2026-07-01 09:28:00,29.08,46.9,70.9,-64.4,v2.1.0,online,poor
AH-00103,2026-07-01 09:28:00,28.18,28.29,77.2,-56.7,v2.0.1,online,fair
AH-00178,2026-07-01 09:29:00,28.43,42.87,90.5,-57.2,v2.0.1,offline,good
AH-00089,2026-07-01 09:30:00,28.91,,100.0,-48.3,v2.0.1,online,good
AH-00106,2026-07-01 09:33:00,33.29,42.67,73.3,-66.9,v1.4.2,online,good
AH-00069,2026-07-01 09:33:00,27.54,,93.5,-64.6,v1.5.0,maintenance,poor
AH-00032,2026-07-01 09:33:00,27.22,60.62,54.8,-66.6,v2.1.0,online,good
AH-00175,2026-07-01 09:33:00,33.47,64.17,90.0,-58.8,v2.0.1,online,good
AH-00111,2026-07-01 09:36:00,32.95,42.21,60.3,-59.6,v2.0.1,online,fair
AH-00133,2026-07-01 09:39:00,24.79,40.12,78.8,-68.5,v2.0.1,online,fair
AH-00008,2026-07-01 09:39:00,,58.79,89.5,-68.4,v2.0.1,online,fair
AH-00034,2026-07-01 09:41:00,20.55,,75.6,-65.0,v2.1.0,online,poor
AH-00103,2026-07-01 09:41:00,29.08,103.8,68.3,-67.8,v2.1.0,online,fair
AH-00177,2026-07-01 09:41:00,,57.57,93.6,-56.7,v2.0.1,online,fair
AH-00023,2026-07-01 09:42:00,32.14,43.75,94.4,-70.5,v2.0.1,online,good
AH-00017,2026-07-01 09:43:00,22.09,41.76,88.3,-60.5,v2.0.1,online,good
AH-00178,2026-07-01 09:43:00,23.74,42.01,72.7,-56.8,v2.0.1,online,good
AH-00081,2026-07-01 09:43:00,27.0,37.17,81.7,-52.5,v1.5.0,online,good
AH-00015,2026-07-01 09:45:00,29.1,,65.5,-51.6,v2.0.1,online,good
AH-00122,2026-07-01 09:46:00,33.29,31.21,69.4,-53.4,v2.0.1,online,good
AH-00151,2026-07-01 09:47:00,23.29,44.76,63.1,-68.8,v2.0.1,online,poor
AH-00046,2026-07-01 09:47:00,35.03,60.38,97.3,-63.6,v2.0.1,online,good
AH-00081,2026-07-01 09:47:00,32.46,56.75,85.9,-73.5,v2.0.1,online,good
AH-00139,2026-07-01 09:49:00,23.72,31.32,78.8,-48.4,v1.5.0,online,good
AH-00100,2026-07-01 09:50:00,27.14,39.58,83.8,-67.0,v2.1.0,online,good
AH-00098,2026-07-01 09:52:00,25.39,30.22,62.0,-69.9,v2.1.0,online,good
AH-00080,2026-07-01 09:52:00,28.06,49.15,75.0,-65.9,v2.0.1,online,good
AH-00197,2026-07-01 09:52:00,27.87,107.98,81.9,-68.7,v1.5.0,offline,good
AH-00155,2026-07-01 09:53:00,25.65,38.46,77.5,-75.7,v2.0.1,online,fair
AH-00091,2026-07-01 09:54:00,28.16,35.98,82.4,-76.4,v1.5.0,online,good
AH-00154,2026-07-01 09:54:00,27.7,42.79,87.7,-65.5,v2.0.1,online,poor
AH-00132,2026-07-01 09:55:00,25.93,42.39,95.2,-51.8,v2.1.0,online,good
AH-00099,2026-07-01 09:55:00,,,50.7,-54.0,v2.1.0,online,good
AH-00142,2026-07-01 09:55:00,30.2,45.15,82.2,-59.3,v1.4.2,online,good
AH-00120,2026-07-01 09:56:00,,43.08,86.8,-65.0,v2.0.1,online,good
AH-00096,2026-07-01 09:57:00,33.9,,50.3,-51.2,v2.0.1,online,good
AH-00014,2026-07-01 09:57:00,26.62,41.08,76.1,-68.2,v1.5.0,online,good
AH-00151,2026-07-01 09:59:00,,,88.9,-62.9,v1.4.2,offline,fair
AH-00036,2026-07-01 10:00:00,22.53,37.39,76.2,-65.7,v2.0.1,online,good
AH-00096,2026-07-01 10:01:00,28.59,44.3,69.1,-72.4,v2.0.1,online,good
AH-00065,2026-07-01 10:01:00,25.6,105.15,86.3,-68.8,v2.0.1,online,good
AH-00067,2026-07-01 10:02:00,26.7,39.48,87.9,-73.7,v2.0.1,online,good
AH-00052,2026-07-01 10:04:00,23.84,35.23,90.9,-66.4,v2.1.0,offline,fair
AH-00112,2026-07-01 10:07:00,27.75,42.18,90.6,-51.3,v1.4.2,offline,good
AH-00043,2026-07-01 10:08:00,33.05,32.62,97.2,-68.6,v2.0.1,online,good
AH-00008,2026-07-01 10:09:00,26.36,50.91,81.4,-63.8,v1.5.0,offline,good
AH-00049,2026-07-01 10:11:00,27.2,43.44,77.4,-58.4,v2.0.1,online,good
AH-00017,2026-07-01 10:12:00,31.17,43.98,100.0,-62.4,v2.0.1,online,good
AH-00007,2026-07-01 10:12:00,26.11,55.59,84.9,-63.3,v1.5.0,online,fair
AH-00096,2026-07-01 10:13:00,,48.63,77.1,-67.4,v2.1.0,online,good
AH-00151,2026-07-01 10:13:00,30.58,37.27,-6.3,-65.5,v1.5.0,offline,good
AH-00018,2026-07-01 10:14:00,28.97,34.33,63.4,-55.3,v1.5.0,online,good
AH-00039,2026-07-01 10:17:00,29.66,45.45,90.0,-72.1,v2.0.1,online,good
AH-00103,2026-07-01 10:18:00,27.67,48.97,73.1,-61.0,v2.1.0,online,fair
AH-00051,2026-07-01 10:19:00,28.75,49.17,64.1,-80.7,v2.0.1,offline,good
AH-00008,2026-07-01 10:20:00,25.66,58.32,90.8,-59.3,v2.1.0,online,fair
AH-00112,2026-07-01 10:21:00,33.74,62.01,92.7,-59.6,v1.5.0,online,good
AH-00010,2026-07-01 10:21:00,24.31,,72.1,-71.4,v1.5.0,online,good
AH-00186,2026-07-01 10:21:00,28.1,44.42,74.5,-58.0,v2.0.1,offline,good
AH-00180,2026-07-01 10:23:00,24.49,,67.9,-65.8,v2.1.0,online,good
AH-00016,2026-07-01 10:23:00,32.96,37.51,86.7,-62.5,v1.5.0,online,good
AH-00006,2026-07-01 10:24:00,31.15,41.12,91.6,-65.4,v2.0.1,maintenance,good
AH-00057,2026-07-01 10:25:00,24.06,58.28,84.2,-62.9,v2.1.0,online,good
AH-00091,2026-07-01 10:26:00,30.48,43.41,72.0,-56.4,v2.0.1,offline,good
AH-00188,2026-07-01 10:28:00,24.3,55.58,78.2,-58.5,v2.0.1,online,good
AH-00109,2026-07-01 10:28:00,31.69,32.01,-7.0,-46.7,v2.0.1,online,fair
AH-00098,2026-07-01 10:28:00,,46.84,66.3,-83.7,v1.5.0,online,poor
AH-00094,2026-07-01 10:29:00,24.46,33.54,55.1,-63.1,v1.4.2,online,good
AH-00109,2026-07-01 10:29:00,31.71,,76.1,-60.7,v2.1.0,online,good
AH-00139,2026-07-01 10:35:00,34.11,,72.7,-59.5,v1.5.0,online,good
AH-00081,2026-07-01 10:36:00,21.36,47.04,62.7,-71.9,v2.0.1,online,poor
AH-00169,2026-07-01 10:36:00,24.33,35.51,78.8,-65.9,v1.5.0,online,fair
AH-00171,2026-07-01 10:38:00,25.25,49.69,61.6,-37.9,v2.0.1,online,good
AH-00139,2026-07-01 10:38:00,32.62,48.48,79.1,-57.0,v2.1.0,online,good
AH-00103,2026-07-01 10:38:00,30.44,39.5,76.3,-68.6,v2.1.0,online,good
AH-00136,2026-07-01 10:40:00,24.14,45.62,79.1,-52.2,v2.0.1,offline,good
AH-00009,2026-07-01 10:41:00,23.01,43.31,78.9,-76.1,v1.4.2,online,fair
AH-00123,2026-07-01 10:41:00,,47.48,64.1,-64.5,v1.5.0,online,poor
AH-00038,2026-07-01 10:41:00,36.61,40.06,85.3,-56.0,v2.0.1,online,good
AH-00008,2026-07-01 10:45:00,29.31,53.61,77.4,-65.9,v2.1.0,online,poor
AH-00193,2026-07-01 10:49:00,28.49,43.08,72.7,-61.0,v2.0.1,online,poor
AH-00021,2026-07-01 10:49:00,32.17,55.04,89.4,-63.9,v2.1.0,online,good
AH-00091,2026-07-01 10:51:00,24.05,30.19,81.8,-51.6,v1.5.0,online,fair
AH-00118,2026-07-01 10:52:00,25.32,52.05,64.3,-75.7,v2.0.1,online,good
AH-00086,2026-07-01 10:52:00,,46.62,83.7,-53.9,v2.0.1,online,good
AH-00129,2026-07-01 10:54:00,29.85,,95.3,-54.0,v1.5.0,maintenance,good
AH-00159,2026-07-01 10:55:00,27.23,46.74,71.9,-67.9,v1.5.0,online,good
AH-00168,2026-07-01 10:55:00,30.18,45.69,71.4,-61.6,v2.0.1,online,fair
AH-00152,2026-07-01 10:55:00,27.79,31.57,100.0,-71.4,v2.1.0,online,fair
AH-00055,2026-07-01 10:56:00,32.04,44.79,71.0,-63.9,v2.0.1,online,good
AH-00051,2026-07-01 10:56:00,32.27,31.91,76.9,-63.1,v2.0.1,online,good
AH-00052,2026-07-01 10:57:00,25.4,32.39,89.4,-63.7,v1.4.2,maintenance,good
AH-00009,2026-07-01 10:58:00,34.07,38.6,86.3,-63.6,v1.4.2,online,fair
AH-00156,2026-07-01 10:58:00,34.94,42.54,68.9,-68.6,v2.0.1,online,good
AH-00094,2026-07-01 10:59:00,30.41,45.76,100.0,-61.7,v1.5.0,online,fair
AH-00163,2026-07-01 10:59:00,27.63,,74.0,-57.7,v2.0.1,online,good
AH-00091,2026-07-01 10:59:00,28.22,41.06,84.3,-74.8,v2.1.0,offline,good
AH-00154,2026-07-01 11:00:00,28.98,43.45,61.5,-64.1,v2.0.1,online,poor
AH-00058,2026-07-01 11:01:00,26.15,,88.7,-74.0,v2.0.1,maintenance,good
AH-00079,2026-07-01 11:03:00,26.88,61.79,85.0,-45.8,v2.1.0,online,good
AH-00199,2026-07-01 11:04:00,32.04,52.43,67.1,-56.9,v2.1.0,online,good
AH-00068,2026-07-01 11:06:00,26.72,48.25,72.4,-60.3,v2.0.1,online,fair
AH-00070,2026-07-01 11:07:00,,50.72,-3.6,-58.8,v1.5.0,offline,good
AH-00141,2026-07-01 11:08:00,,35.21,80.9,-62.2,v2.0.1,online,good
AH-00116,2026-07-01 11:12:00,33.3,48.39,77.7,-73.9,v2.0.1,online,good
AH-00083,2026-07-01 11:13:00,32.78,39.47,69.5,-72.1,v2.0.1,offline,fair
AH-00072,2026-07-01 11:13:00,31.14,47.51,66.5,-60.6,v2.0.1,online,good
AH-00170,2026-07-01 11:14:00,29.77,44.77,81.0,-63.9,v2.0.1,online,good
AH-00065,2026-07-01 11:15:00,25.86,53.09,79.3,-66.5,v2.0.1,online,poor
AH-00120,2026-07-01 11:15:00,23.73,54.1,65.5,-63.4,v2.0.1,online,good
AH-00090,2026-07-01 11:16:00,29.39,33.04,71.0,-61.2,v2.0.1,online,good
AH-00057,2026-07-01 11:17:00,25.97,48.21,64.5,-59.5,v2.0.1,offline,fair
AH-00079,2026-07-01 11:17:00,34.37,41.59,92.3,-63.0,v2.0.1,online,good
AH-00183,2026-07-01 11:17:00,,43.35,92.4,-52.2,v2.1.0,online,good
AH-00153,2026-07-01 11:17:00,32.61,48.33,72.4,-55.7,v1.5.0,online,good
AH-00090,2026-07-01 11:18:00,26.44,49.28,84.9,-61.5,v2.0.1,online,fair
AH-00127,2026-07-01 11:23:00,28.64,35.09,61.9,-47.6,v2.0.1,online,good
AH-00036,2026-07-01 11:24:00,30.74,43.65,75.9,-62.7,v2.0.1,offline,good
AH-00164,2026-07-01 11:24:00,23.46,51.46,65.2,-52.5,v2.0.1,online,fair
AH-00077,2026-07-01 11:25:00,33.46,47.01,78.2,-81.3,v1.5.0,online,good
AH-00167,2026-07-01 11:26:00,28.34,41.78,89.0,-70.2,v2.0.1,maintenance,good
AH-00133,2026-07-01 11:26:00,27.05,38.56,91.5,-61.6,v1.5.0,online,good
AH-00198,2026-07-01 11:26:00,31.98,45.21,-7.6,-56.1,v1.5.0,online,fair
AH-00088,2026-07-01 11:26:00,30.15,42.4,80.2,-60.7,v1.4.2,online,good
AH-00161,2026-07-01 11:26:00,31.66,42.98,89.0,-55.9,v1.5.0,online,poor
AH-00196,2026-07-01 11:26:00,29.77,41.12,52.6,-60.9,v2.0.1,online,fair
AH-00053,2026-07-01 11:26:00,33.25,52.2,77.4,-58.6,v2.0.1,online,good
AH-00174,2026-07-01 11:28:00,25.29,49.4,86.9,-63.0,v2.0.1,online,poor
AH-00194,2026-07-01 11:28:00,31.17,118.44,54.4,-66.4,v2.0.1,online,good
AH-00032,2026-07-01 11:28:00,27.59,60.3,100.0,-57.5,v2.0.1,online,good
AH-00037,2026-07-01 11:29:00,28.57,46.98,66.6,-45.8,v2.1.0,online,fair
AH-00129,2026-07-01 11:29:00,32.56,43.11,82.4,-66.5,v2.1.0,online,poor
AH-00112,2026-07-01 11:30:00,30.75,30.28,75.0,-57.9,v2.0.1,online,poor
AH-00111,2026-07-01 11:31:00,21.69,37.77,57.1,-66.3,v2.1.0,online,good
AH-00117,2026-07-01 11:31:00,22.02,35.74,78.4,-42.1,v2.1.0,maintenance,good
AH-00043,2026-07-01 11:32:00,35.33,48.35,79.2,-67.7,v2.0.1,online,good
AH-00156,2026-07-01 11:34:00,27.64,,98.8,-56.2,v2.0.1,online,good
AH-00194,2026-07-01 11:34:00,25.94,42.61,97.2,-59.7,v2.0.1,online,good
AH-00077,2026-07-01 11:35:00,31.27,41.07,81.6,-71.5,v2.0.1,online,good
AH-00153,2026-07-01 11:35:00,33.97,43.53,69.0,-64.6,v2.0.1,online,good
AH-00139,2026-07-01 11:36:00,28.3,48.71,83.2,-70.7,v2.0.1,online,good
AH-00197,2026-07-01 11:37:00,25.09,58.66,64.9,-49.9,v1.5.0,maintenance,good
AH-00077,2026-07-01 11:38:00,30.05,49.77,73.0,-61.3,v2.0.1,online,good
AH-00137,2026-07-01 11:40:00,26.19,53.33,89.6,-58.9,v2.1.0,online,fair
AH-00188,2026-07-01 11:40:00,26.79,59.08,89.8,-51.7,v1.4.2,offline,fair
AH-00065,2026-07-01 11:42:00,27.73,30.07,79.0,-51.9,v1.4.2,online,good
AH-00142,2026-07-01 11:43:00,27.13,39.5,69.2,-55.3,v1.4.2,offline,poor
AH-00136,2026-07-01 11:43:00,23.42,51.69,85.0,-59.4,v2.1.0,online,good
AH-00195,2026-07-01 11:43:00,32.77,42.38,76.7,-65.5,v2.1.0,online,good
AH-00039,2026-07-01 11:44:00,32.84,40.03,66.2,-64.6,v2.0.1,online,good
AH-00056,2026-07-01 11:44:00,25.62,47.07,46.2,-47.3,v2.1.0,online,good
AH-00154,2026-07-01 11:44:00,,42.52,95.8,-64.1,v2.1.0,offline,poor
AH-00046,2026-07-01 11:44:00,22.62,43.47,85.9,-61.8,v2.0.1,online,fair
AH-00011,2026-07-01 11:45:00,28.82,48.4,74.7,-62.4,v1.5.0,offline,good
AH-00052,2026-07-01 11:46:00,31.35,44.72,100.0,-56.7,v1.5.0,online,good
AH-00118,2026-07-01 11:47:00,19.35,53.27,64.0,-68.8,v1.4.2,offline,good
AH-00076,2026-07-01 11:49:00,26.23,52.52,76.0,-61.3,v2.1.0,online,good
AH-00060,2026-07-01 11:49:00,31.38,41.08,50.9,-64.6,v1.5.0,online,good
AH-00159,2026-07-01 11:54:00,25.38,47.85,98.9,-70.8,v2.0.1,online,good
AH-00078,2026-07-01 11:54:00,,46.93,76.0,-53.6,v1.5.0,online,good
AH-00191,2026-07-01 11:55:00,31.34,48.42,92.9,-63.8,v2.1.0,online,good
AH-00172,2026-07-01 11:55:00,27.8,42.51,75.6,-64.4,v2.1.0,online,good
AH-00139,2026-07-01 11:56:00,,123.23,84.0,-71.4,v2.1.0,online,fair
AH-00104,2026-07-01 11:59:00,27.55,28.85,77.8,-50.7,v2.0.1,online,good
AH-00068,2026-07-01 12:01:00,23.1,57.75,98.0,-44.7,v2.0.1,maintenance,good
AH-00053,2026-07-01 12:02:00,23.32,43.12,80.1,-53.8,v2.0.1,online,poor
AH-00004,2026-07-01 12:04:00,23.78,41.33,77.0,-57.6,v2.1.0,online,fair
AH-00149,2026-07-01 12:04:00,29.04,49.53,69.2,-53.6,v1.5.0,online,good
AH-00122,2026-07-01 12:05:00,,41.77,68.7,-58.4,v1.5.0,online,fair
AH-00019,2026-07-01 12:06:00,23.8,46.98,87.9,-44.6,v2.1.0,online,good
AH-00004,2026-07-01 12:06:00,28.68,55.56,78.9,-62.3,v2.1.0,maintenance,good
AH-00124,2026-07-01 12:09:00,30.27,38.01,81.0,-54.4,v1.4.2,online,fair
AH-00154,2026-07-01 12:11:00,23.93,58.82,92.0,-54.5,v2.0.1,online,fair
AH-00011,2026-07-01 12:11:00,34.5,126.47,63.9,-74.1,v1.4.2,online,good
AH-00179,2026-07-01 12:12:00,30.64,44.43,95.9,-64.6,v2.0.1,maintenance,good
AH-00138,2026-07-01 12:14:00,32.16,43.95,85.9,-63.6,v2.0.1,offline,poor
AH-00035,2026-07-01 12:16:00,26.98,51.63,64.2,-61.4,v2.1.0,maintenance,poor
AH-00067,2026-07-01 12:19:00,21.54,45.2,92.2,-53.4,v2.1.0,offline,good
AH-00166,2026-07-01 12:19:00,26.78,42.64,75.0,-47.0,v2.1.0,online,poor
AH-00185,2026-07-01 12:20:00,,39.12,73.3,-64.9,v2.0.1,online,good
AH-00142,2026-07-01 12:21:00,27.88,40.97,71.2,-65.1,v2.0.1,online,good
AH-00164,2026-07-01 12:22:00,29.21,45.91,66.2,-84.8,v2.0.1,online,good
AH-00107,2026-07-01 12:23:00,34.66,30.96,67.9,-55.1,v2.0.1,offline,good
AH-00161,2026-07-01 12:24:00,26.18,45.95,81.5,-77.1,v2.0.1,online,fair
AH-00098,2026-07-01 12:25:00,34.27,44.98,70.0,-56.4,v1.5.0,online,good
AH-00186,2026-07-01 12:26:00,24.54,46.83,72.2,-55.2,v2.0.1,maintenance,good
AH-00097,2026-07-01 12:26:00,25.22,54.72,71.5,-63.2,v2.0.1,online,good
AH-00177,2026-07-01 12:27:00,28.17,41.02,70.3,-65.8,v2.1.0,online,good
AH-00075,2026-07-01 12:29:00,28.4,,84.8,-61.5,v1.5.0,offline,good
AH-00145,2026-07-01 12:32:00,21.83,65.48,80.1,-66.9,v1.5.0,online,poor
AH-00092,2026-07-01 12:32:00,31.11,34.82,76.3,-60.3,v2.1.0,online,good
AH-00073,2026-07-01 12:32:00,24.14,54.96,90.7,-67.0,v1.5.0,online,good
AH-00063,2026-07-01 12:33:00,28.86,48.5,55.1,-40.2,v2.0.1,online,poor
AH-00129,2026-07-01 12:34:00,30.56,52.88,79.2,-54.8,v1.5.0,online,good
AH-00024,2026-07-01 12:36:00,32.5,41.58,73.5,-53.9,v2.1.0,online,good
AH-00193,2026-07-01 12:38:00,27.06,,61.5,-66.8,v2.0.1,online,good
AH-00150,2026-07-01 12:38:00,25.43,45.28,39.1,-69.5,v2.1.0,maintenance,good
AH-00107,2026-07-01 12:40:00,31.74,45.21,73.9,-68.2,v2.1.0,online,fair
AH-00110,2026-07-01 12:41:00,31.27,32.14,62.1,-51.9,v1.5.0,online,good
AH-00069,2026-07-01 12:42:00,28.48,51.83,82.1,-68.9,v2.0.1,maintenance,good
AH-00155,2026-07-01 12:42:00,32.68,39.2,65.2,-80.1,v1.5.0,online,good
AH-00001,2026-07-01 12:42:00,30.58,35.89,84.6,-45.7,v2.0.1,online,fair
AH-00070,2026-07-01 12:43:00,23.45,43.54,76.1,-56.9,v2.0.1,online,good
AH-00161,2026-07-01 12:44:00,26.04,51.38,90.3,-48.4,v2.0.1,maintenance,good
AH-00002,2026-07-01 12:44:00,23.86,50.46,88.3,-52.2,v1.5.0,offline,good
AH-00080,2026-07-01 12:47:00,22.68,61.54,57.9,-65.5,v2.0.1,online,good
AH-00028,2026-07-01 12:51:00,28.32,49.36,62.9,-68.8,v2.1.0,online,fair
AH-00081,2026-07-01 12:51:00,27.69,33.94,72.4,-44.8,v2.1.0,online,fair
AH-00021,2026-07-01 12:51:00,29.18,56.96,85.6,-59.7,v2.1.0,online,good
AH-00192,2026-07-01 12:52:00,28.9,32.46,75.2,-76.6,v2.1.0,online,good
AH-00120,2026-07-01 12:53:00,26.09,,83.5,-57.0,v1.5.0,offline,good
AH-00072,2026-07-01 12:54:00,25.88,38.34,62.9,-87.8,v2.1.0,online,good
AH-00103,2026-07-01 12:54:00,,26.81,72.4,-56.7,v2.0.1,online,poor
AH-00143,2026-07-01 12:54:00,26.57,44.93,61.2,-48.1,v1.4.2,offline,good
AH-00026,2026-07-01 12:58:00,27.67,35.1,89.0,-68.9,v2.0.1,online,good
AH-00100,2026-07-01 12:59:00,31.43,45.98,52.7,-56.7,v2.1.0,online,fair
AH-00046,2026-07-01 13:00:00,,37.47,73.8,-51.7,v2.1.0,online,good
AH-00101,2026-07-01 13:01:00,27.07,30.82,92.6,-63.5,v1.5.0,online,good
AH-00023,2026-07-01 13:02:00,31.13,39.46,71.3,-64.0,v2.0.1,online,good
AH-00086,2026-07-01 13:05:00,29.88,42.06,45.0,-67.8,v2.0.1,offline,fair
AH-00013,2026-07-01 13:07:00,21.69,61.87,73.0,-66.0,v1.5.0,online,good
AH-00042,2026-07-01 13:13:00,23.85,,89.4,-68.7,v1.5.0,online,good
AH-00176,2026-07-01 13:13:00,30.36,,60.9,-70.3,v2.1.0,maintenance,poor
AH-00144,2026-07-01 13:14:00,25.07,,67.5,-55.7,v1.5.0,offline,good
AH-00156,2026-07-01 13:14:00,31.01,40.65,86.2,-53.9,v2.1.0,offline,good
AH-00165,2026-07-01 13:15:00,33.5,46.81,70.1,-57.7,v1.5.0,online,good
AH-00162,2026-07-01 13:15:00,23.43,42.03,84.4,-70.0,v1.4.2,offline,good
AH-00027,2026-07-01 13:16:00,27.74,54.8,87.1,-54.5,v1.5.0,online,poor
AH-00034,2026-07-01 13:16:00,23.2,49.18,68.9,-60.6,v1.5.0,online,good
AH-00089,2026-07-01 13:17:00,32.25,53.78,52.7,-68.2,v2.1.0,online,good
AH-00082,2026-07-01 13:18:00,29.12,42.61,81.0,-57.2,v2.1.0,maintenance,fair
AH-00033,2026-07-01 13:18:00,22.75,35.69,91.4,-53.2,v2.1.0,online,good
AH-00084,2026-07-01 13:19:00,30.45,47.39,86.6,-53.5,v2.0.1,offline,fair
AH-00060,2026-07-01 13:22:00,20.81,46.1,86.1,-67.1,v1.5.0,online,good
AH-00200,2026-07-01 13:23:00,24.03,59.0,95.2,-45.9,v2.1.0,online,good
AH-00179,2026-07-01 13:25:00,28.68,53.81,51.8,-60.5,v2.0.1,online,fair
AH-00040,2026-07-01 13:25:00,25.45,49.55,90.5,-67.3,v2.1.0,online,good
AH-00162,2026-07-01 13:26:00,24.31,47.49,91.5,-49.2,v1.5.0,online,good
AH-00051,2026-07-01 13:27:00,29.76,40.97,79.3,-67.1,v2.0.1,offline,good
AH-00021,2026-07-01 13:27:00,21.84,42.67,71.9,-62.8,v2.0.1,online,good
AH-00047,2026-07-01 13:27:00,29.76,40.19,75.0,-63.3,v2.0.1,online,fair
AH-00129,2026-07-01 13:32:00,,55.97,49.6,-72.9,v2.1.0,online,fair
AH-00152,2026-07-01 13:34:00,29.87,48.21,92.3,-51.4,v1.5.0,online,poor
AH-00164,2026-07-01 13:35:00,26.46,51.04,68.7,-49.9,v2.0.1,online,good
AH-00029,2026-07-01 13:37:00,26.71,38.03,85.8,-46.0,v1.5.0,online,good
AH-00123,2026-07-01 13:38:00,33.72,36.84,75.9,-66.8,v2.0.1,online,poor
AH-00143,2026-07-01 13:39:00,29.92,51.85,91.2,-73.0,v2.0.1,online,good
AH-00187,2026-07-01 13:39:00,26.41,45.24,91.1,-68.5,v1.4.2,online,poor
AH-00123,2026-07-01 13:40:00,29.86,45.51,55.5,-77.8,v2.0.1,online,fair
AH-00030,2026-07-01 13:43:00,23.4,51.51,85.6,-65.1,v2.0.1,online,good
AH-00043,2026-07-01 13:43:00,31.21,44.66,86.0,-67.1,v2.0.1,online,fair
AH-00029,2026-07-01 13:43:00,28.2,113.19,80.1,-76.7,v2.0.1,online,fair
AH-00138,2026-07-01 13:44:00,24.55,44.1,84.7,-76.5,v2.0.1,online,good
AH-00071,2026-07-01 13:46:00,,45.24,92.8,-65.8,v2.0.1,online,good
AH-00136,2026-07-01 13:46:00,29.69,48.52,66.8,-65.2,v2.1.0,maintenance,fair
AH-00118,2026-07-01 13:48:00,33.62,,67.4,-53.4,v2.1.0,online,good
AH-00085,2026-07-01 13:48:00,25.45,42.49,64.9,-59.9,v2.0.1,online,good
AH-00171,2026-07-01 13:49:00,29.72,31.87,68.8,-61.7,v1.4.2,online,good
AH-00161,2026-07-01 13:50:00,29.43,37.13,63.8,-62.0,v2.1.0,online,good
AH-00064,2026-07-01 13:50:00,23.18,31.31,67.6,-50.3,v2.1.0,offline,fair
AH-00174,2026-07-01 13:50:00,30.11,33.49,65.1,-60.1,v2.0.1,maintenance,good
AH-00114,2026-07-01 13:51:00,28.11,,80.6,-81.7,v1.5.0,online,good
AH-00155,2026-07-01 13:52:00,28.94,28.25,67.3,-54.1,v1.5.0,offline,fair
AH-00040,2026-07-01 13:52:00,31.17,40.18,69.8,-54.1,v2.0.1,online,good
AH-00147,2026-07-01 13:53:00,27.66,40.03,82.0,-64.8,v1.5.0,online,fair
AH-00180,2026-07-01 13:56:00,30.27,54.5,62.7,-61.9,v1.5.0,online,good
AH-00113,2026-07-01 13:57:00,25.45,48.33,75.2,-58.7,v2.0.1,online,poor
AH-00158,2026-07-01 13:57:00,29.94,49.52,71.2,-55.6,v2.1.0,online,good
AH-00113,2026-07-01 13:57:00,28.66,50.79,79.2,-72.3,v2.1.0,offline,good
AH-00020,2026-07-01 13:58:00,29.66,38.48,82.3,-53.6,v1.5.0,online,good
AH-00084,2026-07-01 13:58:00,29.47,43.89,82.0,-68.4,v1.5.0,online,poor
AH-00166,2026-07-01 13:58:00,22.33,58.06,83.9,-62.4,v1.5.0,online,poor
AH-00162,2026-07-01 13:59:00,27.43,39.62,99.6,-69.0,v1.5.0,online,good
AH-00194,2026-07-01 13:59:00,31.88,47.53,70.8,-61.2,v1.5.0,online,good
AH-00009,2026-07-01 14:01:00,30.13,29.43,100.0,-65.6,v2.1.0,online,good
AH-00031,2026-07-01 14:01:00,30.13,33.1,80.3,-68.4,v2.1.0,online,fair
AH-00087,2026-07-01 14:02:00,22.78,41.48,69.4,-71.7,v2.1.0,online,fair
AH-00068,2026-07-01 14:02:00,31.09,46.39,88.5,-62.3,v2.1.0,online,fair
AH-00053,2026-07-01 14:04:00,31.47,36.22,83.7,-47.4,v2.1.0,online,good
AH-00171,2026-07-01 14:04:00,23.57,60.1,90.7,-71.4,v1.5.0,online,good
AH-00105,2026-07-01 14:04:00,30.37,,78.4,-62.8,v2.0.1,offline,good
AH-00166,2026-07-01 14:04:00,27.86,54.24,84.3,-66.6,v2.0.1,online,fair
AH-00174,2026-07-01 14:05:00,30.77,51.7,63.9,-67.6,v1.5.0,online,good
AH-00179,2026-07-01 14:06:00,27.52,45.93,79.9,-61.9,v2.0.1,offline,fair
AH-00144,2026-07-01 14:06:00,30.17,48.87,76.1,-70.3,v2.1.0,online,poor
AH-00030,2026-07-01 14:07:00,20.56,28.45,91.5,-45.4,v2.0.1,online,good
AH-00013,2026-07-01 14:09:00,27.51,57.21,87.9,-75.8,v2.0.1,online,good
AH-00148,2026-07-01 14:11:00,22.39,54.92,90.3,-63.1,v2.1.0,online,good
AH-00055,2026-07-01 14:11:00,27.29,42.54,78.1,-60.9,v2.0.1,online,good
AH-00075,2026-07-01 14:13:00,30.49,,89.2,-59.2,v2.0.1,online,good
AH-00020,2026-07-01 14:13:00,27.42,52.08,63.0,-69.2,v1.5.0,online,fair
AH-00027,2026-07-01 14:13:00,28.7,53.42,80.9,-56.1,v2.0.1,online,fair
AH-00061,2026-07-01 14:16:00,25.45,51.94,68.8,-59.6,v1.5.0,online,poor
AH-00140,2026-07-01 14:16:00,29.09,49.52,63.6,-63.2,v2.1.0,online,good
AH-00030,2026-07-01 14:17:00,31.81,44.1,67.7,-73.9,v2.0.1,offline,good
AH-00024,2026-07-01 14:17:00,29.07,44.73,82.9,-68.4,v2.0.1,online,fair
AH-00167,2026-07-01 14:18:00,34.1,36.11,65.2,-64.1,v2.1.0,online,good
AH-00044,2026-07-01 14:18:00,25.62,52.6,85.3,-65.1,v1.5.0,online,good
AH-00083,2026-07-01 14:21:00,20.54,,61.9,-62.2,v2.0.1,online,good
AH-00107,2026-07-01 14:22:00,,48.71,55.3,-61.2,v2.1.0,online,fair
AH-00180,2026-07-01 14:22:00,27.13,35.49,90.9,-63.1,v2.0.1,online,good
AH-00120,2026-07-01 14:22:00,24.84,122.36,58.8,-51.8,v1.4.2,online,good
AH-00076,2026-07-01 14:23:00,28.21,38.51,78.0,-60.7,v2.0.1,online,fair
AH-00119,2026-07-01 14:24:00,21.46,38.96,78.9,-68.3,v2.0.1,maintenance,fair
AH-00014,2026-07-01 14:29:00,30.84,52.37,77.7,-69.5,v1.4.2,online,good
AH-00150,2026-07-01 14:29:00,26.39,54.04,67.3,-66.3,v2.1.0,online,good
AH-00073,2026-07-01 14:30:00,25.89,42.31,61.0,-63.4,v2.1.0,online,fair
AH-00086,2026-07-01 14:31:00,24.21,41.47,70.5,-51.5,v2.0.1,online,good
AH-00122,2026-07-01 14:31:00,26.85,54.48,85.0,-64.0,v2.0.1,online,fair
AH-00089,2026-07-01 14:32:00,25.25,50.07,76.8,-67.2,v2.0.1,online,good
AH-00060,2026-07-01 14:32:00,22.56,28.16,81.8,-66.1,v2.1.0,offline,good
AH-00042,2026-07-01 14:34:00,28.6,37.96,80.0,-70.1,v2.0.1,online,fair
AH-00179,2026-07-01 14:34:00,33.0,44.14,76.5,-65.7,v2.0.1,offline,poor
AH-00163,2026-07-01 14:36:00,23.77,36.79,78.4,-61.6,v2.1.0,online,good
AH-00179,2026-07-01 14:37:00,22.23,40.07,88.0,-68.9,v2.1.0,online,fair
AH-00090,2026-07-01 14:40:00,32.85,45.38,68.9,-45.4,v1.5.0,online,fair
AH-00135,2026-07-01 14:42:00,33.47,39.64,86.1,-68.0,v2.0.1,online,fair
AH-00199,2026-07-01 14:42:00,35.26,33.13,63.0,-64.5,v2.0.1,offline,poor
AH-00036,2026-07-01 14:44:00,29.59,46.19,49.2,-63.3,v1.5.0,online,good
AH-00119,2026-07-01 14:44:00,30.32,53.17,76.4,-58.5,v2.0.1,online,good
AH-00039,2026-07-01 14:45:00,28.48,32.48,97.2,-73.4,v2.1.0,online,good
AH-00146,2026-07-01 14:48:00,23.21,42.55,82.3,-60.6,v1.5.0,online,good
AH-00162,2026-07-01 14:48:00,,41.22,79.9,-56.7,v2.0.1,online,good
AH-00193,2026-07-01 14:48:00,27.69,39.89,100.0,-49.8,v1.5.0,online,good
AH-00015,2026-07-01 14:50:00,27.98,,56.1,-51.0,v2.1.0,online,good
AH-00072,2026-07-01 14:51:00,23.16,55.55,76.9,-79.9,v2.0.1,online,good
AH-00003,2026-07-01 14:51:00,28.67,32.18,100.0,-58.3,v2.0.1,online,good
AH-00189,2026-07-01 14:52:00,36.05,44.47,68.7,-65.2,v2.1.0,online,good
AH-00067,2026-07-01 14:53:00,24.52,37.53,66.3,-54.1,v1.5.0,maintenance,good
AH-00086,2026-07-01 14:53:00,28.32,50.58,75.4,-75.4,v2.0.1,online,good
AH-00182,2026-07-01 14:55:00,27.6,37.74,71.1,-48.8,v2.1.0,online,good
AH-00134,2026-07-01 14:55:00,,26.94,69.9,-52.3,v2.0.1,online,fair
AH-00125,2026-07-01 14:57:00,28.6,48.78,66.5,-71.9,v2.0.1,online,good
AH-00063,2026-07-01 15:02:00,28.67,44.39,96.6,-66.8,v1.5.0,online,fair
AH-00087,2026-07-01 15:03:00,28.5,46.24,60.0,-51.3,v2.0.1,offline,poor
AH-00034,2026-07-01 15:03:00,,50.88,77.2,-48.2,v2.0.1,online,good
AH-00150,2026-07-01 15:04:00,34.69,,71.7,-69.0,v2.0.1,online,good
AH-00165,2026-07-01 15:06:00,28.08,48.23,64.6,-53.7,v1.4.2,online,fair
AH-00107,2026-07-01 15:06:00,34.61,48.51,66.7,-45.2,v2.0.1,online,good
AH-00132,2026-07-01 15:06:00,29.93,37.47,72.9,-50.9,v2.0.1,online,fair
AH-00105,2026-07-01 15:06:00,25.77,55.71,69.4,-56.6,v2.1.0,offline,good
AH-00117,2026-07-01 15:08:00,26.87,62.53,73.7,-64.7,v1.5.0,online,fair
AH-00193,2026-07-01 15:09:00,36.42,42.87,80.0,-52.8,v1.5.0,online,good
AH-00073,2026-07-01 15:09:00,24.14,45.1,93.6,-80.1,v1.4.2,online,fair
AH-00020,2026-07-01 15:10:00,26.38,41.66,65.6,-61.7,v2.0.1,online,good
AH-00130,2026-07-01 15:10:00,27.75,38.03,65.8,-66.9,v2.1.0,online,good
AH-00083,2026-07-01 15:10:00,29.88,52.38,83.9,-68.4,v2.0.1,online,good
AH-00001,2026-07-01 15:11:00,27.19,44.6,72.8,-59.5,v2.1.0,offline,good
AH-00036,2026-07-01 15:12:00,34.17,34.03,92.3,-67.4,v1.5.0,online,fair
AH-00110,2026-07-01 15:13:00,30.72,50.02,89.8,-74.3,v2.0.1,online,good
AH-00088,2026-07-01 15:13:00,28.07,57.59,97.1,-66.2,v2.1.0,online,good
AH-00096,2026-07-01 15:15:00,31.54,,71.1,-52.4,v2.1.0,online,good
AH-00096,2026-07-01 15:15:00,27.97,35.01,63.3,-75.1,v2.0.1,online,fair
AH-00093,2026-07-01 15:16:00,22.35,50.01,81.9,-63.5,v2.1.0,offline,good
AH-00085,2026-07-01 15:18:00,32.18,45.44,71.8,-74.3,v2.0.1,online,good
AH-00047,2026-07-01 15:19:00,28.65,42.59,68.4,-56.4,v2.0.1,offline,good
AH-00082,2026-07-01 15:19:00,24.36,53.04,69.2,-72.4,v2.0.1,online,poor
AH-00151,2026-07-01 15:19:00,26.1,41.95,98.7,-79.8,v2.0.1,online,fair
AH-00112,2026-07-01 15:20:00,27.68,52.6,69.9,-60.3,v2.0.1,offline,good
AH-00142,2026-07-01 15:22:00,27.59,49.06,70.2,-53.6,v1.5.0,offline,good
AH-00184,2026-07-01 15:22:00,27.52,48.06,88.1,-67.9,v2.0.1,online,good
AH-00162,2026-07-01 15:23:00,25.07,59.71,78.1,-67.6,v1.5.0,online,good
AH-00187,2026-07-01 15:24:00,24.93,42.04,89.1,-59.5,v2.0.1,online,good
AH-00139,2026-07-01 15:24:00,25.45,61.76,69.7,-52.3,v1.5.0,offline,good
AH-00191,2026-07-01 15:25:00,34.87,35.25,47.4,-60.6,v1.5.0,online,good
AH-00146,2026-07-01 15:26:00,26.26,45.48,90.1,-67.4,v1.5.0,online,fair
AH-00163,2026-07-01 15:28:00,30.88,33.61,95.4,-55.4,v2.0.1,online,poor
AH-00199,2026-07-01 15:29:00,29.31,37.47,89.3,-52.2,v1.5.0,offline,poor
AH-00066,2026-07-01 15:33:00,29.63,33.01,55.6,-72.6,v2.1.0,online,good
AH-00032,2026-07-01 15:34:00,29.78,33.0,100.0,-70.0,v2.0.1,online,good
AH-00199,2026-07-01 15:35:00,27.84,48.14,64.7,-62.8,v1.5.0,online,good
AH-00096,2026-07-01 15:36:00,34.08,113.73,89.7,-71.9,v1.5.0,online,good
AH-00084,2026-07-01 15:36:00,27.35,41.52,63.9,-63.9,v2.0.1,online,fair
AH-00033,2026-07-01 15:38:00,23.98,45.52,87.7,-66.5,v2.1.0,online,poor
AH-00186,2026-07-01 15:39:00,29.99,42.73,59.7,-53.5,v1.5.0,online,poor
AH-00021,2026-07-01 15:39:00,29.72,60.97,55.1,-53.3,v2.0.1,online,good
AH-00120,2026-07-01 15:40:00,28.26,49.73,87.0,-58.9,v1.5.0,offline,fair
AH-00196,2026-07-01 15:42:00,28.99,,81.5,-71.0,v2.1.0,online,good
AH-00035,2026-07-01 15:43:00,22.16,48.34,96.1,-68.7,v1.5.0,offline,good
AH-00012,2026-07-01 15:43:00,,39.11,59.6,-55.4,v1.4.2,online,good
AH-00072,2026-07-01 15:44:00,29.39,46.85,65.4,-63.3,v2.0.1,online,good
AH-00025,2026-07-01 15:45:00,24.46,42.44,74.7,-67.4,v2.0.1,online,good
AH-00008,2026-07-01 15:47:00,31.33,,84.5,-78.2,v2.1.0,maintenance,good
AH-00122,2026-07-01 15:48:00,27.26,41.1,78.2,-62.1,v1.5.0,online,good
AH-00057,2026-07-01 15:50:00,23.7,41.64,94.4,-65.3,v2.1.0,online,good
AH-00008,2026-07-01 15:51:00,31.23,43.41,87.1,-68.9,v1.5.0,online,good
AH-00183,2026-07-01 15:52:00,26.62,45.03,75.1,-51.4,v1.5.0,offline,fair
AH-00012,2026-07-01 15:52:00,23.33,47.32,62.1,-45.5,v1.4.2,online,good
AH-00180,2026-07-01 15:53:00,27.0,37.4,96.3,-74.4,v1.5.0,online,good
AH-00024,2026-07-01 15:54:00,26.74,42.88,89.1,-58.4,v2.0.1,maintenance,good
AH-00154,2026-07-01 15:54:00,28.15,45.83,93.1,-64.6,v2.0.1,online,good
AH-00196,2026-07-01 15:55:00,29.75,32.95,70.0,-54.4,v2.1.0,online,good
AH-00164,2026-07-01 15:56:00,29.9,45.58,77.4,-60.4,v2.0.1,online,fair
AH-00123,2026-07-01 15:56:00,26.75,36.58,69.0,-72.3,v2.0.1,online,poor
AH-00180,2026-07-01 15:58:00,30.83,50.53,81.6,-61.6,v2.1.0,online,fair
AH-00005,2026-07-01 16:00:00,26.9,37.76,100.0,-67.5,v2.1.0,online,good
AH-00153,2026-07-01 16:00:00,29.88,49.67,100.0,-57.8,v1.5.0,online,fair
AH-00075,2026-07-01 16:00:00,25.05,,50.9,-62.6,v1.5.0,online,good
AH-00171,2026-07-01 16:02:00,28.98,44.3,80.4,-64.8,v2.1.0,maintenance,good
AH-00027,2026-07-01 16:04:00,,39.15,65.2,-56.6,v2.1.0,online,fair
AH-00113,2026-07-01 16:04:00,27.14,40.32,65.8,-67.2,v1.5.0,offline,good
AH-00188,2026-07-01 16:05:00,25.9,48.35,66.9,-47.0,v2.1.0,online,poor
AH-00097,2026-07-01 16:07:00,25.45,33.71,81.5,-67.7,v2.0.1,online,good
AH-00057,2026-07-01 16:10:00,32.92,38.45,63.4,-61.3,v2.1.0,online,good
AH-00038,2026-07-01 16:10:00,28.15,49.13,73.6,-73.7,v2.1.0,online,fair
AH-00099,2026-07-01 16:11:00,,50.49,66.2,-67.1,v2.0.1,offline,good
AH-00018,2026-07-01 16:12:00,,33.19,66.8,-74.2,v1.5.0,online,good
AH-00120,2026-07-01 16:12:00,20.76,34.7,89.9,-62.3,v2.1.0,online,fair
AH-00141,2026-07-01 16:15:00,27.57,40.33,73.1,-79.6,v1.5.0,online,good
AH-00102,2026-07-01 16:16:00,30.82,50.62,69.3,-68.5,v1.5.0,online,good
AH-00056,2026-07-01 16:16:00,30.69,33.56,61.4,-55.6,v1.5.0,online,fair
AH-00065,2026-07-01 16:17:00,24.82,40.47,65.4,-63.0,v2.0.1,online,poor
AH-00176,2026-07-01 16:17:00,25.0,46.26,100.0,-64.0,v2.1.0,offline,good
AH-00131,2026-07-01 16:18:00,25.88,49.46,68.3,-59.6,v2.0.1,online,good
AH-00149,2026-07-01 16:18:00,29.98,26.14,84.5,-61.5,v2.0.1,online,good
AH-00074,2026-07-01 16:18:00,24.05,,76.2,-63.1,v2.1.0,online,poor
AH-00020,2026-07-01 16:19:00,33.35,50.54,74.7,-69.4,v2.1.0,offline,good
AH-00136,2026-07-01 16:21:00,24.74,39.12,100.0,-57.3,v2.0.1,online,poor
AH-00017,2026-07-01 16:24:00,30.5,44.78,79.2,-47.4,v2.0.1,offline,good
AH-00038,2026-07-01 16:25:00,,58.75,80.2,-68.5,v1.4.2,online,poor
AH-00089,2026-07-01 16:25:00,,38.27,77.0,-56.1,v2.0.1,online,good
AH-00151,2026-07-01 16:25:00,23.94,,71.4,-67.7,v2.0.1,online,good
AH-00026,2026-07-01 16:26:00,26.62,52.45,82.2,-70.3,v2.1.0,online,good
AH-00170,2026-07-01 16:26:00,26.97,60.51,79.3,-68.2,v2.0.1,online,fair
AH-00180,2026-07-01 16:28:00,31.5,56.37,72.1,-54.1,v2.0.1,maintenance,fair
AH-00057,2026-07-01 16:29:00,31.23,60.19,72.9,-64.2,v1.5.0,online,good
AH-00032,2026-07-01 16:29:00,32.09,41.78,-9.5,-66.0,v2.1.0,online,fair
AH-00184,2026-07-01 16:30:00,28.82,112.4,66.8,-61.3,v1.5.0,online,good
AH-00028,2026-07-01 16:30:00,30.42,42.58,94.3,-68.9,v2.0.1,offline,good
AH-00066,2026-07-01 16:31:00,25.92,47.54,68.7,-75.0,v1.5.0,online,fair
AH-00021,2026-07-01 16:32:00,25.15,56.49,82.0,-66.1,v2.0.1,online,poor
AH-00116,2026-07-01 16:32:00,22.07,45.85,73.3,-60.8,v2.0.1,online,good
AH-00162,2026-07-01 16:34:00,28.82,43.89,85.5,-56.6,v2.0.1,maintenance,good
AH-00142,2026-07-01 16:34:00,24.13,,66.7,-57.2,v2.1.0,online,fair
AH-00020,2026-07-01 16:35:00,,59.06,62.3,-55.2,v1.5.0,online,good
AH-00036,2026-07-01 16:36:00,31.63,52.94,95.3,-67.1,v2.1.0,online,good
AH-00142,2026-07-01 16:38:00,27.49,37.47,91.9,-57.8,v1.5.0,online,fair
AH-00056,2026-07-01 16:40:00,22.92,109.94,84.1,-62.7,v2.0.1,online,fair
AH-00098,2026-07-01 16:41:00,,56.1,74.2,-59.3,v2.1.0,online,fair
AH-00031,2026-07-01 16:43:00,27.08,52.14,79.9,-57.5,v2.0.1,online,good
AH-00094,2026-07-01 16:44:00,26.73,40.69,69.4,-58.3,v2.0.1,offline,fair
AH-00110,2026-07-01 16:44:00,25.84,44.79,74.0,-73.9,v2.0.1,offline,fair
AH-00046,2026-07-01 16:44:00,31.97,42.05,91.3,-52.7,v2.1.0,online,good
AH-00060,2026-07-01 16:45:00,33.2,47.92,76.5,-64.5,v2.1.0,maintenance,good
AH-00011,2026-07-01 16:46:00,22.3,38.6,56.0,-67.2,v2.1.0,online,good
AH-00067,2026-07-01 16:47:00,25.17,45.23,74.9,-59.2,v2.1.0,online,good
AH-00148,2026-07-01 16:47:00,28.29,40.22,76.1,-52.4,v2.1.0,online,fair
AH-00036,2026-07-01 16:47:00,22.42,45.28,62.8,-67.3,v2.1.0,online,poor
AH-00038,2026-07-01 16:47:00,25.69,,74.3,-78.4,v2.0.1,online,good
AH-00138,2026-07-01 16:47:00,23.23,50.15,89.7,-69.6,v2.1.0,online,good
AH-00111,2026-07-01 16:47:00,28.39,48.38,95.8,-48.2,v1.5.0,maintenance,good
AH-00172,2026-07-01 16:49:00,28.23,50.55,96.7,-58.7,v1.5.0,online,good
AH-00184,2026-07-01 16:50:00,30.88,53.87,61.3,-62.0,v2.0.1,online,poor
AH-00134,2026-07-01 16:50:00,30.1,56.66,72.4,-59.1,v1.5.0,online,fair
AH-00085,2026-07-01 16:51:00,31.82,46.36,97.7,-65.5,v1.5.0,online,good
AH-00138,2026-07-01 16:53:00,26.91,46.12,75.4,-53.2,v2.0.1,online,good
AH-00121,2026-07-01 16:55:00,29.35,42.34,95.3,-77.9,v2.1.0,online,fair
AH-00107,2026-07-01 16:55:00,29.58,45.15,80.9,-56.7,v2.1.0,online,good
AH-00167,2026-07-01 16:57:00,30.68,53.74,78.6,-66.8,v1.5.0,online,good
AH-00173,2026-07-01 16:58:00,25.81,57.68,62.9,-58.8,v2.0.1,online,good
AH-00172,2026-07-01 16:58:00,29.04,35.57,85.1,-62.8,v2.0.1,offline,good
AH-00134,2026-07-01 16:58:00,33.56,38.28,76.6,-55.9,v2.0.1,online,good
AH-00041,2026-07-01 16:58:00,32.2,53.69,90.7,-54.1,v2.1.0,online,fair
AH-00194,2026-07-01 16:59:00,30.19,46.32,69.6,-63.7,v2.1.0,online,good
AH-00086,2026-07-01 17:03:00,27.34,46.28,52.5,-71.5,v2.0.1,online,fair
AH-00015,2026-07-01 17:07:00,29.8,42.84,85.8,-58.3,v2.0.1,online,good
AH-00052,2026-07-01 17:08:00,,49.7,83.1,-71.6,v1.5.0,online,good
AH-00084,2026-07-01 17:09:00,30.0,56.55,79.8,-54.1,v2.0.1,maintenance,good
AH-00014,2026-07-01 17:09:00,36.07,62.67,71.4,-57.6,v2.0.1,maintenance,good
AH-00081,2026-07-01 17:10:00,,61.06,77.5,-63.3,v2.1.0,online,good
AH-00023,2026-07-01 17:10:00,30.5,,76.3,-48.6,v2.0.1,online,good
AH-00078,2026-07-01 17:12:00,31.27,47.54,55.1,-65.4,v2.0.1,online,poor
AH-00055,2026-07-01 17:12:00,27.38,36.69,86.1,-50.9,v2.1.0,online,poor
AH-00002,2026-07-01 17:15:00,30.22,49.59,75.6,-55.5,v1.5.0,online,good
AH-00060,2026-07-01 17:16:00,26.27,47.87,78.0,-60.1,v2.1.0,online,fair
AH-00186,2026-07-01 17:16:00,31.77,56.21,62.1,-57.5,v2.0.1,online,good
AH-00010,2026-07-01 17:17:00,,45.92,78.4,-62.1,v2.0.1,online,good
AH-00023,2026-07-01 17:18:00,27.27,35.37,85.3,-60.3,v2.0.1,online,good
AH-00156,2026-07-01 17:19:00,24.79,,75.0,-66.5,v1.5.0,online,good
AH-00004,2026-07-01 17:20:00,25.21,50.91,41.3,-51.3,v1.5.0,online,good
AH-00153,2026-07-01 17:21:00,23.77,35.1,72.9,-51.6,v2.1.0,online,good
AH-00189,2026-07-01 17:23:00,26.42,37.51,100.0,-47.8,v1.4.2,online,good
AH-00051,2026-07-01 17:23:00,29.76,,83.3,-63.4,v2.1.0,online,good
AH-00112,2026-07-01 17:26:00,,43.99,91.8,-51.0,v2.1.0,offline,good
AH-00102,2026-07-01 17:28:00,24.92,47.29,65.2,-60.4,v1.5.0,online,good
AH-00146,2026-07-01 17:29:00,29.63,39.7,70.8,-64.6,v2.1.0,online,fair
AH-00153,2026-07-01 17:29:00,29.7,44.37,100.0,-55.9,v2.0.1,online,good
AH-00137,2026-07-01 17:29:00,26.74,38.74,78.4,-62.3,v1.5.0,maintenance,good
AH-00044,2026-07-01 17:30:00,26.47,58.99,70.3,-70.1,v2.1.0,online,good
AH-00181,2026-07-01 17:32:00,28.29,36.54,65.8,-65.4,v1.4.2,maintenance,good
AH-00052,2026-07-01 17:32:00,25.92,50.91,100.0,-54.7,v2.0.1,online,good
AH-00002,2026-07-01 17:32:00,28.78,51.97,63.6,-69.0,v2.0.1,maintenance,good
AH-00154,2026-07-01 17:33:00,22.7,37.42,77.5,-59.3,v2.1.0,online,fair
AH-00106,2026-07-01 17:34:00,36.33,57.31,87.4,-62.1,v2.0.1,online,good
AH-00183,2026-07-01 17:35:00,25.98,46.94,54.2,-58.3,v1.5.0,online,good
AH-00067,2026-07-01 17:36:00,,40.36,90.4,-59.6,v2.1.0,maintenance,good
AH-00042,2026-07-01 17:37:00,24.95,35.21,76.1,-69.2,v2.1.0,online,good
AH-00155,2026-07-01 17:38:00,26.92,52.08,73.5,-55.5,v1.5.0,offline,fair
AH-00075,2026-07-01 17:39:00,26.77,44.31,68.0,-68.5,v2.0.1,online,fair
AH-00161,2026-07-01 17:39:00,27.81,,79.0,-47.8,v2.1.0,online,good
AH-00172,2026-07-01 17:40:00,32.37,54.19,77.3,-62.1,v1.4.2,online,good
AH-00109,2026-07-01 17:41:00,30.16,44.17,97.1,-60.7,v2.1.0,online,fair
AH-00067,2026-07-01 17:42:00,26.97,36.68,65.9,-68.0,v2.0.1,online,good
AH-00157,2026-07-01 17:45:00,,35.17,79.0,-61.9,v2.0.1,online,fair
AH-00072,2026-07-01 17:45:00,26.65,50.41,70.4,-51.7,v2.1.0,offline,good
AH-00005,2026-07-01 17:46:00,33.12,45.27,85.8,-62.9,v2.0.1,maintenance,good
AH-00092,2026-07-01 17:47:00,30.64,60.21,85.0,-44.0,v2.0.1,maintenance,good
AH-00197,2026-07-01 17:48:00,35.78,45.37,91.3,-70.8,v2.1.0,online,good
AH-00076,2026-07-01 17:48:00,27.52,37.38,71.9,-41.5,v2.1.0,maintenance,good
AH-00041,2026-07-01 17:49:00,28.04,54.34,-1.7,-70.2,v2.1.0,online,poor
AH-00058,2026-07-01 17:50:00,33.19,,86.3,-66.3,v2.0.1,maintenance,fair
AH-00062,2026-07-01 17:51:00,25.34,44.75,67.7,-67.5,v2.0.1,online,fair
AH-00087,2026-07-01 17:52:00,27.32,55.37,70.0,-51.0,v1.5.0,online,fair
AH-00003,2026-07-01 17:55:00,25.88,53.27,70.0,-49.8,v2.0.1,online,good
AH-00072,2026-07-01 17:56:00,29.57,47.85,94.4,-68.7,v2.0.1,online,good
AH-00104,2026-07-01 17:56:00,,55.3,88.2,-62.6,v1.5.0,online,good
AH-00125,2026-07-01 17:58:00,23.59,35.59,100.0,-65.1,v2.0.1,online,poor
AH-00003,2026-07-01 17:58:00,21.61,39.98,100.0,-57.7,v2.0.1,online,good
AH-00091,2026-07-01 18:02:00,31.49,46.9,92.0,-56.6,v2.0.1,online,poor
AH-00079,2026-07-01 18:02:00,23.86,39.35,81.2,-65.2,v2.0.1,online,good
AH-00166,2026-07-01 18:04:00,29.28,34.58,67.3,-61.5,v2.0.1,maintenance,good
AH-00025,2026-07-01 18:05:00,20.23,43.5,76.3,-68.6,v1.5.0,online,good
AH-00176,2026-07-01 18:07:00,31.58,47.27,67.6,-59.0,v2.1.0,online,good
AH-00159,2026-07-01 18:07:00,26.62,44.84,77.4,-59.2,v2.0.1,online,good
AH-00059,2026-07-01 18:09:00,28.88,48.85,55.2,-50.4,v2.0.1,online,good
AH-00030,2026-07-01 18:09:00,28.38,40.05,97.2,-64.5,v1.5.0,maintenance,good
AH-00147,2026-07-01 18:09:00,27.56,46.52,84.3,-64.3,v1.4.2,online,good
AH-00132,2026-07-01 18:09:00,32.45,,65.5,-57.2,v2.0.1,online,good
AH-00078,2026-07-01 18:11:00,28.15,,81.7,-52.5,v2.0.1,online,fair
AH-00095,2026-07-01 18:12:00,30.41,,89.0,-62.5,v1.5.0,online,fair
AH-00154,2026-07-01 18:13:00,26.8,42.94,68.3,-72.7,v1.5.0,online,good
AH-00020,2026-07-01 18:13:00,30.88,43.52,74.0,-62.3,v1.5.0,offline,good
AH-00150,2026-07-01 18:13:00,26.67,49.52,60.7,-61.1,v2.0.1,online,good
AH-00144,2026-07-01 18:16:00,32.25,46.75,60.2,-65.4,v2.0.1,online,fair
AH-00164,2026-07-01 18:17:00,24.87,,98.5,-53.5,v2.0.1,online,fair
AH-00048,2026-07-01 18:18:00,29.02,49.01,85.0,-68.6,v2.1.0,offline,good
AH-00163,2026-07-01 18:21:00,26.22,58.8,84.3,-47.8,v2.1.0,online,poor
AH-00028,2026-07-01 18:21:00,29.77,111.24,63.2,-53.1,v2.0.1,online,good
AH-00031,2026-07-01 18:21:00,33.22,41.7,66.5,-61.6,v2.0.1,online,fair
AH-00065,2026-07-01 18:22:00,31.8,54.24,48.2,-61.4,v1.5.0,online,good
AH-00153,2026-07-01 18:25:00,33.31,49.2,56.8,-59.6,v1.5.0,online,poor
AH-00127,2026-07-01 18:27:00,26.39,33.91,99.5,-64.1,v2.0.1,offline,good
AH-00090,2026-07-01 18:27:00,23.77,62.9,89.3,-59.6,v2.0.1,online,good
AH-00141,2026-07-01 18:28:00,25.21,30.45,70.0,-57.9,v1.5.0,online,good
AH-00076,2026-07-01 18:28:00,25.72,41.01,74.7,-53.5,v2.1.0,online,good
AH-00059,2026-07-01 18:29:00,31.72,48.42,81.7,-70.6,v2.1.0,online,good
AH-00122,2026-07-01 18:30:00,29.48,39.5,71.8,-54.3,v2.0.1,online,good
AH-00100,2026-07-01 18:31:00,24.07,43.15,75.9,-67.8,v1.5.0,online,fair
AH-00117,2026-07-01 18:32:00,32.33,66.06,68.1,-59.0,v2.1.0,online,fair
AH-00136,2026-07-01 18:33:00,33.49,47.36,100.0,-65.5,v2.1.0,online,good
AH-00040,2026-07-01 18:35:00,31.32,40.92,75.3,-61.0,v2.0.1,online,good
AH-00017,2026-07-01 18:36:00,25.95,45.58,58.1,-60.1,v2.0.1,online,fair
AH-00065,2026-07-01 18:37:00,29.74,36.86,82.0,-55.3,v1.5.0,online,good
AH-00075,2026-07-01 18:39:00,28.45,52.92,67.0,-57.4,v2.1.0,online,poor
AH-00093,2026-07-01 18:41:00,27.43,48.56,79.2,-65.4,v2.0.1,online,fair
AH-00027,2026-07-01 18:41:00,26.21,34.79,72.7,-68.0,v2.0.1,online,good
AH-00111,2026-07-01 18:42:00,27.31,33.36,84.9,-69.6,v2.1.0,online,good
AH-00161,2026-07-01 18:42:00,25.16,55.96,52.0,-66.6,v2.1.0,offline,fair
AH-00133,2026-07-01 18:43:00,29.58,51.37,81.7,-58.6,v2.0.1,online,good
AH-00090,2026-07-01 18:44:00,30.72,22.26,83.6,-77.4,v2.0.1,online,poor
AH-00188,2026-07-01 18:45:00,25.96,49.54,90.4,-69.8,v2.0.1,online,good
AH-00016,2026-07-01 18:48:00,28.28,64.08,60.7,-65.4,v1.5.0,online,good
AH-00175,2026-07-01 18:48:00,23.09,40.84,80.1,-71.0,v2.1.0,online,good
AH-00126,2026-07-01 18:49:00,26.12,34.97,68.5,-58.7,v2.0.1,offline,fair
AH-00191,2026-07-01 18:51:00,27.52,39.97,85.0,-61.2,v2.0.1,offline,good
AH-00018,2026-07-01 18:51:00,24.54,40.04,57.3,-63.9,v2.0.1,offline,good
AH-00002,2026-07-01 18:51:00,30.39,44.84,73.9,-77.7,v2.0.1,online,good
AH-00093,2026-07-01 18:52:00,35.65,50.85,75.2,-70.9,v1.5.0,offline,poor
AH-00188,2026-07-01 18:53:00,30.35,56.54,87.5,-71.0,v2.0.1,online,good
AH-00172,2026-07-01 18:55:00,25.07,46.25,68.7,-61.9,v2.1.0,online,good
AH-00156,2026-07-01 18:57:00,32.93,,95.2,-55.8,v1.5.0,online,fair
AH-00119,2026-07-01 18:57:00,28.56,46.6,91.1,-62.4,v2.1.0,online,good
AH-00063,2026-07-01 18:57:00,32.78,42.16,67.6,-78.3,v2.0.1,online,good
AH-00040,2026-07-01 18:58:00,29.91,39.71,97.0,-57.6,v2.0.1,online,good
AH-00033,2026-07-01 18:59:00,32.44,38.57,94.5,-69.1,v2.1.0,offline,good
AH-00187,2026-07-01 19:01:00,32.7,56.08,61.1,-62.7,v2.1.0,online,good
AH-00037,2026-07-01 19:01:00,28.33,45.87,78.6,-58.9,v2.0.1,online,good
AH-00001,2026-07-01 19:02:00,28.33,41.77,63.2,-53.0,v2.0.1,online,good
AH-00012,2026-07-01 19:02:00,26.85,,70.6,-57.5,v2.0.1,online,poor
AH-00118,2026-07-01 19:03:00,29.5,50.55,76.7,-55.3,v2.0.1,offline,fair
AH-00058,2026-07-01 19:04:00,24.98,38.44,70.0,-68.6,v2.1.0,online,fair
AH-00023,2026-07-01 19:05:00,25.58,41.47,71.1,-55.9,v1.5.0,online,fair
AH-00115,2026-07-01 19:05:00,28.21,38.51,88.3,-60.6,v2.0.1,online,good
AH-00152,2026-07-01 19:06:00,31.41,41.48,71.1,-66.2,v2.1.0,online,poor
AH-00167,2026-07-01 19:07:00,34.17,50.53,77.0,-73.4,v2.0.1,offline,fair
AH-00054,2026-07-01 19:10:00,27.57,45.72,68.6,-77.5,v1.4.2,online,good
AH-00115,2026-07-01 19:13:00,30.57,45.05,73.7,-56.4,v1.5.0,online,good
AH-00037,2026-07-01 19:14:00,31.45,48.73,100.0,-68.7,v2.0.1,online,good
AH-00085,2026-07-01 19:15:00,26.5,54.56,55.8,-47.5,v2.0.1,online,good
AH-00050,2026-07-01 19:16:00,,43.01,83.4,-59.2,v1.5.0,offline,fair
AH-00067,2026-07-01 19:17:00,29.48,25.99,85.9,-70.7,v2.1.0,online,good
AH-00163,2026-07-01 19:17:00,24.65,40.11,60.1,-59.7,v2.1.0,online,good
AH-00181,2026-07-01 19:17:00,30.94,51.46,80.3,-52.9,v2.0.1,online,good
AH-00187,2026-07-01 19:18:00,32.66,50.97,66.5,-67.2,v2.0.1,online,poor
AH-00170,2026-07-01 19:18:00,34.16,51.33,83.9,-70.0,v2.1.0,online,good
AH-00149,2026-07-01 19:19:00,,32.25,100.0,-64.4,v2.1.0,online,fair
AH-00149,2026-07-01 19:20:00,30.33,35.92,88.5,-58.0,v2.1.0,online,good
AH-00102,2026-07-01 19:20:00,25.14,36.75,82.7,-59.2,v2.1.0,online,good
AH-00109,2026-07-01 19:21:00,22.11,50.85,84.4,-51.4,v2.0.1,online,good
AH-00170,2026-07-01 19:21:00,30.92,43.39,71.5,-75.7,v2.0.1,offline,good
AH-00170,2026-07-01 19:22:00,32.16,55.46,81.6,-63.7,v2.0.1,maintenance,fair
AH-00122,2026-07-01 19:23:00,27.71,37.52,-7.3,-59.2,v2.0.1,maintenance,good
AH-00004,2026-07-01 19:25:00,,52.36,63.9,-64.4,v2.0.1,online,poor
AH-00018,2026-07-01 19:25:00,29.23,28.97,69.4,-60.1,v2.1.0,online,good
AH-00139,2026-07-01 19:27:00,29.46,46.52,78.3,-61.3,v2.1.0,online,fair
AH-00127,2026-07-01 19:27:00,28.47,,83.4,-51.9,v2.1.0,online,good
AH-00031,2026-07-01 19:28:00,24.49,30.9,99.0,-67.5,v1.5.0,online,good
AH-00103,2026-07-01 19:28:00,24.72,39.56,80.6,-66.1,v2.0.1,online,fair
AH-00123,2026-07-01 19:29:00,28.84,42.6,96.6,-46.4,v1.4.2,online,good
AH-00198,2026-07-01 19:30:00,30.57,45.63,76.4,-53.4,v2.1.0,online,fair
AH-00145,2026-07-01 19:30:00,17.33,48.15,73.9,-75.9,v2.0.1,online,good
AH-00094,2026-07-01 19:31:00,28.85,39.45,93.6,-65.0,v1.5.0,online,good
AH-00182,2026-07-01 19:31:00,26.41,44.59,70.5,-55.2,v1.5.0,offline,good
AH-00014,2026-07-01 19:32:00,28.6,47.2,77.1,-56.9,v2.0.1,online,good
AH-00190,2026-07-01 19:32:00,34.71,64.06,54.9,-57.3,v2.0.1,online,good
AH-00107,2026-07-01 19:35:00,27.64,42.04,70.1,-72.1,v2.1.0,online,fair
AH-00099,2026-07-01 19:35:00,21.25,49.9,84.1,-62.4,v2.1.0,offline,good
AH-00029,2026-07-01 19:36:00,30.39,50.58,71.6,-58.8,v1.5.0,online,good
AH-00189,2026-07-01 19:36:00,31.56,,91.6,-73.2,v2.0.1,online,good
AH-00089,2026-07-01 19:36:00,30.73,40.36,83.9,-54.6,v2.1.0,online,good
AH-00146,2026-07-01 19:36:00,34.07,66.26,60.1,-56.9,v2.0.1,online,fair
AH-00040,2026-07-01 19:37:00,25.68,123.75,81.1,-61.8,v1.5.0,online,good
AH-00016,2026-07-01 19:37:00,25.71,42.18,80.0,-57.7,v2.0.1,online,fair
AH-00088,2026-07-01 19:37:00,29.72,,84.6,-60.6,v1.4.2,online,good
AH-00082,2026-07-01 19:37:00,28.03,76.16,74.8,-66.6,v2.1.0,online,good
AH-00035,2026-07-01 19:38:00,24.99,47.23,78.7,-67.1,v2.0.1,offline,good
AH-00169,2026-07-01 19:39:00,29.1,46.76,82.3,-58.4,v1.5.0,online,fair
AH-00100,2026-07-01 19:39:00,29.6,53.32,80.9,-55.8,v1.5.0,offline,good
AH-00095,2026-07-01 19:43:00,27.04,26.17,63.4,-71.6,v2.0.1,online,poor
AH-00092,2026-07-01 19:43:00,,36.96,59.9,-56.9,v2.0.1,online,good
AH-00036,2026-07-01 19:44:00,36.49,45.78,54.4,-56.3,v1.5.0,online,good
AH-00184,2026-07-01 19:45:00,29.07,43.3,73.6,-56.4,v2.0.1,online,fair
AH-00035,2026-07-01 19:46:00,25.58,47.04,80.6,-67.6,v2.0.1,online,poor
AH-00155,2026-07-01 19:47:00,,46.82,84.8,-62.5,v2.0.1,online,poor
AH-00123,2026-07-01 19:47:00,32.61,50.04,69.2,-68.5,v2.0.1,online,good
AH-00060,2026-07-01 19:48:00,23.5,47.34,68.1,-72.2,v1.5.0,online,good
AH-00169,2026-07-01 19:49:00,24.94,44.97,-7.7,-67.9,v2.0.1,maintenance,poor
AH-00072,2026-07-01 19:51:00,27.5,54.2,78.8,-52.7,v2.0.1,online,good
AH-00004,2026-07-01 19:51:00,,41.08,68.7,-68.6,v1.5.0,online,good
AH-00145,2026-07-01 19:51:00,26.92,39.1,77.6,-49.9,v2.1.0,online,good
AH-00105,2026-07-01 19:53:00,31.56,55.59,67.1,-66.3,v1.4.2,online,good
AH-00029,2026-07-01 19:55:00,26.77,51.38,75.8,-61.9,v2.0.1,online,good
AH-00186,2026-07-01 19:55:00,26.11,49.37,75.4,-64.0,v2.1.0,online,good
AH-00151,2026-07-01 19:55:00,29.26,43.46,59.1,-53.3,v2.0.1,online,good
AH-00034,2026-07-01 19:55:00,21.98,53.59,82.0,-51.3,v2.1.0,online,good
AH-00120,2026-07-01 19:56:00,29.07,51.26,78.6,-60.6,v2.1.0,online,fair
AH-00041,2026-07-01 19:56:00,27.1,36.64,91.1,-53.8,v2.0.1,offline,good
AH-00070,2026-07-01 19:56:00,25.28,39.21,69.7,-67.7,v2.0.1,online,good
AH-00181,2026-07-01 19:58:00,32.72,34.3,87.7,-52.6,v1.5.0,online,good
AH-00116,2026-07-01 20:00:00,29.05,38.91,79.1,-71.4,v2.0.1,offline,good
AH-00045,2026-07-01 20:01:00,26.15,50.13,89.8,-62.7,v1.5.0,offline,good
AH-00173,2026-07-01 20:01:00,27.23,,83.3,-75.3,v1.5.0,online,good
AH-00183,2026-07-01 20:01:00,28.86,57.99,63.3,-49.4,v2.0.1,online,good
AH-00035,2026-07-01 20:05:00,24.28,41.56,77.8,-58.5,v1.4.2,maintenance,good
AH-00164,2026-07-01 20:05:00,28.42,36.94,84.9,-58.8,v2.1.0,online,good
AH-00145,2026-07-01 20:05:00,28.08,121.76,65.2,-54.5,v1.5.0,online,fair
AH-00088,2026-07-01 20:06:00,31.41,50.08,70.2,-73.7,v2.0.1,online,fair
AH-00168,2026-07-01 20:06:00,31.36,46.47,70.2,-60.0,v1.4.2,online,good
AH-00154,2026-07-01 20:06:00,21.68,49.56,87.2,-64.9,v1.5.0,online,good
AH-00111,2026-07-01 20:07:00,24.1,44.88,70.9,-60.8,v2.1.0,online,fair
AH-00169,2026-07-01 20:07:00,29.78,,72.9,-63.5,v2.1.0,online,good
AH-00118,2026-07-01 20:10:00,26.51,36.0,91.6,-69.4,v2.1.0,online,good
AH-00143,2026-07-01 20:13:00,29.53,48.48,86.2,-59.8,v1.5.0,online,good
AH-00177,2026-07-01 20:14:00,31.08,47.23,71.4,-61.0,v2.0.1,online,good
AH-00070,2026-07-01 20:14:00,27.27,40.65,98.6,-60.1,v2.0.1,offline,good
AH-00133,2026-07-01 20:15:00,30.77,,67.4,-62.2,v2.0.1,online,good
AH-00199,2026-07-01 20:16:00,22.93,51.06,72.1,-58.3,v2.0.1,online,fair
AH-00111,2026-07-01 20:16:00,29.05,54.59,86.3,-62.1,v1.5.0,offline,good
AH-00035,2026-07-01 20:16:00,33.05,55.33,72.8,-48.3,v2.0.1,online,fair
AH-00147,2026-07-01 20:17:00,23.79,35.95,50.5,-60.8,v2.0.1,online,good
AH-00119,2026-07-01 20:17:00,26.84,48.52,74.1,-61.1,v1.4.2,online,good
AH-00134,2026-07-01 20:18:00,,35.3,72.4,-59.8,v2.0.1,online,good
AH-00031,2026-07-01 20:19:00,27.17,27.8,81.6,-57.7,v2.0.1,online,good
AH-00044,2026-07-01 20:24:00,31.91,46.07,64.7,-67.1,v2.0.1,online,good
AH-00173,2026-07-01 20:27:00,25.28,44.44,75.4,-43.1,v1.5.0,online,fair
AH-00089,2026-07-01 20:28:00,28.59,114.63,90.4,-64.0,v2.0.1,online,poor
AH-00198,2026-07-01 20:29:00,30.88,44.95,93.3,-70.1,v2.0.1,online,poor
AH-00176,2026-07-01 20:30:00,26.68,38.15,97.4,-62.0,v1.5.0,online,good
AH-00048,2026-07-01 20:30:00,25.5,37.39,86.9,-65.1,v2.0.1,online,poor
AH-00002,2026-07-01 20:30:00,36.66,37.02,98.8,-68.2,v2.1.0,online,good
AH-00141,2026-07-01 20:31:00,22.9,,80.3,-59.4,v1.5.0,online,good
AH-00092,2026-07-01 20:31:00,29.96,33.09,96.1,-60.1,v2.0.1,online,good
AH-00197,2026-07-01 20:31:00,25.24,32.13,69.5,-54.3,v2.0.1,online,good
AH-00076,2026-07-01 20:31:00,28.54,45.07,82.8,-83.8,v1.5.0,online,poor
AH-00175,2026-07-01 20:33:00,25.24,32.79,68.4,-59.7,v2.0.1,online,fair
AH-00085,2026-07-01 20:34:00,28.26,45.33,96.2,-54.4,v2.0.1,offline,good
AH-00067,2026-07-01 20:35:00,37.18,40.48,83.8,-63.6,v2.1.0,online,good
AH-00024,2026-07-01 20:36:00,23.57,50.3,86.8,-78.5,v1.5.0,maintenance,good
AH-00168,2026-07-01 20:36:00,24.63,44.58,65.6,-69.8,v1.5.0,online,good
AH-00159,2026-07-01 20:37:00,24.51,57.95,79.7,-51.0,v2.0.1,online,poor
AH-00014,2026-07-01 20:39:00,30.51,41.66,71.2,-62.2,v1.4.2,online,good
AH-00062,2026-07-01 20:39:00,28.68,58.58,75.0,-67.6,v2.1.0,online,good
AH-00064,2026-07-01 20:40:00,28.67,38.66,90.6,-57.6,v2.0.1,online,fair
AH-00050,2026-07-01 20:40:00,26.91,52.0,67.7,-66.6,v2.0.1,online,good
AH-00075,2026-07-01 20:41:00,27.04,,64.5,-60.6,v2.0.1,maintenance,good
AH-00028,2026-07-01 20:41:00,30.7,45.13,88.3,-63.5,v2.1.0,online,good
AH-00104,2026-07-01 20:42:00,26.33,48.37,68.9,-72.7,v2.0.1,offline,fair
AH-00010,2026-07-01 20:43:00,31.28,35.55,81.4,-64.2,v1.5.0,online,good
AH-00111,2026-07-01 20:44:00,31.83,,79.5,-47.0,v2.0.1,offline,fair
AH-00171,2026-07-01 20:45:00,25.17,46.69,75.8,-51.8,v2.0.1,online,good
AH-00115,2026-07-01 20:45:00,27.06,52.0,77.4,-59.8,v2.0.1,online,good
AH-00183,2026-07-01 20:46:00,31.23,54.92,89.3,-48.2,v2.0.1,online,good
AH-00094,2026-07-01 20:47:00,31.45,63.31,78.2,-70.1,v2.0.1,online,good
AH-00095,2026-07-01 20:48:00,27.89,59.78,76.5,-70.4,v1.5.0,offline,good
AH-00121,2026-07-01 20:48:00,28.31,41.99,73.5,-68.6,v2.1.0,online,poor
AH-00169,2026-07-01 20:55:00,25.14,43.43,79.7,-75.5,v2.0.1,offline,good
AH-00093,2026-07-01 20:55:00,24.44,,79.5,-60.6,v2.0.1,online,fair
AH-00152,2026-07-01 20:57:00,25.93,131.17,82.6,-67.8,v2.0.1,online,good
AH-00013,2026-07-01 21:00:00,26.8,47.97,80.6,-64.1,v2.0.1,maintenance,good
AH-00142,2026-07-01 21:00:00,33.19,39.71,87.4,-50.0,v2.1.0,online,good
AH-00013,2026-07-01 21:01:00,31.65,,60.6,-57.2,v2.0.1,online,good
AH-00064,2026-07-01 21:01:00,25.6,42.78,-9.6,-50.8,v1.5.0,online,good
AH-00137,2026-07-01 21:02:00,34.17,44.81,85.1,-61.6,v2.1.0,online,fair
AH-00190,2026-07-01 21:03:00,30.65,40.88,73.8,-60.4,v2.1.0,offline,fair
AH-00031,2026-07-01 21:04:00,31.46,,89.1,-63.9,v2.1.0,offline,good
AH-00166,2026-07-01 21:05:00,24.57,44.64,60.3,-60.1,v2.1.0,online,good
AH-00126,2026-07-01 21:05:00,27.61,45.05,57.0,-71.9,v2.0.1,online,poor
AH-00079,2026-07-01 21:05:00,23.38,55.91,69.9,-55.3,v2.0.1,online,poor
AH-00179,2026-07-01 21:05:00,28.52,42.26,77.1,-66.5,v2.1.0,offline,poor
AH-00040,2026-07-01 21:06:00,25.34,24.44,80.5,-62.1,v2.0.1,online,good
AH-00098,2026-07-01 21:06:00,27.97,52.72,66.7,-60.8,v2.1.0,online,fair
AH-00023,2026-07-01 21:08:00,25.47,43.82,74.3,-58.4,v1.5.0,online,good
AH-00151,2026-07-01 21:09:00,28.75,33.98,80.6,-56.3,v1.5.0,offline,good
AH-00090,2026-07-01 21:10:00,27.01,55.54,77.8,-59.6,v1.4.2,online,poor
AH-00162,2026-07-01 21:10:00,33.69,48.93,70.7,-45.7,v1.4.2,online,good
AH-00061,2026-07-01 21:12:00,27.25,40.53,60.4,-63.1,v2.0.1,online,good
AH-00047,2026-07-01 21:13:00,27.16,45.1,61.7,-74.9,v2.1.0,online,good
AH-00057,2026-07-01 21:13:00,28.12,46.62,76.8,-69.8,v2.1.0,online,good
AH-00088,2026-07-01 21:16:00,27.32,51.46,83.4,-68.2,v2.0.1,online,fair
AH-00049,2026-07-01 21:16:00,,47.94,81.3,-59.0,v2.0.1,online,fair
AH-00090,2026-07-01 21:16:00,31.0,45.73,91.5,-66.0,v2.1.0,online,good
AH-00094,2026-07-01 21:16:00,25.78,30.79,62.1,-59.6,v2.0.1,online,good
AH-00045,2026-07-01 21:20:00,25.33,,55.9,-70.8,v1.5.0,online,good
AH-00046,2026-07-01 21:21:00,17.2,40.9,88.0,-64.0,v2.1.0,online,good
AH-00076,2026-07-01 21:22:00,,48.69,97.2,-50.1,v2.0.1,online,poor
AH-00063,2026-07-01 21:25:00,30.73,45.99,69.1,-65.3,v2.0.1,online,good
AH-00082,2026-07-01 21:26:00,24.4,65.64,80.4,-66.2,v1.5.0,online,fair
AH-00119,2026-07-01 21:26:00,28.85,43.95,82.2,-55.3,v2.1.0,online,good
AH-00094,2026-07-01 21:26:00,33.58,49.36,90.1,-58.2,v1.5.0,online,good
AH-00176,2026-07-01 21:26:00,30.4,49.57,82.4,-66.4,v2.0.1,offline,good
AH-00064,2026-07-01 21:26:00,28.27,,61.1,-61.2,v2.1.0,online,good
AH-00056,2026-07-01 21:27:00,29.72,39.37,73.0,-62.7,v2.0.1,online,good
AH-00137,2026-07-01 21:27:00,24.9,31.37,80.8,-64.9,v1.5.0,online,good
AH-00160,2026-07-01 21:29:00,,,84.4,-56.4,v2.0.1,offline,good
AH-00086,2026-07-01 21:30:00,31.55,43.99,87.7,-66.5,v1.5.0,offline,good
AH-00027,2026-07-01 21:30:00,,,75.8,-76.1,v1.5.0,online,poor
AH-00197,2026-07-01 21:31:00,28.26,28.58,62.3,-54.2,v1.5.0,online,good
AH-00143,2026-07-01 21:31:00,30.61,44.72,83.6,-50.1,v1.5.0,online,good
AH-00072,2026-07-01 21:32:00,19.35,46.78,100.0,-72.1,v2.0.1,online,good
AH-00005,2026-07-01 21:32:00,27.86,36.93,82.1,-68.8,v2.1.0,online,poor
AH-00094,2026-07-01 21:32:00,29.14,,83.8,-54.7,v2.0.1,online,poor
AH-00188,2026-07-01 21:34:00,32.96,47.36,88.9,-45.8,v2.1.0,online,fair
AH-00160,2026-07-01 21:34:00,27.3,58.82,65.6,-55.0,v2.1.0,online,good
AH-00128,2026-07-01 21:35:00,,52.72,90.3,-51.2,v2.0.1,online,fair
AH-00145,2026-07-01 21:37:00,30.24,39.91,59.1,-63.5,v2.1.0,online,fair
AH-00172,2026-07-01 21:37:00,26.8,57.02,56.7,-51.4,v2.1.0,offline,good
AH-00047,2026-07-01 21:38:00,,56.99,63.6,-80.5,v2.0.1,maintenance,good
AH-00088,2026-07-01 21:39:00,31.17,60.97,79.9,-65.7,v1.5.0,online,poor
AH-00170,2026-07-01 21:40:00,32.3,49.87,91.7,-57.3,v1.5.0,online,good
AH-00186,2026-07-01 21:40:00,31.55,55.18,83.3,-64.6,v2.0.1,online,good
AH-00068,2026-07-01 21:41:00,26.38,37.44,73.4,-62.5,v2.0.1,offline,good
AH-00044,2026-07-01 21:43:00,33.21,47.94,85.4,-66.5,v2.0.1,online,fair
AH-00118,2026-07-01 21:44:00,32.76,61.3,65.7,-58.2,v2.0.1,online,fair
AH-00151,2026-07-01 21:45:00,31.29,53.21,85.1,-67.6,v2.0.1,offline,good
AH-00150,2026-07-01 21:48:00,31.84,33.03,75.5,-61.4,v1.4.2,online,good
AH-00196,2026-07-01 21:48:00,24.97,36.22,93.4,-62.3,v1.5.0,online,good
AH-00195,2026-07-01 21:50:00,32.51,,66.1,-62.2,v1.5.0,online,good
AH-00088,2026-07-01 21:51:00,26.88,42.58,77.3,-68.8,v2.0.1,offline,poor
AH-00044,2026-07-01 21:51:00,27.53,60.46,81.4,-53.2,v2.1.0,online,good
AH-00045,2026-07-01 21:52:00,24.59,48.18,65.0,-66.8,v2.0.1,online,fair
AH-00126,2026-07-01 21:54:00,21.37,49.04,100.0,-69.9,v2.1.0,online,good
AH-00029,2026-07-01 21:54:00,24.28,51.04,-10.5,-51.3,v2.1.0,online,good
AH-00016,2026-07-01 21:58:00,29.18,,72.1,-76.4,v2.1.0,online,fair
AH-00144,2026-07-01 21:59:00,36.03,31.0,92.4,-74.1,v1.5.0,online,good
AH-00108,2026-07-01 22:01:00,25.62,53.04,93.8,-67.4,v2.0.1,maintenance,good
AH-00033,2026-07-01 22:02:00,21.73,17.05,45.8,-58.0,v2.0.1,online,good
AH-00128,2026-07-01 22:02:00,,44.61,81.7,-84.3,v2.0.1,online,good
AH-00139,2026-07-01 22:04:00,25.37,42.4,58.5,-72.6,v1.5.0,online,fair
AH-00059,2026-07-01 22:05:00,23.42,129.26,91.3,-66.7,v2.1.0,maintenance,good
AH-00191,2026-07-01 22:05:00,30.13,41.03,90.3,-60.0,v2.0.1,online,fair
AH-00051,2026-07-01 22:06:00,,59.51,72.6,-59.9,v2.0.1,online,good
AH-00125,2026-07-01 22:07:00,30.17,55.92,-11.4,-57.2,v1.4.2,online,good
AH-00001,2026-07-01 22:08:00,23.54,39.63,80.3,-60.0,v2.1.0,online,good
AH-00076,2026-07-01 22:08:00,25.03,49.1,100.0,-65.5,v2.0.1,offline,good
AH-00080,2026-07-01 22:09:00,25.29,56.55,81.9,-54.4,v1.4.2,online,good
AH-00153,2026-07-01 22:09:00,29.81,42.31,74.2,-66.8,v1.5.0,online,good
AH-00027,2026-07-01 22:09:00,26.62,37.96,57.7,-47.2,v2.1.0,online,good
AH-00074,2026-07-01 22:09:00,29.98,34.86,75.0,-62.8,v2.0.1,online,good
AH-00199,2026-07-01 22:10:00,24.7,39.51,94.9,-69.4,v1.5.0,online,poor
AH-00093,2026-07-01 22:11:00,,51.19,83.8,-61.7,v2.1.0,online,good
AH-00126,2026-07-01 22:12:00,29.99,45.95,66.5,-54.7,v2.1.0,online,good
AH-00062,2026-07-01 22:14:00,26.45,36.15,79.2,-76.9,v2.0.1,offline,good
AH-00051,2026-07-01 22:14:00,27.76,62.65,48.7,-67.4,v2.0.1,online,poor
AH-00134,2026-07-01 22:15:00,34.15,44.05,86.2,-56.3,v2.1.0,online,good
AH-00064,2026-07-01 22:16:00,33.98,36.29,78.2,-61.9,v2.1.0,online,fair
AH-00019,2026-07-01 22:17:00,29.6,,66.0,-55.0,v1.5.0,offline,good
AH-00027,2026-07-01 22:18:00,24.13,41.27,100.0,-69.2,v1.4.2,maintenance,fair
AH-00199,2026-07-01 22:18:00,29.65,43.97,57.9,-55.1,v2.0.1,online,fair
AH-00078,2026-07-01 22:19:00,33.24,31.62,63.7,-62.0,v1.5.0,online,good
AH-00168,2026-07-01 22:20:00,25.57,,86.5,-56.8,v2.0.1,online,poor
AH-00182,2026-07-01 22:20:00,,42.54,78.3,-57.5,v1.5.0,online,good
AH-00023,2026-07-01 22:20:00,,31.91,91.6,-61.9,v1.5.0,online,good
AH-00069,2026-07-01 22:21:00,30.67,38.89,88.8,-49.0,v2.1.0,maintenance,good
AH-00078,2026-07-01 22:22:00,27.25,48.01,63.0,-62.2,v2.0.1,online,good
AH-00191,2026-07-01 22:23:00,,48.56,81.4,-64.3,v2.1.0,online,good
AH-00161,2026-07-01 22:23:00,,48.79,96.0,-63.0,v2.1.0,online,good
AH-00185,2026-07-01 22:23:00,29.05,41.47,66.4,-73.8,v2.0.1,online,fair
AH-00147,2026-07-01 22:25:00,24.07,42.94,48.7,-61.3,v2.1.0,online,good
AH-00093,2026-07-01 22:25:00,27.2,,73.8,-57.9,v2.0.1,online,good
AH-00189,2026-07-01 22:25:00,28.05,50.18,99.1,-51.5,v2.1.0,online,good
AH-00019,2026-07-01 22:25:00,,54.52,87.3,-68.4,v2.1.0,online,good
AH-00165,2026-07-01 22:25:00,,49.58,90.1,-66.5,v2.0.1,online,good
AH-00080,2026-07-01 22:26:00,,34.42,67.1,-56.8,v2.0.1,online,fair
AH-00088,2026-07-01 22:26:00,27.61,39.24,75.2,-60.9,v2.1.0,online,fair
AH-00061,2026-07-01 22:26:00,,38.16,75.9,-61.9,v1.5.0,online,good
AH-00141,2026-07-01 22:28:00,26.65,41.01,72.0,-53.0,v2.0.1,online,good
AH-00053,2026-07-01 22:30:00,26.25,31.36,90.8,-61.0,v2.0.1,online,good
AH-00160,2026-07-01 22:31:00,26.75,42.48,64.6,-58.7,v2.0.1,online,fair
AH-00035,2026-07-01 22:31:00,23.83,36.89,66.7,-63.7,v2.1.0,maintenance,good
AH-00185,2026-07-01 22:32:00,30.76,,83.4,-67.4,v2.1.0,online,poor
AH-00110,2026-07-01 22:33:00,28.85,36.71,100.0,-64.4,v2.0.1,online,good
AH-00032,2026-07-01 22:33:00,32.14,116.69,-4.4,-59.2,v2.1.0,online,good
AH-00092,2026-07-01 22:34:00,28.87,41.85,61.1,-68.7,v1.5.0,online,good
AH-00132,2026-07-01 22:35:00,29.42,,74.4,-54.6,v2.1.0,online,fair
AH-00164,2026-07-01 22:36:00,34.18,40.94,98.1,-64.0,v1.5.0,online,good
AH-00115,2026-07-01 22:37:00,26.03,27.95,94.4,-60.9,v2.0.1,online,good
AH-00009,2026-07-01 22:38:00,35.24,48.08,81.2,-78.7,v2.0.1,online,fair
AH-00079,2026-07-01 22:39:00,26.27,49.75,66.0,-62.3,v1.4.2,online,good
AH-00019,2026-07-01 22:39:00,27.44,57.66,74.3,-58.0,v2.0.1,online,fair
AH-00125,2026-07-01 22:39:00,24.74,,97.8,-59.6,v2.0.1,online,good
AH-00011,2026-07-01 22:39:00,27.57,47.68,74.6,-61.9,v2.1.0,online,poor
AH-00094,2026-07-01 22:40:00,32.64,,76.3,-61.1,v1.5.0,offline,good
AH-00146,2026-07-01 22:42:00,23.27,47.48,100.0,-42.6,v2.1.0,online,good
AH-00193,2026-07-01 22:42:00,,34.72,83.3,-63.3,v2.0.1,online,fair
AH-00025,2026-07-01 22:42:00,27.7,37.11,64.5,-61.3,v2.0.1,maintenance,good
AH-00070,2026-07-01 22:43:00,26.89,,88.9,-59.7,v1.5.0,online,poor
AH-00137,2026-07-01 22:43:00,26.97,30.99,59.5,-57.9,v2.0.1,online,good
AH-00197,2026-07-01 22:45:00,28.39,32.06,80.4,-64.9,v2.0.1,online,good
AH-00176,2026-07-01 22:46:00,24.13,45.55,76.4,-61.3,v2.1.0,online,good
AH-00086,2026-07-01 22:46:00,29.87,49.04,63.6,-59.1,v2.0.1,maintenance,fair
AH-00154,2026-07-01 22:46:00,31.29,49.63,87.4,-64.4,v2.0.1,online,good
AH-00063,2026-07-01 22:47:00,22.22,45.98,65.7,-51.6,v1.5.0,online,good
AH-00096,2026-07-01 22:47:00,25.09,43.24,78.6,-54.7,v2.0.1,online,good
AH-00020,2026-07-01 22:47:00,,21.32,82.8,-52.8,v2.1.0,online,fair
AH-00073,2026-07-01 22:48:00,23.5,55.07,72.2,-55.9,v2.0.1,online,poor
AH-00159,2026-07-01 22:49:00,,47.62,58.8,-56.5,v2.0.1,online,good
AH-00161,2026-07-01 22:49:00,31.85,44.72,100.0,-55.1,v2.0.1,online,good
AH-00102,2026-07-01 22:49:00,22.38,38.08,77.6,-62.4,v1.4.2,online,good
AH-00199,2026-07-01 22:51:00,28.64,53.21,69.9,-53.7,v1.5.0,online,poor
AH-00044,2026-07-01 22:54:00,34.88,38.15,74.9,-63.6,v2.1.0,online,good
AH-00144,2026-07-01 22:54:00,,42.67,86.3,-59.9,v2.1.0,online,fair
AH-00010,2026-07-01 22:54:00,25.9,45.35,91.7,-59.1,v2.1.0,online,good
AH-00005,2026-07-01 22:55:00,29.96,36.67,98.6,-64.0,v2.1.0,online,good
AH-00158,2026-07-01 22:55:00,31.02,28.07,73.7,-69.4,v2.1.0,online,good
AH-00094,2026-07-01 22:56:00,30.42,33.04,80.5,-48.2,v2.0.1,online,fair
AH-00130,2026-07-01 22:56:00,30.33,51.43,86.6,-64.3,v1.5.0,offline,fair
AH-00139,2026-07-01 22:57:00,,38.32,92.7,-63.6,v2.0.1,online,good
AH-00073,2026-07-01 22:59:00,31.43,52.73,92.0,-54.6,v1.5.0,maintenance,fair
AH-00060,2026-07-01 23:00:00,32.95,42.09,53.4,-75.0,v1.5.0,offline,good
AH-00102,2026-07-01 23:00:00,31.15,64.72,67.5,-61.2,v2.0.1,online,good
AH-00075,2026-07-01 23:01:00,24.91,,72.0,-50.8,v2.1.0,offline,good
AH-00085,2026-07-01 23:01:00,27.2,48.35,100.0,-78.0,v1.5.0,maintenance,good
AH-00169,2026-07-01 23:01:00,29.19,42.49,95.6,-59.3,v2.1.0,online,good
AH-00124,2026-07-01 23:02:00,31.24,45.64,70.8,-42.2,v2.0.1,maintenance,good
AH-00145,2026-07-01 23:03:00,21.45,46.01,89.0,-54.9,v2.0.1,offline,good
AH-00116,2026-07-01 23:04:00,26.75,33.74,82.4,-70.4,v1.5.0,online,fair
AH-00130,2026-07-01 23:05:00,26.32,48.08,47.0,-52.9,v2.0.1,offline,good
AH-00194,2026-07-01 23:06:00,26.68,48.69,91.5,-60.1,v1.5.0,online,good
AH-00051,2026-07-01 23:06:00,28.04,41.4,76.5,-60.6,v2.0.1,online,good
AH-00021,2026-07-01 23:07:00,28.69,42.6,91.2,-66.4,v2.1.0,online,good
AH-00067,2026-07-01 23:09:00,26.66,42.8,67.9,-57.3,v2.0.1,online,fair
AH-00100,2026-07-01 23:11:00,28.92,59.05,60.9,-65.8,v1.5.0,online,good
AH-00054,2026-07-01 23:11:00,22.77,47.83,59.8,-57.1,v1.5.0,online,good
AH-00029,2026-07-01 23:13:00,31.97,,65.2,-73.5,v1.5.0,online,good
AH-00064,2026-07-01 23:14:00,27.83,61.76,82.2,-64.5,v2.0.1,online,good
AH-00141,2026-07-01 23:18:00,30.98,38.49,74.8,-76.0,v2.0.1,online,good
AH-00147,2026-07-01 23:18:00,31.18,37.13,93.5,-81.0,v1.5.0,online,fair
AH-00175,2026-07-01 23:19:00,28.96,36.85,90.8,-70.7,v2.0.1,online,good
AH-00169,2026-07-01 23:22:00,27.09,53.64,66.2,-55.4,v2.0.1,online,good
AH-00073,2026-07-01 23:25:00,24.94,46.19,69.3,-66.8,v2.0.1,online,good
AH-00079,2026-07-01 23:26:00,28.65,34.41,67.8,-62.4,v2.0.1,maintenance,good
AH-00157,2026-07-01 23:26:00,19.76,47.9,-11.2,-61.4,v2.0.1,online,fair
AH-00069,2026-07-01 23:26:00,26.52,43.32,71.2,-51.6,v2.0.1,online,poor
AH-00088,2026-07-01 23:26:00,31.35,43.23,52.4,-60.9,v1.5.0,online,good
AH-00074,2026-07-01 23:27:00,27.44,57.22,81.7,-66.3,v2.1.0,online,poor
AH-00108,2026-07-01 23:27:00,19.03,,90.7,-67.5,v1.5.0,online,good
AH-00175,2026-07-01 23:30:00,27.27,49.91,76.3,-70.4,v1.5.0,online,poor
AH-00099,2026-07-01 23:32:00,30.76,,89.2,-59.3,v2.1.0,online,good
AH-00026,2026-07-01 23:32:00,24.09,61.24,71.3,-75.6,v1.5.0,online,good
AH-00132,2026-07-01 23:36:00,30.05,20.61,91.0,-64.2,v2.0.1,online,fair
AH-00066,2026-07-01 23:36:00,20.53,54.66,79.8,-61.8,v1.5.0,online,good
AH-00043,2026-07-01 23:36:00,28.22,34.16,83.3,-50.7,v2.0.1,offline,poor
AH-00194,2026-07-01 23:36:00,27.39,60.23,83.6,-56.9,v1.5.0,offline,good
AH-00158,2026-07-01 23:36:00,23.93,54.99,99.9,-54.1,v2.0.1,online,good
AH-00040,2026-07-01 23:36:00,29.37,45.22,82.7,-60.2,v2.0.1,online,good
AH-00076,2026-07-01 23:37:00,27.16,38.76,89.7,-53.6,v2.1.0,online,good
AH-00181,2026-07-01 23:37:00,23.57,37.87,62.8,-66.9,v1.5.0,online,fair
AH-00178,2026-07-01 23:38:00,28.12,58.01,85.9,-74.6,v1.5.0,online,good
AH-00095,2026-07-01 23:38:00,30.32,28.76,80.1,-53.9,v2.0.1,online,good
AH-00027,2026-07-01 23:40:00,34.16,40.17,-0.5,-73.7,v1.5.0,online,good
AH-00086,2026-07-01 23:40:00,33.0,56.18,77.6,-41.6,v2.0.1,online,fair
AH-00188,2026-07-01 23:40:00,28.06,46.64,92.9,-69.2,v1.5.0,maintenance,good
AH-00033,2026-07-01 23:40:00,30.02,57.77,75.0,-77.8,v2.1.0,online,good
AH-00104,2026-07-01 23:40:00,23.39,56.35,98.6,-55.9,v2.0.1,offline,fair
AH-00126,2026-07-01 23:40:00,29.82,47.76,75.2,-57.1,v1.5.0,online,good
AH-00107,2026-07-01 23:43:00,34.44,35.92,86.5,-55.7,v2.0.1,online,fair
AH-00189,2026-07-01 23:43:00,27.41,52.93,91.2,-48.0,v2.0.1,online,poor
AH-00141,2026-07-01 23:46:00,,43.78,83.8,-56.7,v1.5.0,maintenance,good
AH-00037,2026-07-01 23:46:00,28.3,42.42,85.8,-68.0,v2.0.1,offline,good
AH-00143,2026-07-01 23:48:00,,55.48,84.9,-50.7,v2.0.1,online,fair
AH-00164,2026-07-01 23:49:00,21.11,26.52,81.7,-47.8,v2.1.0,online,good
AH-00050,2026-07-01 23:51:00,29.11,106.29,79.0,-74.0,v1.5.0,maintenance,poor
AH-00045,2026-07-01 23:52:00,24.97,43.8,72.0,-64.1,v1.5.0,online,good
AH-00042,2026-07-01 23:54:00,29.61,33.48,55.8,-67.5,v2.0.1,offline,good
AH-00141,2026-07-01 23:56:00,28.56,41.24,78.6,-61.6,v2.0.1,offline,good
AH-00114,2026-07-01 23:56:00,31.25,45.77,84.1,-50.1,v1.5.0,online,good
AH-00026,2026-07-01 23:58:00,30.08,47.1,81.7,-66.0,v2.1.0,online,good
AH-00127,2026-07-01 23:59:00,,,82.4,-54.6,v2.1.0,offline,good
AH-00007,2026-07-01 23:59:00,28.83,54.35,76.7,-59.0,v2.0.1,online,fair
AH-00167,2026-07-01 23:59:00,23.13,31.44,90.3,-69.0,v2.0.1,maintenance,good
AH-00154,2026-07-02 00:00:00,30.51,39.41,100.0,-60.7,v2.1.0,online,good
AH-00031,2026-07-02 00:01:00,23.53,43.36,72.4,-62.2,v1.5.0,online,fair
AH-00001,2026-07-02 00:02:00,28.25,36.2,82.2,-51.4,v2.1.0,online,good
AH-00114,2026-07-02 00:03:00,31.67,44.09,72.2,-65.3,v1.5.0,maintenance,good
AH-00112,2026-07-02 00:04:00,25.35,45.09,90.1,-55.4,v1.5.0,online,good
AH-00042,2026-07-02 00:07:00,29.7,39.18,80.7,-58.5,v2.1.0,online,good
AH-00125,2026-07-02 00:08:00,26.51,62.9,96.4,-69.6,v1.5.0,online,good
AH-00150,2026-07-02 00:09:00,33.79,,57.8,-68.6,v1.4.2,online,good
AH-00160,2026-07-02 00:09:00,31.71,,76.5,-55.8,v2.0.1,online,good
AH-00071,2026-07-02 00:12:00,32.57,,69.2,-84.3,v2.1.0,online,good
AH-00054,2026-07-02 00:13:00,27.7,26.6,80.4,-68.2,v2.1.0,online,fair
AH-00063,2026-07-02 00:15:00,28.45,38.9,83.4,-50.2,v2.0.1,online,good
AH-00039,2026-07-02 00:16:00,28.46,41.32,54.1,-66.2,v1.5.0,offline,good
AH-00106,2026-07-02 00:16:00,22.59,45.85,77.2,-57.4,v1.5.0,online,good
AH-00172,2026-07-02 00:16:00,26.25,,82.2,-75.9,v2.0.1,online,good
AH-00026,2026-07-02 00:18:00,30.18,,74.5,-68.0,v2.1.0,online,fair
AH-00176,2026-07-02 00:19:00,28.11,40.9,100.0,-66.8,v1.5.0,online,good
AH-00013,2026-07-02 00:20:00,26.31,52.37,87.5,-60.7,v1.5.0,maintenance,good
AH-00037,2026-07-02 00:20:00,33.02,43.94,91.3,-56.5,v2.1.0,online,good
AH-00134,2026-07-02 00:20:00,25.64,35.16,100.0,-67.7,v1.4.2,online,poor
AH-00096,2026-07-02 00:22:00,25.99,50.72,47.5,-67.7,v1.4.2,offline,good
AH-00057,2026-07-02 00:23:00,30.03,40.66,97.5,-61.8,v2.1.0,offline,good
AH-00033,2026-07-02 00:24:00,23.98,45.1,71.1,-72.0,v1.5.0,online,good
AH-00142,2026-07-02 00:25:00,30.81,36.74,88.7,-61.4,v2.0.1,online,good
AH-00067,2026-07-02 00:25:00,26.92,46.42,55.6,-78.5,v2.0.1,online,good
AH-00032,2026-07-02 00:26:00,26.1,45.89,80.9,-48.5,v1.5.0,offline,poor
AH-00063,2026-07-02 00:26:00,19.56,29.2,80.5,-67.0,v2.1.0,online,good
AH-00094,2026-07-02 00:27:00,27.53,,84.0,-57.3,v2.0.1,online,good
AH-00042,2026-07-02 00:27:00,27.49,32.88,85.9,-60.9,v2.0.1,online,good
AH-00154,2026-07-02 00:28:00,21.05,35.71,100.0,-59.7,v2.0.1,offline,good
AH-00149,2026-07-02 00:28:00,27.43,28.82,73.2,-65.6,v1.5.0,online,poor
AH-00077,2026-07-02 00:30:00,27.64,45.0,74.0,-66.6,v2.0.1,online,good
AH-00101,2026-07-02 00:31:00,,40.17,88.6,-54.4,v1.5.0,online,good
AH-00100,2026-07-02 00:32:00,26.45,56.27,89.5,-68.3,v1.5.0,online,good
AH-00160,2026-07-02 00:33:00,28.8,48.82,99.8,-54.9,v2.1.0,maintenance,good
AH-00131,2026-07-02 00:34:00,29.07,,70.0,-52.3,v2.0.1,online,good
AH-00192,2026-07-02 00:36:00,31.86,54.84,60.4,-51.7,v2.0.1,online,good
AH-00001,2026-07-02 00:38:00,20.13,59.1,76.6,-59.8,v2.1.0,online,good
AH-00092,2026-07-02 00:38:00,34.08,48.25,80.7,-51.3,v2.1.0,online,good
AH-00092,2026-07-02 00:39:00,27.1,62.39,62.9,-50.7,v2.0.1,offline,good
AH-00072,2026-07-02 00:39:00,,,82.6,-62.3,v1.5.0,online,good
AH-00172,2026-07-02 00:39:00,27.5,49.06,92.2,-78.1,v1.5.0,online,good
AH-00168,2026-07-02 00:41:00,31.95,52.66,77.0,-67.2,v2.1.0,online,fair
AH-00194,2026-07-02 00:43:00,29.09,62.72,75.0,-58.6,v1.4.2,online,good
AH-00030,2026-07-02 00:44:00,26.13,48.84,83.8,-62.1,v1.5.0,online,good
AH-00035,2026-07-02 00:44:00,26.65,58.85,70.7,-53.8,v2.1.0,offline,good
AH-00045,2026-07-02 00:45:00,22.95,47.96,86.4,-58.4,v2.0.1,online,poor
AH-00091,2026-07-02 00:45:00,36.3,35.86,68.3,-59.6,v2.1.0,online,poor
AH-00052,2026-07-02 00:46:00,30.6,46.98,88.0,-71.0,v2.0.1,maintenance,fair
AH-00123,2026-07-02 00:47:00,29.46,36.99,89.6,-66.6,v2.0.1,online,good
AH-00033,2026-07-02 00:48:00,27.73,41.07,93.9,-64.7,v1.4.2,online,good
AH-00197,2026-07-02 00:48:00,30.74,49.31,65.0,-65.3,v2.1.0,online,fair
AH-00031,2026-07-02 00:49:00,32.75,52.73,49.1,-51.7,v2.1.0,maintenance,fair
AH-00098,2026-07-02 00:49:00,27.27,,97.7,-54.9,v2.0.1,offline,good
AH-00151,2026-07-02 00:50:00,30.38,39.04,70.2,-69.6,v2.0.1,online,good
AH-00174,2026-07-02 00:52:00,28.61,,68.2,-64.0,v2.0.1,online,good
AH-00066,2026-07-02 00:54:00,28.77,51.96,94.4,-55.5,v2.1.0,online,good
AH-00178,2026-07-02 00:54:00,25.58,43.41,92.4,-63.9,v1.5.0,online,good
AH-00022,2026-07-02 00:56:00,34.6,,85.1,-36.1,v2.0.1,online,good
AH-00014,2026-07-02 00:56:00,28.88,30.74,70.8,-76.8,v1.5.0,online,good
AH-00032,2026-07-02 00:57:00,29.47,48.0,73.5,-67.3,v2.0.1,online,fair
AH-00173,2026-07-02 00:58:00,27.13,47.76,62.9,-54.1,v2.0.1,offline,good
AH-00170,2026-07-02 00:58:00,32.96,48.33,87.8,-64.1,v2.0.1,online,good
AH-00093,2026-07-02 01:02:00,28.72,50.87,86.5,-62.5,v2.1.0,online,good
AH-00114,2026-07-02 01:02:00,25.78,37.8,71.0,-69.4,v2.0.1,offline,good
AH-00130,2026-07-02 01:02:00,29.07,41.28,60.7,-44.5,v2.1.0,maintenance,fair
AH-00077,2026-07-02 01:03:00,28.33,44.15,92.0,-54.4,v2.0.1,online,good
AH-00079,2026-07-02 01:03:00,25.06,57.48,75.1,-64.1,v1.5.0,online,good
AH-00037,2026-07-02 01:05:00,26.7,48.9,83.7,-68.2,v2.0.1,online,good
AH-00188,2026-07-02 01:06:00,26.84,53.07,96.7,-49.1,v2.1.0,online,good
AH-00017,2026-07-02 01:06:00,27.42,45.97,64.2,-51.9,v1.4.2,online,fair
AH-00119,2026-07-02 01:07:00,31.6,35.23,73.1,-58.5,v2.0.1,online,fair
AH-00076,2026-07-02 01:09:00,25.01,46.74,74.3,-72.0,v2.1.0,online,good
AH-00123,2026-07-02 01:09:00,29.33,39.86,77.7,-60.2,v2.1.0,online,good
AH-00191,2026-07-02 01:10:00,25.05,59.38,76.4,-59.6,v2.0.1,online,fair
AH-00121,2026-07-02 01:10:00,28.03,41.16,83.4,-54.4,v2.1.0,online,fair
AH-00056,2026-07-02 01:12:00,27.9,41.04,74.8,-64.0,v1.5.0,online,fair
AH-00170,2026-07-02 01:13:00,29.14,39.93,75.0,-70.9,v2.0.1,offline,good
AH-00181,2026-07-02 01:14:00,28.56,46.2,58.3,-68.1,v1.5.0,online,good
AH-00055,2026-07-02 01:15:00,24.85,40.41,84.9,-58.9,v2.1.0,online,poor
AH-00054,2026-07-02 01:16:00,23.36,51.57,72.7,-65.4,v1.5.0,online,good
AH-00131,2026-07-02 01:16:00,28.72,37.33,83.3,-52.7,v2.0.1,online,good
AH-00050,2026-07-02 01:19:00,31.46,39.17,91.8,-77.8,v2.1.0,online,good
AH-00041,2026-07-02 01:19:00,35.44,44.31,76.4,-58.2,v2.0.1,online,good
AH-00059,2026-07-02 01:19:00,24.64,51.36,95.3,-59.6,v1.5.0,online,good
AH-00045,2026-07-02 01:20:00,27.69,50.14,80.8,-51.0,v2.0.1,maintenance,poor
AH-00128,2026-07-02 01:21:00,28.29,46.22,74.0,-57.1,v1.5.0,online,poor
AH-00052,2026-07-02 01:23:00,25.85,51.63,65.9,-55.8,v2.0.1,maintenance,good
AH-00070,2026-07-02 01:24:00,29.08,42.82,69.5,-64.0,v2.0.1,online,good
AH-00166,2026-07-02 01:25:00,34.35,42.0,78.5,-56.0,v2.1.0,online,good
AH-00175,2026-07-02 01:26:00,25.42,43.96,87.6,-64.1,v2.1.0,online,good
AH-00153,2026-07-02 01:27:00,28.16,37.66,81.4,-78.6,v2.0.1,online,good
AH-00036,2026-07-02 01:28:00,31.46,53.96,60.3,-67.5,v2.0.1,online,fair
AH-00063,2026-07-02 01:31:00,29.19,45.22,66.9,-73.9,v2.1.0,online,good
AH-00101,2026-07-02 01:32:00,27.18,44.1,76.3,-74.8,v2.0.1,online,fair
AH-00174,2026-07-02 01:33:00,21.38,47.25,94.5,-57.5,v1.5.0,maintenance,good
AH-00136,2026-07-02 01:33:00,30.72,37.35,85.8,-58.1,v1.5.0,online,good
AH-00138,2026-07-02 01:34:00,29.79,58.08,88.4,-49.7,v2.0.1,online,fair
AH-00137,2026-07-02 01:34:00,27.08,,93.3,-57.3,v2.1.0,online,poor
AH-00150,2026-07-02 01:36:00,31.23,50.78,75.4,-47.4,v2.1.0,maintenance,good
AH-00028,2026-07-02 01:37:00,30.06,,47.1,-71.0,v2.1.0,maintenance,good
AH-00100,2026-07-02 01:38:00,28.49,30.0,59.4,-62.7,v2.1.0,online,fair
AH-00039,2026-07-02 01:38:00,23.95,42.79,71.0,-65.8,v1.5.0,online,good
AH-00069,2026-07-02 01:41:00,31.57,28.68,74.2,-33.6,v2.0.1,online,good
AH-00175,2026-07-02 01:42:00,21.75,35.63,57.1,-62.6,v1.5.0,online,good
AH-00189,2026-07-02 01:46:00,25.24,,63.4,-58.6,v2.1.0,maintenance,fair
AH-00048,2026-07-02 01:47:00,31.28,41.92,71.5,-60.5,v2.1.0,online,fair
AH-00066,2026-07-02 01:47:00,23.55,38.4,59.2,-59.0,v2.1.0,online,good
AH-00034,2026-07-02 01:48:00,27.33,37.4,50.1,-63.9,v2.1.0,offline,good
AH-00160,2026-07-02 01:49:00,28.54,31.74,85.0,-62.2,v2.1.0,online,fair
AH-00004,2026-07-02 01:49:00,30.55,,58.0,-71.3,v1.5.0,offline,fair
AH-00150,2026-07-02 01:51:00,28.83,58.72,87.0,-70.1,v2.0.1,online,good
AH-00057,2026-07-02 01:51:00,,27.19,87.0,-60.3,v1.5.0,online,good
AH-00151,2026-07-02 01:51:00,27.27,66.18,78.3,-57.2,v2.1.0,online,poor
AH-00178,2026-07-02 01:53:00,24.75,27.26,94.6,-65.4,v2.1.0,online,good
AH-00083,2026-07-02 01:53:00,34.62,29.92,94.7,-77.0,v2.1.0,offline,good
AH-00166,2026-07-02 01:55:00,26.6,40.46,92.3,-67.1,v2.1.0,online,good
AH-00137,2026-07-02 01:55:00,28.41,47.67,78.0,-68.9,v2.0.1,online,fair
AH-00077,2026-07-02 01:56:00,24.51,39.41,60.4,-76.0,v2.1.0,online,good
AH-00126,2026-07-02 01:56:00,27.94,40.08,83.2,-62.5,v2.0.1,online,poor
AH-00003,2026-07-02 01:56:00,27.12,41.68,71.8,-53.4,v1.5.0,online,good
AH-00197,2026-07-02 01:57:00,,61.9,79.9,-77.0,v2.0.1,online,good
AH-00087,2026-07-02 01:57:00,26.25,,68.9,-55.9,v1.5.0,online,fair
AH-00171,2026-07-02 01:59:00,28.33,44.11,83.1,-61.2,v1.5.0,online,good
AH-00056,2026-07-02 02:00:00,32.33,41.43,53.5,-58.0,v1.5.0,maintenance,good
AH-00149,2026-07-02 02:01:00,27.61,49.92,68.1,-42.7,v2.0.1,online,fair
AH-00045,2026-07-02 02:02:00,25.13,40.51,87.6,-68.8,v2.0.1,online,good
AH-00083,2026-07-02 02:04:00,35.16,26.49,90.3,-63.0,v2.0.1,online,fair
AH-00173,2026-07-02 02:04:00,33.43,39.21,80.1,-58.9,v1.5.0,online,poor
AH-00146,2026-07-02 02:04:00,29.75,51.27,73.1,-81.5,v2.1.0,offline,good
AH-00004,2026-07-02 02:04:00,34.81,45.99,78.6,-60.6,v1.4.2,online,poor
AH-00190,2026-07-02 02:05:00,,35.17,93.7,-36.6,v2.0.1,online,good
AH-00131,2026-07-02 02:07:00,27.47,35.55,70.2,-66.3,v1.5.0,maintenance,poor
AH-00159,2026-07-02 02:08:00,22.02,44.67,72.9,-77.3,v2.0.1,online,fair
AH-00125,2026-07-02 02:08:00,28.54,49.95,64.8,-53.4,v1.5.0,online,good
AH-00121,2026-07-02 02:08:00,27.82,43.05,79.2,-66.2,v2.0.1,online,good
AH-00016,2026-07-02 02:09:00,30.83,49.47,76.5,-68.7,v2.1.0,online,good
AH-00139,2026-07-02 02:10:00,19.3,41.28,88.3,-65.3,v2.1.0,online,good
AH-00081,2026-07-02 02:10:00,31.25,38.05,60.1,-67.4,v2.1.0,online,good
AH-00091,2026-07-02 02:10:00,27.42,45.78,-1.4,-59.0,v2.1.0,online,good
AH-00138,2026-07-02 02:12:00,23.24,46.53,62.7,-62.5,v2.1.0,online,fair
AH-00044,2026-07-02 02:12:00,27.35,59.38,67.5,-64.5,v2.0.1,online,good
AH-00133,2026-07-02 02:14:00,32.23,45.93,52.6,-65.1,v2.1.0,online,good
AH-00019,2026-07-02 02:15:00,26.5,45.24,92.3,-56.2,v2.0.1,online,good
AH-00079,2026-07-02 02:16:00,29.43,44.98,76.8,-69.6,v2.1.0,maintenance,fair
AH-00195,2026-07-02 02:16:00,30.6,48.51,69.0,-53.2,v1.5.0,online,fair
AH-00088,2026-07-02 02:17:00,,44.82,-6.5,-62.0,v2.1.0,online,good
AH-00034,2026-07-02 02:20:00,35.91,36.48,81.7,-47.2,v1.5.0,online,good
AH-00114,2026-07-02 02:22:00,29.72,,64.5,-75.4,v2.1.0,online,good
AH-00018,2026-07-02 02:24:00,,50.79,79.9,-69.2,v2.1.0,online,good
AH-00156,2026-07-02 02:25:00,30.18,51.4,64.0,-63.4,v2.0.1,online,fair
AH-00055,2026-07-02 02:27:00,31.06,27.26,71.4,-61.9,v1.5.0,maintenance,fair
AH-00027,2026-07-02 02:30:00,28.77,48.56,73.5,-56.5,v2.0.1,online,good
AH-00130,2026-07-02 02:31:00,24.13,49.53,69.8,-63.9,v2.0.1,online,good
AH-00038,2026-07-02 02:32:00,,61.7,92.6,-59.8,v2.0.1,online,good
AH-00189,2026-07-02 02:33:00,34.83,51.74,88.7,-47.2,v2.1.0,online,good
AH-00032,2026-07-02 02:33:00,28.73,37.3,95.4,-73.2,v2.0.1,online,fair
AH-00167,2026-07-02 02:34:00,29.19,,77.6,-60.4,v2.1.0,online,good
AH-00057,2026-07-02 02:34:00,25.17,,76.7,-64.2,v2.0.1,maintenance,good
AH-00076,2026-07-02 02:34:00,25.47,39.08,74.3,-78.0,v1.5.0,online,good
AH-00148,2026-07-02 02:35:00,30.15,50.38,82.7,-78.7,v2.0.1,online,fair
AH-00161,2026-07-02 02:38:00,30.14,56.2,73.2,-52.3,v1.5.0,online,good
AH-00060,2026-07-02 02:41:00,27.81,55.53,74.9,-73.4,v2.1.0,online,good
AH-00103,2026-07-02 02:41:00,22.13,59.69,71.7,-66.4,v2.0.1,offline,good
AH-00137,2026-07-02 02:41:00,24.73,29.76,73.3,-65.2,v2.0.1,online,poor
AH-00116,2026-07-02 02:42:00,25.93,38.59,72.5,-66.5,v2.0.1,online,good
AH-00101,2026-07-02 02:43:00,34.49,42.74,71.1,-84.2,v2.1.0,online,good
AH-00199,2026-07-02 02:43:00,26.07,44.17,55.0,-63.5,v1.5.0,online,good
AH-00059,2026-07-02 02:44:00,30.67,48.56,91.9,-60.0,v1.5.0,online,poor
AH-00185,2026-07-02 02:45:00,28.85,43.0,63.4,-59.4,v2.1.0,online,good
AH-00099,2026-07-02 02:46:00,25.02,54.95,80.8,-54.7,v1.5.0,online,good
AH-00098,2026-07-02 02:46:00,28.6,44.67,85.2,-70.6,v1.5.0,maintenance,good
AH-00063,2026-07-02 02:46:00,30.11,35.64,57.4,-67.0,v2.1.0,online,good
AH-00109,2026-07-02 02:46:00,28.47,39.91,84.7,-67.5,v2.1.0,online,good
AH-00083,2026-07-02 02:47:00,24.83,49.48,69.6,-55.5,v2.0.1,online,fair
AH-00086,2026-07-02 02:49:00,29.74,46.41,65.6,-48.4,v1.5.0,online,poor
AH-00048,2026-07-02 02:51:00,32.66,40.97,59.2,-66.6,v1.5.0,online,poor
AH-00146,2026-07-02 02:51:00,26.68,45.49,76.7,-56.3,v2.0.1,online,poor
AH-00056,2026-07-02 02:51:00,33.23,54.42,63.9,-71.8,v1.4.2,online,good
AH-00152,2026-07-02 02:52:00,31.7,60.83,97.8,-61.7,v1.5.0,online,good
AH-00067,2026-07-02 02:54:00,22.77,44.9,69.8,-76.8,v2.0.1,online,poor
AH-00077,2026-07-02 02:55:00,30.19,44.95,72.9,-66.3,v2.1.0,maintenance,fair
AH-00109,2026-07-02 02:55:00,27.27,37.63,-4.9,-68.6,v2.0.1,online,good
AH-00041,2026-07-02 02:56:00,,51.07,100.0,-68.0,v2.0.1,online,good
AH-00052,2026-07-02 02:58:00,26.28,62.5,70.1,-65.0,v2.0.1,online,good
AH-00018,2026-07-02 02:58:00,30.16,45.6,75.9,-60.0,v2.1.0,online,good
AH-00165,2026-07-02 02:58:00,28.37,59.39,71.6,-59.0,v1.5.0,online,fair
AH-00136,2026-07-02 02:59:00,31.47,,61.4,-64.3,v2.0.1,maintenance,good
AH-00060,2026-07-02 02:59:00,31.5,45.06,85.6,-66.1,v1.4.2,online,fair
AH-00132,2026-07-02 03:00:00,33.27,52.01,73.7,-53.0,v2.0.1,maintenance,good
AH-00100,2026-07-02 03:05:00,28.94,47.12,46.2,-67.4,v2.0.1,online,poor
AH-00082,2026-07-02 03:08:00,31.74,44.79,81.1,-59.2,v2.0.1,offline,good
AH-00054,2026-07-02 03:09:00,,27.38,65.1,-57.0,v2.1.0,online,fair
AH-00093,2026-07-02 03:09:00,31.18,56.46,69.7,-57.1,v1.5.0,maintenance,good
AH-00199,2026-07-02 03:10:00,30.14,32.5,77.7,-52.2,v2.0.1,online,good
AH-00061,2026-07-02 03:13:00,26.88,41.32,79.5,-62.6,v2.0.1,offline,good
AH-00075,2026-07-02 03:13:00,28.31,41.39,60.2,-56.8,v1.5.0,online,fair
AH-00103,2026-07-02 03:13:00,33.72,35.17,67.2,-55.2,v2.1.0,online,poor
AH-00049,2026-07-02 03:17:00,27.17,54.61,73.8,-47.3,v2.0.1,online,good
AH-00073,2026-07-02 03:18:00,26.59,40.99,84.1,-55.1,v1.4.2,online,good
AH-00061,2026-07-02 03:18:00,,45.15,67.5,-69.9,v2.0.1,online,good
AH-00131,2026-07-02 03:19:00,28.62,49.12,65.0,-70.3,v2.1.0,online,good
AH-00038,2026-07-02 03:19:00,30.51,50.43,74.9,-53.0,v2.0.1,online,good
AH-00124,2026-07-02 03:19:00,29.7,37.82,67.5,-62.5,v2.0.1,online,fair
AH-00005,2026-07-02 03:21:00,21.96,50.23,70.6,-69.6,v2.0.1,offline,good
AH-00020,2026-07-02 03:21:00,19.01,42.43,82.7,-63.1,v2.0.1,online,fair
AH-00043,2026-07-02 03:21:00,25.45,36.0,83.0,-65.8,v2.1.0,offline,fair
AH-00159,2026-07-02 03:22:00,32.34,26.68,51.6,-75.5,v2.0.1,online,good
AH-00011,2026-07-02 03:26:00,27.74,54.22,-9.7,-55.1,v2.0.1,offline,good
AH-00086,2026-07-02 03:26:00,28.61,126.83,84.2,-53.4,v1.4.2,online,good
AH-00200,2026-07-02 03:26:00,29.37,124.21,70.0,-70.0,v2.0.1,online,fair
AH-00089,2026-07-02 03:26:00,31.62,111.57,73.0,-66.9,v2.1.0,online,good
AH-00079,2026-07-02 03:28:00,27.67,35.08,93.0,-66.4,v2.1.0,online,good
AH-00069,2026-07-02 03:28:00,34.6,46.34,58.4,-59.5,v2.0.1,online,good
AH-00089,2026-07-02 03:29:00,24.97,50.06,47.9,-54.0,v2.1.0,online,fair
AH-00062,2026-07-02 03:29:00,34.77,28.44,93.7,-51.5,v2.1.0,online,good
AH-00062,2026-07-02 03:30:00,35.05,51.76,56.3,-60.4,v2.0.1,online,good
AH-00028,2026-07-02 03:33:00,26.0,39.56,76.6,-77.5,v2.1.0,online,good
AH-00105,2026-07-02 03:33:00,27.23,52.17,75.1,-67.8,v2.0.1,online,good
AH-00043,2026-07-02 03:33:00,29.56,,70.2,-72.8,v2.1.0,online,good
AH-00047,2026-07-02 03:34:00,31.56,40.08,52.4,-67.3,v2.0.1,online,good
AH-00191,2026-07-02 03:34:00,21.57,56.28,100.0,-60.9,v1.5.0,online,good
AH-00115,2026-07-02 03:35:00,28.39,52.86,72.1,-67.2,v2.0.1,maintenance,fair
AH-00147,2026-07-02 03:37:00,27.54,40.07,-0.2,-75.4,v1.5.0,online,fair
AH-00085,2026-07-02 03:39:00,31.1,43.28,87.0,-63.9,v1.5.0,online,good
AH-00152,2026-07-02 03:40:00,34.88,40.91,56.7,-67.8,v2.1.0,online,good
AH-00157,2026-07-02 03:40:00,25.42,51.74,100.0,-67.0,v2.1.0,offline,poor
AH-00022,2026-07-02 03:40:00,29.86,51.12,74.0,-57.6,v2.0.1,maintenance,good
AH-00040,2026-07-02 03:41:00,24.93,132.31,93.1,-59.2,v2.1.0,online,fair
AH-00067,2026-07-02 03:42:00,28.51,44.19,86.4,-60.9,v2.1.0,maintenance,good
AH-00081,2026-07-02 03:43:00,27.11,,65.7,-61.1,v1.5.0,online,good
AH-00191,2026-07-02 03:43:00,27.95,36.31,63.7,-69.3,v1.5.0,online,good
AH-00165,2026-07-02 03:44:00,31.87,39.4,74.4,-65.7,v1.5.0,online,fair
AH-00130,2026-07-02 03:46:00,23.37,46.5,77.7,-55.2,v2.0.1,maintenance,good
AH-00061,2026-07-02 03:49:00,21.46,34.78,66.5,-60.0,v2.0.1,online,poor
AH-00034,2026-07-02 03:49:00,30.5,43.2,100.0,-62.9,v1.5.0,online,good
AH-00017,2026-07-02 03:50:00,26.61,28.99,71.1,-68.4,v2.1.0,online,good
AH-00140,2026-07-02 03:52:00,29.53,58.74,72.3,-52.7,v2.0.1,online,poor
AH-00110,2026-07-02 03:52:00,31.53,38.56,89.8,-70.3,v1.5.0,online,good
AH-00174,2026-07-02 03:54:00,25.92,52.2,82.8,-55.4,v1.5.0,online,fair
AH-00004,2026-07-02 03:55:00,33.43,51.51,81.9,-49.7,v2.0.1,online,good
AH-00200,2026-07-02 03:57:00,22.31,,63.6,-73.1,v1.5.0,offline,good
AH-00098,2026-07-02 03:58:00,26.55,54.26,73.4,-48.3,v1.5.0,online,good
AH-00012,2026-07-02 03:58:00,27.4,49.44,76.3,-64.4,v2.0.1,online,good
AH-00121,2026-07-02 03:59:00,26.07,55.18,85.9,-63.0,v1.5.0,offline,poor
AH-00117,2026-07-02 03:59:00,28.37,46.5,56.2,-59.5,v2.0.1,online,good
AH-00084,2026-07-02 03:59:00,31.73,57.01,69.6,-61.1,v2.0.1,online,good
AH-00159,2026-07-02 03:59:00,22.37,36.98,84.2,-67.0,v2.0.1,online,good
AH-00094,2026-07-02 04:00:00,27.48,42.29,67.6,-55.4,v2.0.1,online,poor
AH-00137,2026-07-02 04:00:00,28.19,,86.9,-76.2,v2.1.0,online,good
AH-00178,2026-07-02 04:00:00,24.83,41.71,60.3,-58.1,v1.5.0,online,good
AH-00158,2026-07-02 04:00:00,32.7,45.05,81.1,-77.3,v2.0.1,offline,fair
AH-00088,2026-07-02 04:00:00,26.98,,71.6,-65.8,v1.5.0,online,good
AH-00011,2026-07-02 04:00:00,29.02,52.17,59.0,-59.4,v1.5.0,online,good
AH-00181,2026-07-02 04:01:00,31.93,40.0,85.2,-68.2,v1.5.0,maintenance,fair
AH-00007,2026-07-02 04:03:00,22.91,33.43,79.7,-71.3,v2.1.0,online,good
AH-00032,2026-07-02 04:03:00,26.11,,63.4,-50.3,v2.1.0,online,fair
AH-00091,2026-07-02 04:04:00,31.44,61.66,85.9,-65.4,v2.0.1,online,good
AH-00106,2026-07-02 04:04:00,22.83,46.59,85.9,-60.3,v1.5.0,online,good
AH-00023,2026-07-02 04:05:00,28.66,59.54,88.8,-58.2,v2.1.0,online,good
AH-00079,2026-07-02 04:07:00,26.46,,77.4,-66.6,v2.0.1,online,fair
AH-00076,2026-07-02 04:08:00,21.6,22.77,95.6,-65.4,v2.1.0,online,good
AH-00125,2026-07-02 04:11:00,30.64,39.07,91.2,-65.2,v2.0.1,online,good
AH-00107,2026-07-02 04:11:00,,49.3,87.7,-64.8,v2.0.1,offline,good
AH-00166,2026-07-02 04:11:00,24.71,41.28,70.8,-55.9,v2.0.1,online,good
AH-00055,2026-07-02 04:16:00,,,69.9,-69.8,v2.0.1,offline,good
AH-00134,2026-07-02 04:18:00,21.34,31.08,90.2,-57.3,v2.0.1,online,good
AH-00199,2026-07-02 04:18:00,27.8,53.07,86.6,-66.0,v2.0.1,maintenance,fair
AH-00130,2026-07-02 04:21:00,28.69,46.92,56.8,-68.7,v2.0.1,online,good
AH-00089,2026-07-02 04:23:00,30.88,46.94,79.6,-59.5,v2.0.1,offline,good
AH-00192,2026-07-02 04:23:00,26.48,54.95,79.2,-55.4,v2.0.1,online,good
AH-00050,2026-07-02 04:25:00,29.54,34.04,79.6,-50.1,v1.5.0,online,good
AH-00078,2026-07-02 04:26:00,19.57,46.22,88.4,-46.8,v2.1.0,online,good
AH-00180,2026-07-02 04:26:00,23.9,123.16,73.1,-66.7,v2.1.0,offline,good
AH-00110,2026-07-02 04:27:00,,42.29,76.1,-59.4,v2.0.1,maintenance,fair
AH-00004,2026-07-02 04:28:00,32.05,60.47,74.0,-67.7,v2.1.0,online,good
AH-00170,2026-07-02 04:30:00,24.71,38.67,83.2,-73.2,v2.1.0,online,good
AH-00007,2026-07-02 04:30:00,30.97,40.96,76.1,-58.5,v2.0.1,online,poor
AH-00088,2026-07-02 04:31:00,25.8,48.53,73.7,-49.5,v2.1.0,online,good
AH-00119,2026-07-02 04:32:00,26.23,47.03,84.1,-44.1,v1.5.0,maintenance,good
AH-00053,2026-07-02 04:32:00,30.86,51.03,84.6,-67.2,v2.1.0,online,good
AH-00087,2026-07-02 04:35:00,26.8,40.33,85.9,-58.0,v2.0.1,online,good
AH-00044,2026-07-02 04:36:00,23.95,54.24,86.3,-65.2,v1.5.0,online,good
AH-00016,2026-07-02 04:37:00,28.55,44.53,81.3,-62.6,v2.0.1,online,good
AH-00018,2026-07-02 04:37:00,29.44,42.62,89.2,-61.5,v2.1.0,online,good
AH-00197,2026-07-02 04:37:00,27.2,47.55,96.4,-53.2,v1.4.2,online,good
AH-00101,2026-07-02 04:38:00,27.83,45.45,69.8,-59.7,v2.1.0,online,good
AH-00149,2026-07-02 04:39:00,31.31,60.08,75.0,-61.9,v1.5.0,online,good
AH-00159,2026-07-02 04:40:00,31.65,38.28,74.9,-73.7,v1.5.0,maintenance,fair
AH-00098,2026-07-02 04:41:00,,61.06,91.6,-65.1,v1.5.0,online,fair
AH-00017,2026-07-02 04:41:00,29.08,43.6,68.5,-71.6,v2.1.0,online,good
AH-00150,2026-07-02 04:42:00,27.54,59.18,79.3,-69.7,v1.5.0,online,good
AH-00111,2026-07-02 04:43:00,33.95,49.88,64.9,-69.1,v2.0.1,offline,good
AH-00158,2026-07-02 04:44:00,29.66,48.66,67.8,-62.9,v2.0.1,online,good
AH-00189,2026-07-02 04:45:00,27.55,42.94,94.4,-60.5,v2.0.1,online,good
AH-00188,2026-07-02 04:47:00,28.51,54.4,80.8,-59.7,v2.0.1,online,good
AH-00055,2026-07-02 04:48:00,27.03,22.12,53.5,-64.0,v2.1.0,offline,fair
AH-00004,2026-07-02 04:49:00,27.47,45.72,57.2,-68.2,v2.1.0,maintenance,good
AH-00026,2026-07-02 04:50:00,29.96,51.45,70.6,-51.9,v1.5.0,online,good
AH-00122,2026-07-02 04:51:00,30.05,46.38,89.5,-64.1,v2.1.0,online,good
AH-00140,2026-07-02 04:51:00,26.83,59.36,79.5,-67.6,v2.0.1,online,good
AH-00141,2026-07-02 04:53:00,23.27,43.06,88.2,-58.6,v2.0.1,online,fair
AH-00058,2026-07-02 04:53:00,30.47,42.96,100.0,-63.4,v2.0.1,online,good
AH-00057,2026-07-02 04:53:00,29.32,56.33,72.5,-58.2,v2.1.0,offline,good
AH-00122,2026-07-02 04:54:00,26.41,36.5,-4.3,-66.1,v2.1.0,online,fair
AH-00193,2026-07-02 04:54:00,34.3,40.18,82.2,-62.0,v2.0.1,online,fair
AH-00001,2026-07-02 04:55:00,30.45,45.96,80.1,-54.7,v1.5.0,online,fair
AH-00064,2026-07-02 04:55:00,25.23,61.27,82.4,-49.6,v2.1.0,online,good
AH-00193,2026-07-02 04:55:00,26.58,39.53,81.5,-73.9,v2.0.1,online,good
AH-00026,2026-07-02 05:01:00,27.65,109.1,100.0,-56.3,v2.0.1,online,good
AH-00177,2026-07-02 05:02:00,29.55,56.2,-11.9,-57.0,v1.5.0,online,good
AH-00126,2026-07-02 05:04:00,27.22,39.83,77.6,-58.9,v2.0.1,online,good
AH-00188,2026-07-02 05:04:00,29.37,48.18,64.9,-63.8,v2.0.1,online,good
AH-00147,2026-07-02 05:04:00,27.2,33.46,78.6,-53.1,v1.5.0,online,good
AH-00133,2026-07-02 05:06:00,26.54,46.37,59.4,-61.0,v2.1.0,offline,poor
AH-00140,2026-07-02 05:07:00,28.47,,-7.5,-65.5,v1.5.0,online,good
AH-00078,2026-07-02 05:07:00,28.07,33.14,96.8,-62.9,v2.0.1,online,fair
AH-00141,2026-07-02 05:08:00,24.79,,98.3,-62.7,v2.0.1,online,good
AH-00068,2026-07-02 05:09:00,29.56,48.9,90.1,-55.5,v1.5.0,online,good
AH-00130,2026-07-02 05:11:00,32.47,41.62,75.5,-58.7,v2.0.1,online,good
AH-00025,2026-07-02 05:16:00,31.27,31.06,79.4,-64.6,v2.0.1,online,good
AH-00042,2026-07-02 05:18:00,37.14,58.53,74.6,-44.8,v1.5.0,online,fair
AH-00170,2026-07-02 05:18:00,35.3,37.22,89.5,-72.3,v2.0.1,maintenance,good
AH-00040,2026-07-02 05:19:00,30.94,49.07,95.7,-61.7,v1.5.0,online,fair
AH-00082,2026-07-02 05:19:00,29.56,42.36,68.3,-64.7,v2.0.1,online,fair
AH-00051,2026-07-02 05:21:00,,34.51,78.7,-64.3,v2.0.1,maintenance,good
AH-00053,2026-07-02 05:22:00,28.77,37.23,91.7,-47.3,v1.5.0,offline,good
AH-00148,2026-07-02 05:22:00,25.84,46.3,82.9,-66.5,v2.0.1,online,good
AH-00184,2026-07-02 05:22:00,28.13,38.17,74.5,-55.0,v2.0.1,online,good
AH-00035,2026-07-02 05:23:00,30.31,38.64,67.3,-55.4,v2.0.1,offline,fair
AH-00074,2026-07-02 05:24:00,28.98,30.58,89.8,-53.9,v1.5.0,online,fair
AH-00149,2026-07-02 05:24:00,31.89,53.91,90.2,-76.0,v2.0.1,online,fair
AH-00041,2026-07-02 05:25:00,23.44,51.31,66.0,-48.9,v2.0.1,online,good
AH-00174,2026-07-02 05:26:00,33.9,52.52,74.8,-69.4,v2.0.1,offline,fair
AH-00095,2026-07-02 05:27:00,30.48,51.59,90.6,-56.4,v2.0.1,online,good
AH-00197,2026-07-02 05:28:00,,53.04,57.4,-71.7,v1.5.0,online,good
AH-00079,2026-07-02 05:30:00,25.99,33.88,86.2,-68.6,v2.1.0,online,poor
AH-00080,2026-07-02 05:30:00,26.44,110.57,77.8,-74.3,v2.1.0,online,good
AH-00100,2026-07-02 05:30:00,22.21,,87.3,-80.3,v1.4.2,online,good
AH-00083,2026-07-02 05:32:00,28.13,45.63,73.2,-50.9,v2.0.1,online,good
AH-00191,2026-07-02 05:35:00,35.43,40.29,71.6,-58.3,v2.1.0,maintenance,good
AH-00159,2026-07-02 05:35:00,33.29,,53.9,-71.3,v2.0.1,online,good
AH-00158,2026-07-02 05:36:00,27.24,103.25,97.3,-61.4,v2.0.1,online,fair
AH-00127,2026-07-02 05:37:00,24.52,40.05,100.0,-72.5,v1.5.0,offline,good
AH-00046,2026-07-02 05:38:00,23.89,36.04,83.3,-53.5,v2.1.0,online,good
AH-00129,2026-07-02 05:40:00,26.38,44.32,71.5,-59.2,v2.0.1,online,good
AH-00105,2026-07-02 05:40:00,25.55,43.09,60.8,-70.2,v2.0.1,online,good
AH-00125,2026-07-02 05:41:00,28.87,48.61,-2.4,-63.9,v2.0.1,online,poor
AH-00167,2026-07-02 05:41:00,32.91,42.22,78.6,-70.1,v2.1.0,online,good
AH-00084,2026-07-02 05:42:00,28.0,39.55,67.1,-72.0,v1.5.0,online,good
AH-00013,2026-07-02 05:43:00,27.82,50.63,81.6,-58.9,v2.0.1,online,good
AH-00122,2026-07-02 05:46:00,32.15,38.21,100.0,-65.7,v1.5.0,online,fair
AH-00018,2026-07-02 05:47:00,25.17,50.78,72.4,-56.9,v2.0.1,online,poor
AH-00063,2026-07-02 05:48:00,32.41,37.15,74.6,-59.5,v1.5.0,online,good
AH-00186,2026-07-02 05:48:00,30.31,50.18,70.8,-53.5,v2.0.1,online,good
AH-00137,2026-07-02 05:49:00,29.54,,70.7,-40.3,v2.1.0,online,fair
AH-00091,2026-07-02 05:53:00,28.61,55.88,64.6,-60.9,v1.5.0,maintenance,fair
AH-00196,2026-07-02 05:54:00,27.13,43.4,67.7,-59.5,v2.0.1,offline,good
AH-00187,2026-07-02 05:57:00,27.68,44.25,58.8,-70.2,v1.4.2,online,good
AH-00185,2026-07-02 05:57:00,26.5,31.54,87.2,-46.8,v1.4.2,online,good
AH-00194,2026-07-02 06:00:00,32.06,35.43,85.5,-60.1,v2.0.1,online,good
AH-00182,2026-07-02 06:00:00,33.22,37.29,71.2,-45.7,v2.0.1,online,good
AH-00153,2026-07-02 06:01:00,26.61,57.55,65.2,-67.2,v2.0.1,online,good
AH-00082,2026-07-02 06:02:00,31.52,37.01,79.6,-56.4,v2.0.1,online,good
AH-00011,2026-07-02 06:03:00,24.8,49.93,68.2,-56.2,v1.4.2,online,poor
AH-00136,2026-07-02 06:03:00,,50.03,-1.2,-59.0,v1.5.0,online,good
AH-00145,2026-07-02 06:03:00,25.87,48.67,77.7,-69.1,v2.0.1,online,good
AH-00064,2026-07-02 06:04:00,21.96,,73.0,-80.9,v2.1.0,offline,good
AH-00140,2026-07-02 06:05:00,32.31,42.64,69.8,-68.8,v2.1.0,online,good
AH-00186,2026-07-02 06:06:00,37.88,46.03,98.7,-58.2,v1.4.2,online,good
AH-00120,2026-07-02 06:06:00,31.78,36.01,71.2,-59.0,v1.5.0,online,good
AH-00162,2026-07-02 06:06:00,28.63,43.06,-10.9,-63.9,v2.0.1,online,good
AH-00135,2026-07-02 06:07:00,26.01,46.54,67.1,-69.1,v2.1.0,online,poor
AH-00154,2026-07-02 06:07:00,31.92,44.96,73.5,-66.2,v2.0.1,online,good
AH-00135,2026-07-02 06:08:00,27.22,39.1,86.3,-60.2,v2.1.0,online,fair
AH-00093,2026-07-02 06:08:00,30.93,49.6,69.9,-70.1,v2.0.1,online,good
AH-00039,2026-07-02 06:08:00,27.14,39.58,100.0,-63.9,v2.0.1,online,good
AH-00029,2026-07-02 06:09:00,35.02,40.32,86.0,-60.7,v2.0.1,online,good
AH-00062,2026-07-02 06:09:00,21.92,59.89,72.7,-69.1,v1.4.2,online,good
AH-00196,2026-07-02 06:10:00,28.85,47.1,57.7,-56.6,v2.1.0,online,good
AH-00187,2026-07-02 06:10:00,34.62,52.01,91.5,-50.6,v2.0.1,online,fair
AH-00187,2026-07-02 06:12:00,26.6,52.78,88.7,-64.4,v2.0.1,online,good
AH-00168,2026-07-02 06:12:00,25.48,41.69,69.1,-65.3,v2.0.1,online,good
AH-00082,2026-07-02 06:13:00,26.86,60.05,78.9,-61.7,v2.1.0,online,good
AH-00189,2026-07-02 06:14:00,23.0,43.29,83.5,-62.3,v2.0.1,online,good
AH-00082,2026-07-02 06:15:00,25.86,19.65,84.2,-73.2,v2.0.1,online,good
AH-00088,2026-07-02 06:15:00,20.01,37.37,87.7,-71.4,v2.1.0,online,good
AH-00195,2026-07-02 06:15:00,27.48,47.43,100.0,-55.2,v2.0.1,online,poor
AH-00068,2026-07-02 06:20:00,,35.53,85.9,-54.3,v2.0.1,online,good
AH-00096,2026-07-02 06:20:00,26.36,36.9,82.3,-49.7,v1.5.0,online,good
AH-00021,2026-07-02 06:20:00,38.79,,73.3,-54.2,v1.5.0,online,good
AH-00008,2026-07-02 06:21:00,26.6,48.14,75.8,-74.6,v1.4.2,offline,good
AH-00101,2026-07-02 06:21:00,32.29,32.09,75.4,-67.3,v1.5.0,online,good
AH-00151,2026-07-02 06:22:00,22.76,48.29,88.6,-62.6,v2.1.0,online,good
AH-00019,2026-07-02 06:24:00,25.19,39.13,80.2,-75.9,v2.0.1,offline,good
AH-00122,2026-07-02 06:25:00,27.11,36.46,91.6,-58.7,v1.5.0,online,good
AH-00173,2026-07-02 06:26:00,32.85,49.44,73.5,-67.1,v2.0.1,online,good
AH-00148,2026-07-02 06:28:00,29.21,53.58,91.6,-68.3,v2.0.1,online,good
AH-00190,2026-07-02 06:28:00,31.72,41.94,81.4,-58.5,v2.0.1,online,fair
AH-00016,2026-07-02 06:29:00,28.95,40.31,87.0,-56.9,v2.1.0,offline,good
AH-00194,2026-07-02 06:29:00,,,93.1,-69.1,v2.0.1,online,fair
AH-00015,2026-07-02 06:29:00,30.06,54.81,65.0,-55.7,v2.0.1,maintenance,good
AH-00077,2026-07-02 06:30:00,26.69,37.8,95.8,-61.0,v1.5.0,online,good
AH-00047,2026-07-02 06:31:00,28.05,29.51,100.0,-38.7,v2.0.1,online,good
AH-00176,2026-07-02 06:31:00,33.38,40.39,93.4,-43.0,v2.1.0,online,good
AH-00018,2026-07-02 06:32:00,24.14,39.65,86.6,-47.4,v1.5.0,online,good
AH-00169,2026-07-02 06:32:00,32.54,57.66,74.7,-46.9,v1.4.2,online,good
AH-00056,2026-07-02 06:32:00,22.2,,-11.3,-69.0,v2.0.1,online,poor
AH-00050,2026-07-02 06:33:00,,47.34,93.9,-69.4,v2.1.0,online,good
AH-00193,2026-07-02 06:36:00,27.28,49.8,62.3,-57.4,v2.0.1,online,poor
AH-00168,2026-07-02 06:36:00,24.21,,77.5,-64.2,v2.0.1,online,good
AH-00156,2026-07-02 06:37:00,28.21,49.56,66.2,-52.9,v1.5.0,online,good
AH-00122,2026-07-02 06:38:00,31.02,45.23,66.4,-69.7,v2.1.0,online,good
AH-00085,2026-07-02 06:38:00,33.21,39.84,74.9,-66.0,v2.1.0,online,good
AH-00078,2026-07-02 06:40:00,29.26,,60.1,-74.3,v2.1.0,online,good
AH-00147,2026-07-02 06:40:00,28.88,57.25,71.1,-48.9,v2.1.0,online,good
AH-00140,2026-07-02 06:42:00,25.87,44.46,92.6,-79.3,v2.1.0,offline,good
AH-00107,2026-07-02 06:42:00,24.9,45.57,70.6,-68.1,v1.5.0,maintenance,good
AH-00153,2026-07-02 06:45:00,25.93,45.95,76.0,-59.8,v2.1.0,maintenance,poor
AH-00017,2026-07-02 06:45:00,32.0,42.53,82.1,-58.8,v2.0.1,online,good
AH-00190,2026-07-02 06:45:00,,,92.8,-61.0,v1.5.0,online,good
AH-00142,2026-07-02 06:46:00,27.61,51.7,85.6,-55.1,v1.4.2,online,good
AH-00025,2026-07-02 06:46:00,,53.91,74.3,-60.3,v2.0.1,online,good
AH-00010,2026-07-02 06:48:00,32.06,47.62,87.4,-67.1,v1.5.0,online,good
AH-00059,2026-07-02 06:49:00,21.59,50.24,63.6,-63.6,v2.0.1,online,fair
AH-00090,2026-07-02 06:50:00,28.76,54.22,69.4,-51.4,v1.5.0,online,good
AH-00080,2026-07-02 06:50:00,27.21,55.45,67.9,-69.8,v1.5.0,online,good
AH-00053,2026-07-02 06:52:00,30.99,45.52,91.1,-72.5,v2.0.1,maintenance,fair
AH-00135,2026-07-02 06:52:00,29.39,,68.9,-63.4,v1.5.0,offline,good
AH-00050,2026-07-02 06:52:00,32.86,51.88,77.1,-65.1,v2.1.0,offline,good
AH-00057,2026-07-02 06:53:00,27.86,39.05,77.4,-60.4,v2.0.1,online,good
AH-00167,2026-07-02 06:53:00,26.64,,87.6,-58.6,v2.0.1,maintenance,good
AH-00174,2026-07-02 06:53:00,31.67,42.89,81.1,-54.3,v2.0.1,online,good
AH-00047,2026-07-02 06:54:00,,51.25,68.3,-72.0,v2.0.1,online,fair
AH-00060,2026-07-02 06:54:00,,42.83,69.9,-68.7,v1.5.0,online,good
AH-00037,2026-07-02 06:55:00,26.06,45.26,57.2,-61.6,v2.0.1,online,good
AH-00104,2026-07-02 06:58:00,19.52,39.36,88.1,-77.9,v2.0.1,online,good
AH-00161,2026-07-02 06:59:00,23.28,56.88,87.2,-71.1,v2.0.1,online,fair
AH-00133,2026-07-02 06:59:00,30.24,47.65,85.0,-69.8,v2.0.1,online,good
AH-00040,2026-07-02 06:59:00,33.08,35.89,80.1,-58.0,v1.5.0,online,good
AH-00033,2026-07-02 07:00:00,29.95,54.88,78.7,-61.3,v1.5.0,offline,good
AH-00048,2026-07-02 07:02:00,29.45,39.31,59.0,-73.1,v2.0.1,online,good
AH-00188,2026-07-02 07:02:00,30.96,50.5,63.7,-53.1,v1.4.2,online,poor
AH-00160,2026-07-02 07:03:00,,38.09,75.4,-59.3,v2.0.1,online,good
AH-00091,2026-07-02 07:06:00,25.64,44.04,77.9,-56.7,v1.5.0,online,good
AH-00198,2026-07-02 07:06:00,23.42,52.52,87.9,-56.5,v2.0.1,online,good
AH-00152,2026-07-02 07:08:00,26.39,52.19,85.9,-69.0,v1.5.0,online,good
AH-00161,2026-07-02 07:09:00,29.65,61.9,69.1,-66.2,v2.0.1,online,fair
AH-00116,2026-07-02 07:11:00,29.8,44.12,73.5,-80.0,v2.0.1,offline,good
AH-00018,2026-07-02 07:12:00,27.99,53.6,95.2,-57.9,v1.4.2,online,good
AH-00108,2026-07-02 07:12:00,28.45,35.39,92.6,-66.0,v2.0.1,online,fair
AH-00112,2026-07-02 07:12:00,29.54,46.48,95.9,-57.8,v2.0.1,online,good
AH-00084,2026-07-02 07:13:00,26.98,32.88,91.5,-68.5,v1.5.0,online,poor
AH-00067,2026-07-02 07:15:00,23.9,42.49,85.9,-56.7,v2.0.1,online,good
AH-00170,2026-07-02 07:15:00,24.71,41.64,86.6,-62.6,v1.5.0,online,good
AH-00066,2026-07-02 07:16:00,20.26,44.76,94.4,-45.9,v2.0.1,online,good
AH-00188,2026-07-02 07:19:00,24.04,40.52,65.8,-55.3,v2.1.0,online,poor
AH-00012,2026-07-02 07:20:00,29.92,53.62,73.0,-63.2,v1.5.0,online,good
AH-00137,2026-07-02 07:20:00,29.17,44.7,80.7,-42.9,v1.5.0,maintenance,good
AH-00061,2026-07-02 07:21:00,25.28,35.41,77.2,-71.4,v2.0.1,online,good
AH-00147,2026-07-02 07:21:00,28.51,36.82,77.5,-79.0,v1.5.0,offline,poor
AH-00091,2026-07-02 07:22:00,28.08,57.15,82.5,-64.8,v2.0.1,online,good
AH-00142,2026-07-02 07:22:00,35.75,,96.0,-59.7,v1.5.0,online,good
AH-00063,2026-07-02 07:23:00,25.81,39.65,95.3,-73.4,v2.1.0,online,good
AH-00173,2026-07-02 07:23:00,28.5,43.3,72.6,-72.3,v1.5.0,online,fair
AH-00006,2026-07-02 07:26:00,,48.0,63.0,-63.1,v2.0.1,online,good
AH-00071,2026-07-02 07:26:00,25.63,41.57,47.0,-47.8,v2.1.0,online,good
AH-00013,2026-07-02 07:29:00,30.45,43.74,72.1,-58.8,v2.0.1,online,good
AH-00172,2026-07-02 07:30:00,25.46,54.57,65.9,-58.8,v2.1.0,online,good
AH-00128,2026-07-02 07:30:00,30.85,52.28,92.2,-53.0,v2.0.1,online,good
AH-00017,2026-07-02 07:30:00,28.48,54.72,55.2,-65.8,v2.1.0,online,good
AH-00156,2026-07-02 07:31:00,27.54,47.7,78.1,-85.3,v2.0.1,online,good
AH-00021,2026-07-02 07:32:00,30.38,43.39,93.8,-54.2,v2.1.0,online,good
AH-00160,2026-07-02 07:33:00,30.94,37.69,92.5,-68.8,v1.5.0,online,fair
AH-00178,2026-07-02 07:33:00,24.67,,65.5,-58.7,v2.1.0,online,good
AH-00022,2026-07-02 07:33:00,22.33,34.49,84.7,-65.8,v1.4.2,online,good
AH-00127,2026-07-02 07:34:00,26.96,39.73,77.6,-78.8,v2.1.0,maintenance,good
AH-00065,2026-07-02 07:35:00,26.96,40.52,70.9,-57.2,v1.5.0,offline,good
AH-00151,2026-07-02 07:35:00,21.88,42.73,88.2,-75.4,v2.0.1,offline,good
AH-00081,2026-07-02 07:37:00,33.55,36.45,68.8,-61.8,v2.0.1,online,good
AH-00007,2026-07-02 07:37:00,29.1,60.16,83.5,-66.4,v2.0.1,online,good
AH-00191,2026-07-02 07:38:00,29.27,26.64,77.4,-47.8,v2.1.0,online,fair
AH-00003,2026-07-02 07:38:00,26.36,43.29,98.9,-60.5,v1.5.0,offline,poor
AH-00104,2026-07-02 07:43:00,26.53,29.35,93.5,-76.9,v1.5.0,online,poor
AH-00126,2026-07-02 07:46:00,,45.53,78.4,-52.7,v2.1.0,maintenance,good
AH-00158,2026-07-02 07:46:00,25.64,52.49,75.3,-50.7,v2.0.1,online,good
AH-00191,2026-07-02 07:47:00,24.06,47.62,75.4,-69.0,v2.1.0,online,good
AH-00032,2026-07-02 07:47:00,29.43,48.82,87.6,-69.5,v2.1.0,offline,fair
AH-00100,2026-07-02 07:51:00,,55.11,78.8,-61.3,v2.0.1,online,poor
AH-00077,2026-07-02 07:51:00,28.24,46.92,89.0,-69.3,v2.0.1,online,good
AH-00088,2026-07-02 07:51:00,28.46,45.47,71.1,-66.6,v2.0.1,maintenance,good
AH-00124,2026-07-02 07:52:00,24.36,55.75,53.7,-64.1,v2.1.0,online,good
AH-00036,2026-07-02 07:52:00,31.26,38.58,100.0,-67.1,v1.5.0,online,good
AH-00090,2026-07-02 07:52:00,27.95,,91.6,-66.2,v1.5.0,maintenance,good
AH-00044,2026-07-02 07:53:00,29.27,61.16,84.4,-52.2,v2.0.1,maintenance,poor
AH-00142,2026-07-02 07:54:00,26.03,48.77,49.4,-69.6,v2.1.0,online,good
AH-00004,2026-07-02 07:56:00,25.57,62.57,85.0,-62.2,v2.0.1,online,good
AH-00027,2026-07-02 07:56:00,32.38,43.17,75.6,-53.6,v1.5.0,online,good
AH-00037,2026-07-02 07:56:00,25.51,51.0,81.6,-65.2,v2.1.0,online,fair
AH-00018,2026-07-02 07:58:00,,59.61,97.0,-57.9,v2.0.1,online,good
AH-00081,2026-07-02 07:58:00,25.77,51.37,58.7,-73.0,v2.0.1,online,good
AH-00180,2026-07-02 07:58:00,25.78,41.37,55.8,-62.5,v1.5.0,online,good
AH-00073,2026-07-02 07:58:00,22.79,39.01,84.2,-71.9,v2.0.1,online,good
AH-00002,2026-07-02 07:59:00,28.81,53.0,72.6,-70.6,v2.0.1,online,good
AH-00012,2026-07-02 07:59:00,28.17,56.64,76.7,-71.3,v1.5.0,online,fair
AH-00104,2026-07-02 08:00:00,30.29,49.54,82.4,-63.1,v2.1.0,online,good
AH-00169,2026-07-02 08:01:00,23.87,33.42,83.4,-70.5,v2.0.1,offline,good
AH-00022,2026-07-02 08:02:00,25.25,46.55,66.7,-61.0,v2.1.0,maintenance,poor
AH-00194,2026-07-02 08:03:00,27.49,47.53,75.7,-49.0,v2.0.1,online,fair
AH-00008,2026-07-02 08:03:00,28.67,43.01,74.1,-63.4,v1.5.0,online,fair
AH-00143,2026-07-02 08:03:00,29.94,58.18,72.9,-61.5,v2.1.0,online,good
AH-00052,2026-07-02 08:06:00,26.03,54.29,69.6,-65.8,v2.1.0,offline,good
AH-00193,2026-07-02 08:07:00,28.27,57.02,85.0,-69.0,v2.1.0,offline,good
AH-00125,2026-07-02 08:07:00,31.31,57.44,98.6,-85.1,v1.5.0,maintenance,good
AH-00185,2026-07-02 08:08:00,30.21,18.92,76.4,-61.2,v2.0.1,online,good
AH-00192,2026-07-02 08:09:00,27.33,50.1,49.6,-71.6,v1.5.0,online,good
AH-00049,2026-07-02 08:10:00,28.4,40.58,100.0,-63.4,v2.1.0,online,fair
AH-00090,2026-07-02 08:10:00,27.65,56.75,86.5,-62.5,v2.0.1,online,good
AH-00040,2026-07-02 08:11:00,25.99,32.27,75.8,-68.1,v2.0.1,online,good
AH-00054,2026-07-02 08:11:00,21.57,38.04,64.8,-56.4,v2.0.1,online,good
AH-00197,2026-07-02 08:12:00,27.53,58.22,81.5,-71.4,v2.0.1,online,good
AH-00070,2026-07-02 08:13:00,31.5,59.12,58.0,-69.6,v1.5.0,online,good
AH-00123,2026-07-02 08:16:00,24.93,38.85,80.7,-56.9,v1.5.0,online,good
AH-00091,2026-07-02 08:18:00,23.13,48.44,92.3,-50.3,v1.4.2,online,good
AH-00151,2026-07-02 08:20:00,29.32,54.52,80.9,-55.4,v2.1.0,online,good
AH-00090,2026-07-02 08:21:00,29.68,53.34,57.5,-57.6,v2.0.1,online,good
AH-00070,2026-07-02 08:22:00,24.17,50.48,91.5,-59.9,v2.0.1,online,poor
AH-00169,2026-07-02 08:23:00,29.6,31.62,59.8,-55.4,v2.1.0,online,fair
AH-00127,2026-07-02 08:25:00,24.44,41.8,70.9,-58.7,v2.0.1,online,good
AH-00073,2026-07-02 08:25:00,32.55,52.04,92.0,-58.6,v2.1.0,online,good
AH-00131,2026-07-02 08:26:00,22.58,36.17,92.3,-66.5,v2.0.1,offline,fair
AH-00056,2026-07-02 08:27:00,27.6,49.19,86.7,-65.3,v2.0.1,online,good
AH-00125,2026-07-02 08:27:00,26.17,41.64,55.1,-66.0,v1.5.0,online,good
AH-00083,2026-07-02 08:28:00,24.29,59.96,79.1,-57.4,v2.1.0,online,good
AH-00075,2026-07-02 08:28:00,31.86,,68.3,-78.5,v2.0.1,maintenance,fair
AH-00038,2026-07-02 08:28:00,28.32,45.31,-10.2,-54.4,v1.5.0,online,good
AH-00041,2026-07-02 08:29:00,26.76,48.84,100.0,-57.5,v2.1.0,maintenance,good
AH-00171,2026-07-02 08:31:00,23.81,33.57,72.0,-60.8,v2.0.1,online,poor
AH-00113,2026-07-02 08:31:00,,48.62,59.7,-65.4,v2.0.1,online,good
AH-00005,2026-07-02 08:32:00,,45.58,64.2,-56.3,v2.0.1,online,fair
AH-00174,2026-07-02 08:33:00,30.13,44.72,-2.3,-66.5,v2.1.0,offline,good
AH-00075,2026-07-02 08:34:00,26.18,55.83,69.6,-50.1,v2.1.0,offline,good
AH-00038,2026-07-02 08:34:00,28.6,61.52,79.1,-81.4,v1.5.0,online,good
AH-00057,2026-07-02 08:37:00,29.9,52.77,78.0,-77.9,v1.5.0,online,good
AH-00058,2026-07-02 08:38:00,23.64,51.58,84.1,-71.1,v2.1.0,online,good
AH-00174,2026-07-02 08:39:00,27.12,44.6,-8.3,-62.3,v1.5.0,maintenance,good
AH-00174,2026-07-02 08:39:00,,50.52,83.2,-73.9,v1.5.0,maintenance,good
AH-00126,2026-07-02 08:42:00,21.95,56.72,77.1,-58.6,v1.4.2,online,fair
AH-00112,2026-07-02 08:45:00,23.64,32.49,71.8,-57.0,v2.1.0,online,fair
AH-00089,2026-07-02 08:46:00,28.27,,98.6,-58.7,v2.0.1,online,poor
AH-00030,2026-07-02 08:48:00,28.81,37.1,58.1,-63.2,v2.0.1,online,good
AH-00164,2026-07-02 08:48:00,30.85,46.48,93.3,-62.5,v2.1.0,online,good
AH-00189,2026-07-02 08:49:00,25.27,119.03,74.7,-56.8,v2.0.1,online,good
AH-00191,2026-07-02 08:49:00,,,80.5,-72.5,v2.1.0,online,fair
AH-00086,2026-07-02 08:49:00,27.69,50.5,76.4,-68.6,v2.0.1,online,good
AH-00048,2026-07-02 08:49:00,30.61,44.76,79.4,-65.4,v2.0.1,online,good
AH-00037,2026-07-02 08:52:00,31.12,47.34,77.2,-57.2,v2.0.1,online,good
AH-00106,2026-07-02 08:52:00,29.93,44.38,68.8,-50.7,v2.1.0,offline,good
AH-00177,2026-07-02 08:52:00,25.38,55.88,88.6,-60.0,v1.5.0,online,good
AH-00186,2026-07-02 08:52:00,22.81,40.24,93.3,-72.3,v2.1.0,online,good
AH-00077,2026-07-02 08:53:00,27.95,47.92,71.4,-71.4,v2.1.0,online,good
AH-00189,2026-07-02 08:54:00,30.02,56.64,81.1,-72.7,v1.5.0,online,good
AH-00072,2026-07-02 08:54:00,28.67,43.32,-0.6,-62.5,v2.0.1,maintenance,fair
AH-00090,2026-07-02 08:56:00,25.4,44.15,100.0,-54.8,v1.5.0,online,good
AH-00166,2026-07-02 08:56:00,,44.38,91.7,-69.5,v2.0.1,online,fair
AH-00116,2026-07-02 08:58:00,26.68,51.47,73.6,-53.5,v1.5.0,offline,good
AH-00194,2026-07-02 08:58:00,24.61,43.99,76.2,-70.4,v2.0.1,online,fair
AH-00101,2026-07-02 08:58:00,,26.8,82.2,-53.9,v2.1.0,online,good
AH-00168,2026-07-02 08:59:00,27.66,45.95,72.2,-67.7,v2.0.1,online,fair
AH-00196,2026-07-02 09:01:00,29.95,38.63,73.5,-62.1,v1.4.2,online,good
AH-00126,2026-07-02 09:02:00,29.97,55.46,61.6,-62.9,v1.5.0,online,good
AH-00169,2026-07-02 09:02:00,29.35,33.86,84.0,-55.1,v2.0.1,online,good
AH-00033,2026-07-02 09:03:00,,37.8,77.7,-79.6,v2.0.1,online,good
AH-00073,2026-07-02 09:03:00,27.32,44.82,67.1,-60.0,v1.5.0,online,good
AH-00025,2026-07-02 09:03:00,29.66,42.63,70.0,-67.2,v2.1.0,online,good
AH-00063,2026-07-02 09:03:00,27.11,47.91,97.7,-60.1,v1.5.0,online,good
AH-00194,2026-07-02 09:04:00,27.69,36.92,76.0,-80.3,v2.0.1,online,good
AH-00185,2026-07-02 09:04:00,26.6,40.62,80.1,-61.7,v2.1.0,online,good
AH-00043,2026-07-02 09:05:00,,46.93,91.7,-53.0,v1.5.0,online,poor
AH-00150,2026-07-02 09:05:00,32.67,44.34,91.4,-70.5,v1.5.0,online,good
AH-00030,2026-07-02 09:08:00,27.63,43.32,95.8,-40.4,v2.0.1,online,good
AH-00129,2026-07-02 09:09:00,24.47,47.79,81.4,-65.2,v2.0.1,offline,fair
AH-00051,2026-07-02 09:10:00,30.06,43.68,89.2,-67.6,v1.5.0,maintenance,fair
AH-00023,2026-07-02 09:11:00,29.27,111.6,76.3,-55.6,v2.0.1,online,good
AH-00185,2026-07-02 09:13:00,28.96,46.78,83.5,-67.5,v2.1.0,maintenance,good
AH-00076,2026-07-02 09:15:00,26.63,,49.5,-54.1,v2.1.0,online,good
AH-00166,2026-07-02 09:15:00,28.76,55.88,71.0,-56.4,v2.1.0,online,good
AH-00092,2026-07-02 09:20:00,30.56,38.15,70.2,-50.7,v2.1.0,online,good
AH-00097,2026-07-02 09:21:00,26.91,38.25,70.8,-55.5,v2.1.0,online,good
AH-00122,2026-07-02 09:21:00,36.48,,85.1,-49.0,v2.0.1,online,good
AH-00019,2026-07-02 09:22:00,28.72,31.55,83.3,-63.1,v2.1.0,maintenance,good
AH-00070,2026-07-02 09:22:00,22.09,50.49,88.0,-57.4,v1.5.0,online,good
AH-00077,2026-07-02 09:24:00,24.59,43.18,86.0,-85.4,v2.0.1,maintenance,good
AH-00033,2026-07-02 09:25:00,30.95,38.3,71.3,-62.7,v2.0.1,online,good
AH-00116,2026-07-02 09:26:00,,54.03,60.7,-56.7,v2.0.1,online,poor
AH-00151,2026-07-02 09:27:00,25.45,30.99,73.8,-65.8,v2.0.1,offline,good
AH-00193,2026-07-02 09:28:00,25.42,46.88,79.7,-54.7,v2.0.1,maintenance,good
AH-00033,2026-07-02 09:28:00,24.89,42.27,65.3,-47.6,v2.1.0,online,poor
AH-00012,2026-07-02 09:30:00,30.99,37.78,82.4,-69.1,v1.4.2,online,fair
AH-00006,2026-07-02 09:31:00,27.13,40.04,88.4,-68.8,v2.1.0,online,good
AH-00196,2026-07-02 09:31:00,29.76,46.11,77.6,-66.5,v2.0.1,online,good
AH-00128,2026-07-02 09:32:00,26.86,43.14,58.2,-61.5,v2.0.1,online,good
AH-00046,2026-07-02 09:33:00,23.24,44.1,-8.8,-72.6,v2.1.0,online,good
AH-00154,2026-07-02 09:34:00,31.51,53.01,47.5,-56.9,v1.4.2,online,good
AH-00094,2026-07-02 09:35:00,25.49,47.99,90.6,-49.4,v1.5.0,online,good
AH-00114,2026-07-02 09:36:00,25.34,33.6,98.7,-64.2,v2.0.1,offline,good
AH-00102,2026-07-02 09:36:00,27.73,43.11,63.9,-53.9,v2.0.1,online,good
AH-00110,2026-07-02 09:36:00,21.53,,73.0,-51.6,v2.0.1,online,fair
AH-00014,2026-07-02 09:39:00,32.85,32.09,81.9,-53.4,v2.1.0,online,good
AH-00150,2026-07-02 09:43:00,30.37,35.59,64.4,-71.5,v2.0.1,online,fair
AH-00162,2026-07-02 09:44:00,25.97,39.03,100.0,-74.3,v2.0.1,online,good
AH-00149,2026-07-02 09:44:00,30.59,43.26,72.7,-65.6,v2.0.1,online,fair
AH-00109,2026-07-02 09:44:00,32.47,45.39,97.8,-56.3,v2.1.0,online,good
AH-00167,2026-07-02 09:45:00,25.73,43.27,77.2,-66.0,v1.5.0,online,good
AH-00116,2026-07-02 09:45:00,26.42,45.46,70.2,-53.4,v2.0.1,online,fair
AH-00103,2026-07-02 09:45:00,,47.72,99.4,-69.8,v2.1.0,online,good
AH-00060,2026-07-02 09:46:00,21.25,42.63,85.9,-57.4,v1.4.2,online,good
AH-00050,2026-07-02 09:46:00,29.16,47.82,76.8,-61.3,v1.5.0,offline,poor
AH-00020,2026-07-02 09:46:00,,35.26,88.6,-66.3,v1.5.0,offline,good
AH-00024,2026-07-02 09:47:00,28.72,52.97,71.0,-44.7,v1.5.0,online,fair
AH-00035,2026-07-02 09:48:00,35.54,52.12,94.5,-62.3,v2.0.1,offline,good
AH-00094,2026-07-02 09:48:00,29.79,49.83,66.0,-56.5,v2.0.1,online,good
AH-00099,2026-07-02 09:49:00,29.2,56.88,66.7,-72.1,v1.5.0,online,good
AH-00032,2026-07-02 09:50:00,24.03,55.45,62.4,-70.1,v2.0.1,online,poor
AH-00044,2026-07-02 09:50:00,30.57,49.57,96.8,-73.6,v1.4.2,online,good
AH-00040,2026-07-02 09:53:00,30.81,46.26,69.4,-59.4,v1.5.0,online,fair
AH-00109,2026-07-02 09:54:00,27.77,50.1,58.1,-48.4,v2.0.1,online,good
AH-00018,2026-07-02 09:54:00,,42.5,77.6,-63.2,v2.0.1,offline,good
AH-00173,2026-07-02 09:55:00,28.94,42.73,67.1,-45.9,v2.1.0,maintenance,good
AH-00079,2026-07-02 09:55:00,23.54,48.95,73.7,-48.0,v1.5.0,online,fair
AH-00198,2026-07-02 09:56:00,,44.88,65.0,-62.7,v2.0.1,online,good
AH-00077,2026-07-02 09:59:00,27.01,57.45,92.7,-61.7,v1.5.0,online,good
AH-00140,2026-07-02 09:59:00,,37.63,81.2,-69.6,v2.1.0,online,good
AH-00134,2026-07-02 10:02:00,25.54,57.86,63.7,-62.8,v1.5.0,maintenance,good
AH-00120,2026-07-02 10:02:00,24.34,37.04,73.5,-61.0,v1.4.2,online,good
AH-00072,2026-07-02 10:02:00,26.07,54.28,80.9,-81.8,v2.1.0,offline,good
AH-00171,2026-07-02 10:03:00,32.99,45.74,88.0,-54.4,v2.0.1,offline,fair
AH-00055,2026-07-02 10:04:00,31.84,41.18,75.5,-66.9,v2.0.1,online,good
AH-00082,2026-07-02 10:05:00,29.62,40.0,80.7,-49.6,v2.0.1,online,fair
AH-00163,2026-07-02 10:06:00,23.07,46.34,69.1,-63.1,v1.5.0,online,poor
AH-00149,2026-07-02 10:07:00,24.05,42.1,69.0,-63.6,v1.4.2,online,good
AH-00169,2026-07-02 10:07:00,34.26,46.75,64.9,-57.9,v1.5.0,online,fair
AH-00148,2026-07-02 10:08:00,26.51,50.26,80.0,-65.1,v1.5.0,online,good
AH-00178,2026-07-02 10:09:00,21.88,45.44,81.3,-61.6,v2.1.0,maintenance,good
AH-00085,2026-07-02 10:11:00,32.2,,79.1,-53.9,v2.0.1,online,fair
AH-00138,2026-07-02 10:11:00,26.36,47.53,81.3,-62.0,v1.5.0,online,good
AH-00193,2026-07-02 10:12:00,31.66,48.41,55.4,-63.4,v1.5.0,online,fair
AH-00014,2026-07-02 10:13:00,29.59,46.84,74.9,-59.9,v1.5.0,online,fair
AH-00164,2026-07-02 10:14:00,27.52,,62.5,-74.4,v2.1.0,online,good
AH-00003,2026-07-02 10:14:00,30.93,29.67,58.1,-64.2,v2.0.1,online,good
AH-00041,2026-07-02 10:15:00,,51.27,100.0,-62.2,v2.0.1,online,poor
AH-00046,2026-07-02 10:15:00,27.05,43.4,93.4,-41.0,v2.0.1,offline,good
AH-00163,2026-07-02 10:16:00,32.83,41.77,75.9,-67.5,v1.5.0,offline,good
AH-00043,2026-07-02 10:17:00,25.49,35.39,100.0,-65.2,v2.0.1,online,fair
AH-00178,2026-07-02 10:17:00,20.68,,73.7,-64.0,v2.0.1,maintenance,good
AH-00111,2026-07-02 10:18:00,30.6,,92.5,-50.8,v1.5.0,offline,fair
AH-00129,2026-07-02 10:18:00,34.26,,70.4,-67.9,v1.4.2,online,good
AH-00038,2026-07-02 10:20:00,,,85.6,-67.8,v2.0.1,offline,good
AH-00174,2026-07-02 10:20:00,31.66,52.12,67.3,-63.1,v2.0.1,maintenance,good
AH-00097,2026-07-02 10:22:00,22.73,43.12,88.3,-53.3,v2.0.1,online,good
AH-00168,2026-07-02 10:23:00,26.62,35.42,90.8,-67.1,v2.1.0,online,good
AH-00119,2026-07-02 10:23:00,20.23,40.49,73.8,-66.0,v2.0.1,offline,fair
AH-00189,2026-07-02 10:24:00,23.34,48.08,75.2,-60.1,v2.0.1,online,poor
AH-00118,2026-07-02 10:26:00,24.41,45.48,82.5,-59.6,v2.0.1,online,good
AH-00083,2026-07-02 10:30:00,29.05,46.77,72.8,-59.7,v2.0.1,online,good
AH-00172,2026-07-02 10:34:00,,51.34,76.5,-61.9,v1.4.2,online,good
AH-00177,2026-07-02 10:35:00,27.04,45.25,80.1,-58.1,v2.0.1,online,good
AH-00048,2026-07-02 10:39:00,27.56,42.38,81.9,-74.8,v1.5.0,online,good
AH-00108,2026-07-02 10:40:00,26.97,121.84,63.7,-61.2,v2.1.0,online,good
AH-00074,2026-07-02 10:41:00,25.05,49.46,80.5,-64.3,v1.5.0,online,fair
AH-00127,2026-07-02 10:41:00,30.41,32.59,91.7,-66.2,v1.5.0,online,fair
AH-00087,2026-07-02 10:44:00,28.16,36.78,77.6,-50.7,v1.5.0,offline,good
AH-00044,2026-07-02 10:45:00,31.35,55.7,80.2,-64.1,v1.5.0,online,good
AH-00036,2026-07-02 10:46:00,23.08,51.35,80.8,-50.3,v1.4.2,online,good
AH-00196,2026-07-02 10:47:00,28.74,37.31,88.1,-59.3,v2.0.1,online,good
AH-00164,2026-07-02 10:47:00,28.48,64.74,88.7,-61.8,v2.1.0,maintenance,good
AH-00160,2026-07-02 10:48:00,21.98,60.19,86.9,-69.3,v2.1.0,offline,poor
AH-00143,2026-07-02 10:48:00,21.77,49.63,84.5,-54.6,v2.0.1,online,good
AH-00049,2026-07-02 10:48:00,28.98,46.91,98.6,-69.7,v2.0.1,online,poor
AH-00167,2026-07-02 10:49:00,22.82,57.24,84.0,-67.7,v1.5.0,online,poor
AH-00146,2026-07-02 10:50:00,33.07,46.11,67.8,-63.3,v2.0.1,online,good
AH-00131,2026-07-02 10:52:00,25.12,22.55,99.1,-58.0,v2.1.0,online,good
AH-00167,2026-07-02 10:53:00,26.32,56.6,84.2,-65.0,v2.0.1,maintenance,good
AH-00198,2026-07-02 10:54:00,25.53,41.89,44.7,-64.6,v1.5.0,online,good
AH-00001,2026-07-02 10:55:00,28.8,45.28,80.1,-59.8,v2.0.1,online,good
AH-00117,2026-07-02 10:55:00,31.2,,70.8,-64.3,v2.1.0,online,good
AH-00133,2026-07-02 10:56:00,,43.13,75.2,-65.5,v1.5.0,online,fair
AH-00149,2026-07-02 10:56:00,,50.96,64.4,-51.6,v1.5.0,online,good
AH-00163,2026-07-02 10:57:00,28.49,49.27,93.8,-64.0,v2.0.1,online,poor
AH-00162,2026-07-02 10:58:00,30.39,,97.7,-63.1,v2.1.0,online,poor
AH-00046,2026-07-02 10:58:00,30.29,40.26,100.0,-53.7,v2.1.0,online,good
AH-00021,2026-07-02 11:00:00,21.69,35.25,84.9,-59.8,v2.0.1,online,poor
AH-00188,2026-07-02 11:01:00,26.31,33.86,60.9,-48.1,v2.0.1,online,good
AH-00089,2026-07-02 11:03:00,24.99,,75.5,-52.1,v2.0.1,online,poor
AH-00103,2026-07-02 11:03:00,21.55,62.94,55.9,-77.4,v2.0.1,online,good
AH-00078,2026-07-02 11:04:00,28.5,45.79,66.7,-61.0,v2.0.1,offline,good
AH-00126,2026-07-02 11:04:00,33.11,59.51,91.3,-57.1,v2.1.0,online,good
AH-00161,2026-07-02 11:06:00,23.17,38.7,57.4,-72.2,v2.1.0,offline,good
AH-00174,2026-07-02 11:06:00,22.57,51.87,60.6,-74.7,v2.0.1,maintenance,good
AH-00189,2026-07-02 11:07:00,33.81,31.82,95.0,-49.0,v2.0.1,offline,fair
AH-00114,2026-07-02 11:08:00,28.75,58.81,64.8,-76.1,v2.1.0,online,fair
AH-00135,2026-07-02 11:08:00,26.2,31.23,62.1,-50.9,v1.4.2,online,good
AH-00004,2026-07-02 11:08:00,28.19,55.52,60.3,-55.0,v2.0.1,online,good
AH-00174,2026-07-02 11:09:00,28.68,44.61,80.3,-65.5,v2.0.1,online,good
AH-00113,2026-07-02 11:09:00,24.41,42.56,87.8,-65.0,v2.1.0,online,good
AH-00180,2026-07-02 11:10:00,25.65,29.92,-9.9,-45.3,v2.0.1,online,fair
AH-00035,2026-07-02 11:11:00,30.09,55.8,83.3,-63.5,v2.0.1,maintenance,good
AH-00096,2026-07-02 11:13:00,25.44,,66.1,-57.4,v2.1.0,online,good
AH-00030,2026-07-02 11:13:00,32.66,56.94,84.8,-70.6,v1.5.0,online,good
AH-00020,2026-07-02 11:13:00,22.03,45.19,74.4,-62.8,v1.5.0,online,fair
AH-00168,2026-07-02 11:13:00,25.88,48.78,83.2,-55.3,v2.0.1,online,good
AH-00151,2026-07-02 11:14:00,33.67,47.33,82.5,-70.2,v2.1.0,online,fair
AH-00152,2026-07-02 11:15:00,21.46,55.76,61.8,-64.1,v2.1.0,online,good
AH-00069,2026-07-02 11:18:00,31.3,51.81,81.8,-56.3,v2.1.0,online,poor
AH-00028,2026-07-02 11:19:00,27.66,44.95,77.1,-71.8,v2.0.1,maintenance,good
AH-00052,2026-07-02 11:19:00,28.74,56.93,75.9,-57.5,v2.1.0,offline,good
AH-00009,2026-07-02 11:20:00,25.58,43.46,-0.2,-74.3,v2.0.1,online,good
AH-00143,2026-07-02 11:20:00,30.33,67.97,62.1,-47.9,v1.5.0,online,poor
AH-00180,2026-07-02 11:21:00,26.72,32.68,74.6,-64.2,v1.5.0,online,poor
AH-00134,2026-07-02 11:21:00,20.75,35.65,79.6,-76.4,v2.1.0,offline,poor
AH-00007,2026-07-02 11:22:00,30.12,,88.6,-61.5,v2.0.1,online,good
AH-00012,2026-07-02 11:23:00,25.8,52.12,64.3,-52.9,v1.5.0,online,fair
AH-00137,2026-07-02 11:24:00,,51.54,76.0,-57.1,v2.0.1,online,fair
AH-00167,2026-07-02 11:25:00,35.47,56.84,93.7,-68.1,v1.5.0,offline,fair
AH-00021,2026-07-02 11:26:00,27.42,39.22,83.3,-60.6,v2.0.1,online,good
AH-00051,2026-07-02 11:26:00,33.77,,100.0,-70.0,v2.0.1,online,good
AH-00189,2026-07-02 11:30:00,27.43,36.12,68.2,-50.3,v2.1.0,online,good
AH-00044,2026-07-02 11:30:00,31.66,47.86,81.8,-75.0,v2.0.1,maintenance,good
AH-00012,2026-07-02 11:31:00,27.71,41.31,77.6,-61.4,v2.0.1,online,fair
AH-00165,2026-07-02 11:32:00,,48.81,69.0,-58.5,v1.5.0,online,good
AH-00100,2026-07-02 11:34:00,32.0,47.13,64.2,-61.2,v1.5.0,maintenance,good
AH-00011,2026-07-02 11:35:00,32.42,38.48,91.8,-62.0,v2.0.1,online,good
AH-00095,2026-07-02 11:36:00,30.51,52.76,77.9,-65.9,v2.1.0,online,poor
AH-00181,2026-07-02 11:36:00,25.83,123.14,73.6,-62.4,v2.0.1,online,good
AH-00127,2026-07-02 11:37:00,28.98,32.53,71.5,-70.9,v1.4.2,maintenance,good
AH-00034,2026-07-02 11:38:00,25.24,47.28,90.0,-73.9,v2.0.1,online,good
AH-00144,2026-07-02 11:43:00,26.98,,68.2,-65.2,v1.5.0,online,good
AH-00079,2026-07-02 11:43:00,,,78.1,-70.2,v2.1.0,online,good
AH-00107,2026-07-02 11:45:00,28.34,27.61,62.1,-57.0,v2.1.0,maintenance,fair
AH-00076,2026-07-02 11:46:00,28.41,,86.6,-71.4,v2.0.1,offline,good
AH-00173,2026-07-02 11:46:00,29.85,,85.5,-59.6,v2.1.0,offline,good
AH-00018,2026-07-02 11:47:00,30.6,,71.2,-78.9,v2.0.1,online,good
AH-00001,2026-07-02 11:47:00,27.3,47.15,72.6,-75.6,v2.1.0,online,good
AH-00072,2026-07-02 11:48:00,28.38,40.71,92.3,-57.8,v2.0.1,online,good
AH-00120,2026-07-02 11:49:00,22.09,132.22,89.6,-50.5,v2.0.1,offline,good
AH-00045,2026-07-02 11:50:00,23.62,47.16,68.0,-58.4,v2.0.1,online,good
AH-00139,2026-07-02 11:51:00,37.86,44.06,84.4,-58.5,v2.0.1,maintenance,good
AH-00035,2026-07-02 11:51:00,32.35,49.14,90.1,-50.7,v2.0.1,online,fair
AH-00200,2026-07-02 11:54:00,33.98,37.95,66.4,-62.3,v2.1.0,online,good
AH-00162,2026-07-02 11:55:00,26.61,45.29,39.0,-62.3,v1.5.0,online,good
AH-00195,2026-07-02 11:56:00,24.66,31.99,80.1,-50.0,v2.0.1,maintenance,fair
AH-00064,2026-07-02 11:56:00,32.29,54.28,63.2,-56.3,v2.0.1,online,good
AH-00014,2026-07-02 11:56:00,35.66,41.94,66.8,-53.0,v2.1.0,online,poor
AH-00132,2026-07-02 11:57:00,26.8,36.41,72.0,-63.2,v1.5.0,online,fair
AH-00059,2026-07-02 12:00:00,,29.79,100.0,-49.3,v1.5.0,online,good
AH-00117,2026-07-02 12:02:00,25.04,55.25,94.0,-65.2,v1.5.0,online,good
AH-00068,2026-07-02 12:03:00,24.81,55.28,97.2,-60.4,v2.1.0,online,good
AH-00035,2026-07-02 12:05:00,24.9,39.28,92.1,-71.3,v2.0.1,online,good
AH-00027,2026-07-02 12:09:00,31.45,39.2,72.5,-58.1,v1.5.0,online,good
AH-00153,2026-07-02 12:09:00,22.1,31.01,80.8,-66.8,v1.5.0,online,good
AH-00090,2026-07-02 12:10:00,27.68,38.74,73.4,-73.1,v2.0.1,online,fair
AH-00102,2026-07-02 12:11:00,,42.67,60.7,-59.5,v2.1.0,online,fair
AH-00072,2026-07-02 12:11:00,33.23,60.9,78.1,-58.1,v2.1.0,online,good
AH-00102,2026-07-02 12:12:00,25.04,43.93,72.0,-61.2,v1.5.0,offline,good
AH-00142,2026-07-02 12:12:00,25.95,,86.6,-60.9,v2.1.0,maintenance,good
AH-00167,2026-07-02 12:14:00,30.97,50.45,72.3,-75.1,v2.1.0,online,good
AH-00104,2026-07-02 12:15:00,29.85,109.78,80.1,-59.6,v2.1.0,online,fair
AH-00184,2026-07-02 12:15:00,27.94,58.78,84.8,-67.9,v2.1.0,online,good
AH-00161,2026-07-02 12:16:00,28.82,116.18,82.8,-64.8,v2.1.0,online,poor
AH-00024,2026-07-02 12:18:00,,31.26,82.4,-63.4,v1.5.0,online,good
AH-00028,2026-07-02 12:20:00,21.74,39.08,82.9,-72.5,v2.1.0,maintenance,good
AH-00132,2026-07-02 12:20:00,22.13,35.85,77.1,-60.5,v1.5.0,maintenance,good
AH-00138,2026-07-02 12:21:00,25.91,43.04,86.3,-68.2,v2.0.1,online,good
AH-00076,2026-07-02 12:22:00,31.09,51.27,93.0,-79.0,v1.4.2,offline,fair
AH-00155,2026-07-02 12:24:00,30.55,58.52,74.5,-59.4,v2.1.0,online,good
AH-00160,2026-07-02 12:24:00,33.78,52.96,75.0,-55.5,v2.1.0,online,good
AH-00007,2026-07-02 12:24:00,27.55,42.42,78.2,-70.2,v1.5.0,online,fair
AH-00092,2026-07-02 12:26:00,29.32,49.87,85.9,-62.4,v1.5.0,online,good
AH-00051,2026-07-02 12:28:00,27.45,50.44,-6.0,-55.0,v2.0.1,online,fair
AH-00178,2026-07-02 12:28:00,28.6,40.22,74.0,-57.6,v1.4.2,online,fair
AH-00058,2026-07-02 12:28:00,33.38,40.42,71.4,-54.1,v1.5.0,online,fair
AH-00068,2026-07-02 12:29:00,23.06,50.85,90.1,-71.9,v2.1.0,offline,good
AH-00198,2026-07-02 12:30:00,32.12,54.46,61.8,-64.6,v2.0.1,online,poor
AH-00149,2026-07-02 12:32:00,24.1,46.03,64.5,-61.0,v1.5.0,online,poor
AH-00022,2026-07-02 12:32:00,31.96,43.83,73.5,-54.2,v1.5.0,maintenance,fair
AH-00199,2026-07-02 12:33:00,24.77,58.72,64.5,-62.6,v2.0.1,maintenance,poor
AH-00094,2026-07-02 12:33:00,27.78,50.69,69.7,-48.0,v1.5.0,online,good
AH-00165,2026-07-02 12:35:00,28.45,37.31,66.8,-65.2,v2.0.1,maintenance,good
AH-00017,2026-07-02 12:35:00,28.23,41.68,72.0,-57.1,v1.5.0,online,good
AH-00168,2026-07-02 12:35:00,31.03,56.57,76.2,-53.1,v2.0.1,online,good
AH-00185,2026-07-02 12:36:00,26.15,43.38,80.7,-56.2,v1.5.0,online,fair
AH-00056,2026-07-02 12:36:00,34.12,45.99,64.4,-50.1,v2.1.0,online,fair
AH-00124,2026-07-02 12:37:00,27.54,47.92,80.5,-52.5,v2.1.0,online,poor
AH-00026,2026-07-02 12:39:00,32.61,36.83,100.0,-80.6,v2.1.0,online,good
AH-00097,2026-07-02 12:40:00,26.87,24.1,88.7,-59.3,v2.0.1,online,good
AH-00097,2026-07-02 12:40:00,25.32,52.37,78.2,-58.0,v2.0.1,online,good
AH-00017,2026-07-02 12:41:00,29.08,44.93,64.6,-62.2,v2.0.1,online,good
AH-00027,2026-07-02 12:42:00,25.19,40.21,64.2,-64.4,v2.1.0,online,good
AH-00122,2026-07-02 12:42:00,32.53,46.28,81.3,-60.3,v2.0.1,offline,good
AH-00132,2026-07-02 12:43:00,29.05,43.4,82.7,-52.3,v1.5.0,online,good
AH-00048,2026-07-02 12:43:00,27.46,44.47,82.9,-64.4,v2.1.0,online,fair
AH-00100,2026-07-02 12:43:00,24.39,45.97,75.8,-60.5,v1.5.0,online,fair
AH-00047,2026-07-02 12:43:00,25.33,50.46,84.8,-66.5,v2.0.1,online,good
AH-00083,2026-07-02 12:43:00,28.69,24.5,69.7,-58.1,v1.5.0,online,good
AH-00099,2026-07-02 12:46:00,30.18,47.2,60.9,-73.0,v2.0.1,online,good
AH-00095,2026-07-02 12:46:00,35.71,36.72,76.7,-68.1,v1.5.0,offline,fair
AH-00020,2026-07-02 12:46:00,30.37,39.7,67.4,-69.7,v2.1.0,online,good
AH-00138,2026-07-02 12:47:00,22.1,38.78,94.0,-73.6,v2.0.1,online,good
AH-00173,2026-07-02 12:48:00,23.54,42.62,80.3,-58.3,v2.0.1,online,good
AH-00156,2026-07-02 12:48:00,31.71,37.55,84.4,-63.4,v2.1.0,online,good
AH-00018,2026-07-02 12:49:00,30.85,65.78,86.1,-62.6,v2.0.1,offline,good
AH-00144,2026-07-02 12:50:00,24.47,65.22,58.8,-70.7,v2.0.1,online,good
AH-00198,2026-07-02 12:52:00,29.97,27.9,80.2,-57.6,v2.1.0,online,good
AH-00132,2026-07-02 12:53:00,,55.56,70.1,-62.5,v2.0.1,offline,good
AH-00013,2026-07-02 12:54:00,,41.1,65.0,-62.8,v2.0.1,offline,good
AH-00014,2026-07-02 12:55:00,25.16,38.62,76.3,-63.7,v1.5.0,online,good
AH-00046,2026-07-02 12:55:00,25.33,45.46,89.4,-75.6,v1.4.2,offline,good
AH-00058,2026-07-02 12:56:00,27.86,36.89,69.0,-46.5,v2.0.1,online,fair
AH-00181,2026-07-02 13:00:00,,51.81,78.7,-70.0,v2.0.1,online,poor
AH-00200,2026-07-02 13:00:00,,48.72,76.3,-62.3,v2.0.1,online,good
AH-00030,2026-07-02 13:04:00,29.88,54.68,70.9,-51.3,v1.4.2,online,good
AH-00056,2026-07-02 13:05:00,24.38,47.44,74.1,-70.5,v1.5.0,online,good
AH-00005,2026-07-02 13:05:00,24.67,40.34,93.5,-59.4,v2.0.1,online,fair
AH-00185,2026-07-02 13:05:00,28.3,35.7,60.7,-59.4,v1.5.0,online,good
AH-00160,2026-07-02 13:05:00,28.31,,100.0,-55.8,v2.0.1,online,fair
AH-00100,2026-07-02 13:08:00,27.56,,62.5,-63.0,v2.0.1,online,good
AH-00184,2026-07-02 13:09:00,29.66,50.81,76.0,-56.4,v1.5.0,online,good
AH-00019,2026-07-02 13:10:00,,44.33,79.0,-72.9,v1.5.0,online,good
AH-00110,2026-07-02 13:10:00,23.88,37.21,62.8,-56.5,v2.0.1,online,fair
AH-00095,2026-07-02 13:11:00,25.03,46.95,83.1,-46.1,v1.5.0,online,good
AH-00166,2026-07-02 13:11:00,28.72,43.69,88.8,-53.6,v2.1.0,online,good
AH-00071,2026-07-02 13:11:00,20.02,39.74,79.2,-53.0,v2.0.1,online,good
AH-00057,2026-07-02 13:11:00,19.09,41.87,88.4,-59.7,v2.0.1,online,good
AH-00042,2026-07-02 13:11:00,24.58,52.29,77.7,-64.0,v1.5.0,online,good
AH-00039,2026-07-02 13:12:00,30.27,38.53,99.6,-60.0,v2.0.1,online,good
AH-00155,2026-07-02 13:12:00,,,68.9,-69.4,v2.0.1,online,good
AH-00014,2026-07-02 13:15:00,24.03,46.26,78.9,-64.3,v1.4.2,online,good
AH-00130,2026-07-02 13:16:00,30.12,,79.2,-67.0,v2.0.1,online,good
AH-00189,2026-07-02 13:16:00,34.67,45.27,85.9,-66.3,v1.5.0,online,good
AH-00093,2026-07-02 13:16:00,,56.6,69.7,-70.6,v2.0.1,maintenance,fair
AH-00154,2026-07-02 13:16:00,25.18,29.88,79.1,-46.3,v2.1.0,online,good
AH-00028,2026-07-02 13:16:00,20.42,36.51,74.1,-56.2,v1.5.0,online,good
AH-00119,2026-07-02 13:19:00,25.32,44.94,62.4,-63.5,v2.1.0,online,poor
AH-00077,2026-07-02 13:20:00,34.55,46.08,83.2,-54.2,v1.4.2,online,good
AH-00132,2026-07-02 13:20:00,29.53,29.16,100.0,-56.2,v1.5.0,online,good
AH-00082,2026-07-02 13:22:00,,41.74,65.8,-68.7,v1.5.0,online,good
AH-00054,2026-07-02 13:22:00,31.64,49.91,83.9,-65.5,v1.5.0,online,good
AH-00172,2026-07-02 13:23:00,33.88,48.58,86.6,-54.9,v1.5.0,offline,good
AH-00014,2026-07-02 13:24:00,29.19,48.29,86.8,-60.9,v2.0.1,online,fair
AH-00062,2026-07-02 13:24:00,25.14,34.19,75.9,-75.8,v2.0.1,maintenance,good
AH-00022,2026-07-02 13:26:00,23.45,32.82,75.7,-53.8,v2.0.1,online,good
AH-00164,2026-07-02 13:31:00,29.5,39.26,72.9,-63.8,v1.4.2,online,good
AH-00060,2026-07-02 13:34:00,27.34,53.9,91.4,-77.2,v1.5.0,online,fair
AH-00060,2026-07-02 13:37:00,30.86,31.59,86.1,-75.9,v1.5.0,online,fair
AH-00062,2026-07-02 13:38:00,22.49,119.8,70.3,-61.0,v2.0.1,online,poor
AH-00188,2026-07-02 13:38:00,28.76,40.43,81.6,-66.5,v2.1.0,maintenance,good
AH-00025,2026-07-02 13:38:00,26.19,33.49,100.0,-57.5,v1.5.0,online,good
AH-00083,2026-07-02 13:40:00,28.97,39.62,98.8,-58.1,v2.1.0,offline,good
AH-00009,2026-07-02 13:45:00,24.89,39.29,93.2,-53.3,v2.0.1,online,poor
AH-00054,2026-07-02 13:45:00,26.98,,81.8,-49.5,v1.5.0,online,good
AH-00146,2026-07-02 13:49:00,29.49,64.34,70.2,-52.6,v2.0.1,online,good
AH-00048,2026-07-02 13:53:00,31.48,35.34,82.2,-59.7,v1.5.0,online,good
AH-00158,2026-07-02 13:54:00,22.95,45.17,79.2,-53.2,v2.1.0,online,good
AH-00060,2026-07-02 13:55:00,30.33,42.04,79.8,-64.7,v1.5.0,online,good
AH-00160,2026-07-02 13:56:00,24.81,37.14,65.0,-47.5,v2.0.1,online,good
AH-00059,2026-07-02 13:58:00,23.35,47.19,85.1,-77.2,v1.4.2,online,fair
AH-00028,2026-07-02 13:59:00,29.08,41.69,73.5,-56.7,v1.4.2,online,good
AH-00148,2026-07-02 14:00:00,,45.21,86.3,-53.4,v2.1.0,online,good
AH-00168,2026-07-02 14:00:00,26.98,54.09,67.0,-73.7,v1.4.2,maintenance,poor
AH-00044,2026-07-02 14:02:00,27.93,39.66,76.3,-63.8,v2.1.0,online,poor
AH-00077,2026-07-02 14:03:00,29.38,43.48,65.0,-53.3,v1.4.2,online,good
AH-00176,2026-07-02 14:03:00,27.9,47.24,70.1,-55.8,v1.5.0,online,good
AH-00181,2026-07-02 14:04:00,28.22,62.39,81.2,-70.0,v1.5.0,online,good
AH-00086,2026-07-02 14:04:00,25.78,,89.7,-66.1,v2.0.1,online,poor
AH-00018,2026-07-02 14:05:00,,46.82,87.7,-51.3,v1.4.2,online,good
AH-00076,2026-07-02 14:07:00,37.07,43.79,63.8,-67.1,v2.1.0,online,good
AH-00117,2026-07-02 14:08:00,32.31,46.32,81.2,-60.3,v2.1.0,online,good
AH-00024,2026-07-02 14:08:00,27.57,47.2,76.7,-59.9,v2.0.1,online,fair
AH-00074,2026-07-02 14:08:00,27.73,52.91,43.7,-66.3,v1.5.0,online,good
AH-00045,2026-07-02 14:08:00,28.36,47.17,100.0,-49.0,v1.5.0,online,fair
AH-00085,2026-07-02 14:09:00,28.06,40.36,85.1,-47.9,v2.0.1,online,fair
AH-00150,2026-07-02 14:10:00,19.98,41.74,69.8,-48.2,v2.1.0,online,good
AH-00200,2026-07-02 14:11:00,30.21,43.22,69.3,-56.6,v1.5.0,online,good
AH-00099,2026-07-02 14:11:00,29.13,42.0,80.5,-53.7,v2.0.1,online,good
AH-00084,2026-07-02 14:11:00,24.74,,83.4,-65.5,v2.0.1,online,good
AH-00148,2026-07-02 14:13:00,22.53,40.08,61.7,-76.6,v2.0.1,online,good
AH-00171,2026-07-02 14:13:00,26.7,48.14,75.9,-56.9,v2.1.0,online,good
AH-00073,2026-07-02 14:16:00,27.81,35.65,69.9,-62.7,v1.4.2,online,good
AH-00039,2026-07-02 14:16:00,23.93,46.03,77.4,-49.1,v1.5.0,online,fair
AH-00013,2026-07-02 14:16:00,,35.53,85.4,-55.2,v2.0.1,online,fair
AH-00039,2026-07-02 14:16:00,33.21,55.01,64.1,-66.9,v1.5.0,online,poor
AH-00175,2026-07-02 14:16:00,26.04,45.21,49.4,-54.2,v1.5.0,maintenance,good
AH-00043,2026-07-02 14:17:00,29.13,45.03,89.6,-55.2,v1.5.0,online,good
AH-00022,2026-07-02 14:19:00,29.69,48.53,100.0,-54.8,v2.1.0,offline,good
AH-00007,2026-07-02 14:21:00,31.76,,52.2,-70.2,v2.0.1,online,good
AH-00173,2026-07-02 14:22:00,25.71,,74.0,-76.5,v2.1.0,online,good
AH-00130,2026-07-02 14:24:00,28.62,44.22,78.9,-65.1,v1.5.0,online,good
AH-00056,2026-07-02 14:26:00,27.14,34.2,66.5,-55.6,v2.1.0,online,good
AH-00094,2026-07-02 14:26:00,32.41,43.83,82.1,-69.9,v2.1.0,online,good
AH-00192,2026-07-02 14:27:00,32.28,52.51,88.6,-49.3,v1.4.2,online,good
AH-00173,2026-07-02 14:27:00,29.45,42.25,86.9,-59.0,v2.0.1,online,poor
AH-00054,2026-07-02 14:27:00,28.72,39.27,77.8,-58.6,v1.4.2,online,poor
AH-00136,2026-07-02 14:27:00,28.36,49.51,98.7,-76.0,v1.5.0,online,good
AH-00139,2026-07-02 14:29:00,21.7,55.42,95.8,-70.3,v1.5.0,online,good
AH-00051,2026-07-02 14:29:00,,43.61,93.2,-52.8,v1.5.0,online,good
AH-00119,2026-07-02 14:31:00,21.89,53.63,69.4,-70.8,v2.1.0,online,fair
AH-00024,2026-07-02 14:33:00,26.85,,85.2,-59.7,v2.0.1,online,good
AH-00182,2026-07-02 14:37:00,25.51,31.83,77.4,-67.8,v2.0.1,online,good
AH-00073,2026-07-02 14:39:00,25.63,33.54,82.3,-72.8,v2.1.0,online,good
AH-00035,2026-07-02 14:39:00,25.7,,74.3,-68.4,v2.0.1,offline,good
AH-00147,2026-07-02 14:39:00,29.12,37.91,53.8,-65.2,v1.5.0,offline,good
AH-00032,2026-07-02 14:40:00,23.68,25.94,77.0,-56.6,v2.0.1,offline,good
AH-00029,2026-07-02 14:40:00,28.21,35.09,64.1,-58.4,v1.5.0,offline,fair
AH-00119,2026-07-02 14:40:00,29.01,40.73,84.9,-71.6,v1.5.0,online,good
AH-00182,2026-07-02 14:42:00,23.01,42.39,84.5,-60.0,v2.0.1,offline,good
AH-00082,2026-07-02 14:44:00,26.48,42.42,80.1,-46.9,v2.1.0,online,good
AH-00051,2026-07-02 14:47:00,29.95,36.18,79.2,-65.2,v2.1.0,online,good
AH-00076,2026-07-02 14:48:00,24.41,,78.3,-68.6,v2.0.1,online,good
AH-00178,2026-07-02 14:49:00,26.17,42.9,76.2,-56.6,v2.0.1,online,good
AH-00083,2026-07-02 14:53:00,30.89,38.32,63.4,-64.7,v1.5.0,online,good
AH-00012,2026-07-02 14:53:00,27.92,51.21,65.4,-61.0,v2.0.1,online,good
AH-00066,2026-07-02 14:54:00,21.06,55.59,77.2,-56.0,v2.0.1,online,fair
AH-00046,2026-07-02 14:54:00,24.08,51.0,74.7,-60.3,v2.0.1,online,good
AH-00019,2026-07-02 14:56:00,27.61,51.78,86.8,-55.8,v1.5.0,online,good
AH-00103,2026-07-02 14:58:00,18.69,,58.9,-65.6,v2.0.1,offline,fair
AH-00119,2026-07-02 14:58:00,28.66,,71.9,-74.8,v1.5.0,online,good
AH-00096,2026-07-02 15:01:00,31.95,,87.4,-66.0,v2.0.1,online,good
AH-00197,2026-07-02 15:01:00,32.68,51.85,86.4,-70.7,v2.0.1,online,fair
AH-00063,2026-07-02 15:02:00,29.11,40.08,64.5,-56.0,v1.5.0,online,good
AH-00021,2026-07-02 15:04:00,26.02,44.34,79.7,-52.4,v2.1.0,offline,good
AH-00023,2026-07-02 15:04:00,29.32,68.64,81.5,-60.0,v1.4.2,online,good
AH-00082,2026-07-02 15:04:00,29.38,39.12,88.0,-58.6,v2.1.0,online,good
AH-00006,2026-07-02 15:05:00,25.17,45.13,63.1,-69.8,v2.0.1,online,good
AH-00155,2026-07-02 15:06:00,26.54,,86.1,-64.9,v2.1.0,online,fair
AH-00144,2026-07-02 15:08:00,32.15,54.63,91.5,-54.3,v2.1.0,online,fair
AH-00041,2026-07-02 15:09:00,31.54,47.31,84.2,-56.7,v2.0.1,offline,good
AH-00125,2026-07-02 15:09:00,30.57,56.1,63.1,-45.4,v1.5.0,online,good
AH-00159,2026-07-02 15:11:00,30.72,,68.4,-63.3,v2.1.0,online,fair
AH-00062,2026-07-02 15:12:00,27.8,48.19,86.8,-66.3,v1.5.0,online,good
AH-00105,2026-07-02 15:12:00,26.84,58.78,67.0,-61.8,v2.0.1,online,good
AH-00145,2026-07-02 15:14:00,31.28,48.57,74.8,-61.9,v2.1.0,online,good
AH-00016,2026-07-02 15:14:00,26.03,,76.3,-62.6,v2.1.0,offline,good
AH-00191,2026-07-02 15:20:00,25.58,,62.3,-64.9,v2.0.1,online,fair
AH-00195,2026-07-02 15:21:00,,126.49,83.1,-67.8,v2.0.1,online,good
AH-00065,2026-07-02 15:26:00,27.29,39.1,61.2,-52.7,v2.0.1,online,good
AH-00047,2026-07-02 15:27:00,31.86,39.61,75.6,-68.9,v1.5.0,online,good
AH-00109,2026-07-02 15:27:00,28.22,46.98,86.2,-68.6,v2.0.1,online,good
AH-00118,2026-07-02 15:28:00,29.08,54.72,84.9,-70.1,v2.1.0,online,good
AH-00024,2026-07-02 15:28:00,33.19,46.8,74.7,-60.3,v1.5.0,online,good
AH-00104,2026-07-02 15:30:00,34.13,34.74,72.5,-76.8,v2.0.1,online,poor
AH-00165,2026-07-02 15:31:00,28.53,47.28,71.6,-62.1,v1.5.0,offline,fair
AH-00179,2026-07-02 15:32:00,,59.15,74.6,-68.7,v1.5.0,online,good
AH-00098,2026-07-02 15:33:00,29.0,47.18,80.0,-74.4,v2.1.0,online,fair
AH-00051,2026-07-02 15:35:00,23.67,47.74,82.8,-54.7,v1.5.0,offline,good
AH-00060,2026-07-02 15:35:00,29.29,,60.5,-67.0,v2.1.0,online,fair
AH-00083,2026-07-02 15:38:00,29.36,22.58,67.3,-55.9,v2.0.1,online,good
AH-00151,2026-07-02 15:40:00,28.56,43.12,73.1,-66.7,v2.1.0,online,good
AH-00126,2026-07-02 15:41:00,29.07,52.16,97.1,-61.1,v2.0.1,maintenance,good
AH-00136,2026-07-02 15:42:00,27.88,52.22,100.0,-56.6,v2.0.1,online,poor
AH-00101,2026-07-02 15:42:00,28.69,34.7,61.3,-58.1,v2.0.1,online,good
AH-00033,2026-07-02 15:43:00,23.9,38.17,67.4,-69.4,v2.1.0,online,fair
AH-00077,2026-07-02 15:44:00,29.21,45.86,74.4,-61.1,v1.5.0,online,fair
AH-00116,2026-07-02 15:44:00,,39.49,100.0,-57.7,v1.4.2,online,good
AH-00147,2026-07-02 15:45:00,28.58,41.94,79.7,-70.8,v2.1.0,online,fair
AH-00165,2026-07-02 15:45:00,29.88,36.72,68.9,-49.0,v1.5.0,online,good
AH-00034,2026-07-02 15:45:00,28.08,43.41,57.6,-63.1,v1.5.0,offline,good
AH-00195,2026-07-02 15:46:00,24.19,43.63,40.8,-61.6,v2.1.0,offline,fair
AH-00179,2026-07-02 15:47:00,23.84,48.41,87.4,-66.9,v2.0.1,online,fair
AH-00040,2026-07-02 15:48:00,35.04,46.72,67.9,-57.2,v2.0.1,online,fair
AH-00090,2026-07-02 15:49:00,28.09,131.7,83.8,-71.0,v2.0.1,online,good
AH-00180,2026-07-02 15:50:00,27.7,64.18,72.1,-64.6,v2.0.1,maintenance,fair
AH-00077,2026-07-02 15:53:00,28.45,52.14,78.3,-56.2,v2.0.1,online,good
AH-00143,2026-07-02 15:55:00,26.66,39.01,75.9,-63.1,v2.0.1,online,good
AH-00036,2026-07-02 15:55:00,23.68,,84.0,-58.5,v1.5.0,online,good
AH-00134,2026-07-02 15:56:00,27.28,52.76,60.9,-53.3,v2.0.1,online,good
AH-00140,2026-07-02 15:57:00,30.2,45.18,82.7,-53.7,v1.5.0,online,poor
AH-00069,2026-07-02 15:59:00,31.01,49.73,83.8,-64.9,v2.1.0,online,poor
AH-00151,2026-07-02 16:00:00,27.29,48.65,74.4,-56.1,v1.5.0,online,good
AH-00104,2026-07-02 16:02:00,31.13,112.5,87.6,-56.0,v2.1.0,online,fair
AH-00077,2026-07-02 16:02:00,25.99,35.8,-3.0,-62.5,v2.1.0,online,good
AH-00146,2026-07-02 16:03:00,26.46,38.16,92.1,-53.4,v2.0.1,online,good
AH-00185,2026-07-02 16:04:00,24.65,37.77,67.9,-63.0,v2.0.1,online,good
AH-00155,2026-07-02 16:04:00,25.22,46.06,71.7,-57.7,v2.0.1,maintenance,good
AH-00030,2026-07-02 16:05:00,30.59,,74.3,-60.2,v2.1.0,online,good
AH-00189,2026-07-02 16:05:00,25.64,53.41,70.2,-63.9,v1.4.2,offline,fair
AH-00152,2026-07-02 16:06:00,28.69,,85.8,-62.4,v1.5.0,online,good
AH-00020,2026-07-02 16:09:00,,46.99,71.0,-54.9,v2.1.0,maintenance,poor
AH-00012,2026-07-02 16:09:00,29.26,,87.3,-47.5,v2.0.1,online,good
AH-00156,2026-07-02 16:09:00,,44.47,78.5,-73.9,v2.0.1,online,good
AH-00169,2026-07-02 16:10:00,25.1,47.02,68.3,-66.9,v2.1.0,online,fair
AH-00150,2026-07-02 16:13:00,19.93,45.75,69.5,-68.2,v2.0.1,online,good
AH-00140,2026-07-02 16:14:00,33.34,57.66,74.6,-51.6,v2.0.1,online,fair
AH-00199,2026-07-02 16:17:00,25.93,46.27,79.4,-63.1,v1.5.0,online,fair
AH-00121,2026-07-02 16:18:00,30.28,34.07,80.6,-58.7,v1.5.0,online,good
AH-00139,2026-07-02 16:19:00,25.53,46.08,61.2,-68.1,v2.1.0,online,good
AH-00033,2026-07-02 16:19:00,30.84,46.58,73.5,-55.5,v2.0.1,online,good
AH-00004,2026-07-02 16:20:00,26.48,43.13,63.1,-76.8,v1.5.0,online,good
AH-00196,2026-07-02 16:21:00,26.27,,82.5,-63.9,v2.0.1,online,fair
AH-00022,2026-07-02 16:22:00,28.69,,90.0,-70.9,v2.1.0,online,good
AH-00105,2026-07-02 16:23:00,33.06,41.72,73.2,-46.1,v2.0.1,online,fair
AH-00191,2026-07-02 16:23:00,32.22,58.58,51.0,-63.1,v2.0.1,online,good
AH-00028,2026-07-02 16:26:00,29.14,113.52,91.2,-65.4,v2.0.1,online,fair
AH-00081,2026-07-02 16:28:00,27.07,44.55,69.2,-57.2,v2.1.0,online,good
AH-00112,2026-07-02 16:29:00,,117.78,86.9,-77.2,v2.1.0,online,fair
AH-00178,2026-07-02 16:30:00,29.65,38.65,70.9,-47.0,v2.1.0,online,good
AH-00118,2026-07-02 16:31:00,25.27,38.38,93.3,-79.9,v1.5.0,online,fair
AH-00187,2026-07-02 16:32:00,,52.98,89.4,-56.9,v1.5.0,online,good
AH-00037,2026-07-02 16:34:00,31.59,56.26,79.7,-45.9,v2.1.0,online,poor
AH-00149,2026-07-02 16:34:00,26.96,48.09,64.7,-51.4,v2.0.1,online,poor
AH-00041,2026-07-02 16:37:00,26.02,43.94,70.6,-62.9,v2.1.0,online,good
AH-00007,2026-07-02 16:38:00,31.35,50.88,86.1,-62.7,v1.5.0,online,good
AH-00184,2026-07-02 16:38:00,29.05,37.41,60.4,-60.9,v2.0.1,online,good
AH-00101,2026-07-02 16:39:00,28.61,38.52,73.2,-68.4,v1.5.0,online,good
AH-00123,2026-07-02 16:40:00,21.54,,65.5,-74.4,v2.1.0,online,good
AH-00199,2026-07-02 16:41:00,,36.95,67.8,-65.8,v1.5.0,online,good
AH-00042,2026-07-02 16:42:00,29.36,43.72,69.9,-59.7,v2.1.0,online,good
AH-00100,2026-07-02 16:43:00,28.87,43.8,89.3,-67.2,v2.0.1,online,poor
AH-00065,2026-07-02 16:46:00,26.28,,70.4,-52.2,v1.4.2,online,good
AH-00189,2026-07-02 16:46:00,28.16,47.4,84.5,-62.8,v1.5.0,online,good
AH-00099,2026-07-02 16:47:00,,42.83,71.8,-64.2,v1.5.0,online,fair
AH-00030,2026-07-02 16:47:00,27.98,28.37,63.1,-59.6,v1.5.0,offline,poor
AH-00060,2026-07-02 16:47:00,,51.45,79.5,-63.5,v2.0.1,online,good
AH-00127,2026-07-02 16:48:00,31.16,50.81,67.9,-78.7,v2.0.1,online,good
AH-00157,2026-07-02 16:48:00,28.02,41.56,76.8,-61.9,v1.4.2,online,good
AH-00087,2026-07-02 16:48:00,22.57,31.61,78.0,-51.7,v1.5.0,online,good
AH-00062,2026-07-02 16:49:00,32.01,65.99,58.4,-66.2,v1.5.0,online,good
AH-00129,2026-07-02 16:50:00,28.93,44.32,52.4,-59.5,v2.0.1,online,good
AH-00169,2026-07-02 16:52:00,31.35,44.45,59.5,-66.2,v2.1.0,online,good
AH-00083,2026-07-02 16:52:00,31.76,42.75,66.7,-53.8,v2.0.1,online,good
AH-00191,2026-07-02 16:53:00,31.09,47.3,60.9,-70.0,v2.1.0,online,good
AH-00043,2026-07-02 16:53:00,29.47,,75.7,-68.1,v1.5.0,online,good
AH-00187,2026-07-02 16:53:00,31.12,52.02,63.0,-70.7,v2.0.1,online,good
AH-00163,2026-07-02 16:55:00,31.82,35.83,65.9,-64.9,v1.5.0,online,good
AH-00146,2026-07-02 16:56:00,19.87,50.72,86.6,-72.3,v2.0.1,online,good
AH-00076,2026-07-02 16:57:00,28.37,53.48,76.6,-80.9,v1.4.2,online,good
AH-00008,2026-07-02 16:59:00,28.95,51.84,72.3,-72.1,v1.4.2,online,poor
AH-00046,2026-07-02 16:59:00,30.85,64.14,56.7,-65.1,v1.4.2,online,fair
AH-00042,2026-07-02 17:00:00,26.86,47.54,85.6,-59.5,v1.5.0,online,good
AH-00149,2026-07-02 17:01:00,36.01,44.53,92.7,-53.1,v2.1.0,online,good
AH-00105,2026-07-02 17:03:00,,48.14,66.1,-63.5,v2.0.1,online,good
AH-00093,2026-07-02 17:03:00,29.97,114.28,84.6,-59.7,v1.5.0,online,good
AH-00186,2026-07-02 17:05:00,26.83,38.3,88.2,-55.9,v2.0.1,offline,good
AH-00048,2026-07-02 17:06:00,26.1,59.39,93.0,-68.1,v2.0.1,online,good
AH-00181,2026-07-02 17:08:00,23.98,53.88,83.2,-57.0,v2.0.1,online,fair
AH-00186,2026-07-02 17:10:00,30.97,41.95,85.3,-55.1,v2.0.1,online,good
AH-00065,2026-07-02 17:11:00,25.78,35.92,76.1,-52.2,v2.1.0,online,fair
AH-00049,2026-07-02 17:11:00,24.51,57.67,83.1,-50.1,v1.5.0,online,good
AH-00075,2026-07-02 17:12:00,30.69,47.51,84.8,-64.3,v2.0.1,online,good
AH-00196,2026-07-02 17:12:00,28.5,30.71,85.8,-61.3,v2.1.0,online,good
AH-00164,2026-07-02 17:12:00,,49.83,98.9,-55.7,v2.0.1,maintenance,fair
AH-00102,2026-07-02 17:12:00,30.43,59.52,77.5,-61.8,v2.0.1,online,poor
AH-00138,2026-07-02 17:13:00,31.01,51.72,81.0,-61.4,v2.0.1,online,fair
AH-00195,2026-07-02 17:13:00,31.41,38.49,83.9,-44.6,v1.5.0,online,fair
AH-00151,2026-07-02 17:13:00,,36.7,79.9,-57.3,v1.5.0,online,good
AH-00100,2026-07-02 17:15:00,25.17,29.83,77.8,-72.3,v2.0.1,online,fair
AH-00025,2026-07-02 17:16:00,30.89,47.28,63.2,-59.3,v2.1.0,online,good
AH-00066,2026-07-02 17:17:00,29.85,52.87,100.0,-53.7,v2.0.1,online,fair
AH-00057,2026-07-02 17:18:00,,48.21,75.6,-80.4,v1.5.0,online,good
AH-00037,2026-07-02 17:18:00,22.94,44.28,48.6,-71.1,v1.5.0,maintenance,fair
AH-00056,2026-07-02 17:18:00,24.92,34.83,100.0,-54.3,v2.0.1,online,good
AH-00120,2026-07-02 17:19:00,20.39,45.92,85.0,-65.3,v2.1.0,online,good
AH-00105,2026-07-02 17:21:00,26.55,105.97,96.9,-66.8,v2.1.0,online,good
AH-00170,2026-07-02 17:21:00,24.74,46.04,70.4,-67.3,v2.1.0,online,fair
AH-00199,2026-07-02 17:23:00,,30.44,58.9,-67.4,v2.1.0,online,good
AH-00116,2026-07-02 17:24:00,28.35,33.56,66.5,-60.0,v1.5.0,online,good
AH-00122,2026-07-02 17:24:00,22.9,,80.5,-69.6,v2.0.1,online,good
AH-00138,2026-07-02 17:25:00,25.9,46.89,68.9,-45.9,v2.1.0,online,fair
AH-00102,2026-07-02 17:25:00,21.55,48.97,80.1,-62.8,v2.0.1,offline,good
AH-00065,2026-07-02 17:25:00,29.79,41.38,64.6,-57.0,v1.5.0,online,good
AH-00150,2026-07-02 17:28:00,27.12,53.34,66.2,-80.4,v1.5.0,online,fair
AH-00158,2026-07-02 17:28:00,23.86,36.75,67.0,-68.7,v2.0.1,online,poor
AH-00069,2026-07-02 17:28:00,32.55,45.5,74.6,-56.7,v2.1.0,online,fair
AH-00132,2026-07-02 17:29:00,32.63,48.51,71.0,-71.5,v2.0.1,online,poor
AH-00181,2026-07-02 17:29:00,32.78,55.01,93.0,-58.0,v2.0.1,online,poor
AH-00133,2026-07-02 17:30:00,25.68,40.0,72.0,-48.3,v2.0.1,online,good
AH-00165,2026-07-02 17:30:00,23.6,35.1,69.6,-48.4,v2.0.1,online,good
AH-00072,2026-07-02 17:30:00,31.34,43.51,85.9,-64.8,v1.4.2,online,poor
AH-00015,2026-07-02 17:34:00,22.44,47.58,75.3,-68.2,v1.4.2,online,good
AH-00153,2026-07-02 17:38:00,23.44,47.98,79.7,-66.0,v2.1.0,offline,good
AH-00165,2026-07-02 17:39:00,25.75,54.31,80.7,-76.1,v2.1.0,online,fair
AH-00164,2026-07-02 17:40:00,31.06,44.51,71.7,-74.0,v2.0.1,online,poor
AH-00002,2026-07-02 17:41:00,27.85,46.45,86.3,-67.6,v2.0.1,online,good
AH-00160,2026-07-02 17:41:00,24.19,44.07,75.3,-67.2,v2.0.1,online,good
AH-00194,2026-07-02 17:41:00,24.39,45.4,69.9,-72.8,v2.0.1,maintenance,good
AH-00032,2026-07-02 17:42:00,,51.93,74.6,-60.6,v2.0.1,online,good
AH-00076,2026-07-02 17:43:00,26.6,42.98,93.7,-58.8,v2.1.0,online,good
AH-00076,2026-07-02 17:43:00,27.23,42.13,89.2,-69.2,v2.0.1,online,good
AH-00042,2026-07-02 17:44:00,34.08,40.93,67.3,-69.2,v2.1.0,online,good
AH-00064,2026-07-02 17:47:00,26.04,51.55,95.3,-70.3,v2.0.1,online,good
AH-00145,2026-07-02 17:48:00,28.36,59.82,86.5,-48.0,v2.0.1,online,good
AH-00094,2026-07-02 17:49:00,29.36,53.44,86.7,-55.9,v1.4.2,online,poor
AH-00026,2026-07-02 17:50:00,26.88,54.76,-1.8,-74.7,v2.0.1,online,good
AH-00169,2026-07-02 17:51:00,26.22,49.48,62.9,-50.1,v2.0.1,online,poor
AH-00057,2026-07-02 17:52:00,27.47,,66.0,-74.3,v1.5.0,maintenance,fair
AH-00002,2026-07-02 17:54:00,27.45,46.78,76.7,-65.4,v1.5.0,offline,good
AH-00183,2026-07-02 17:55:00,31.79,56.6,64.3,-59.4,v2.0.1,online,fair
AH-00153,2026-07-02 17:56:00,22.42,28.52,84.3,-59.4,v2.1.0,online,good
AH-00185,2026-07-02 17:59:00,27.07,47.43,69.3,-61.6,v1.5.0,maintenance,fair
AH-00020,2026-07-02 18:01:00,27.3,38.97,-2.8,-68.3,v2.1.0,online,good
AH-00021,2026-07-02 18:01:00,35.56,50.12,90.1,-57.5,v2.1.0,online,good
AH-00024,2026-07-02 18:01:00,26.56,67.83,100.0,-75.9,v2.0.1,online,good
AH-00144,2026-07-02 18:02:00,29.97,35.55,71.5,-68.3,v1.5.0,online,good
AH-00107,2026-07-02 18:02:00,27.36,37.48,65.3,-64.3,v2.0.1,online,good
AH-00064,2026-07-02 18:05:00,31.15,38.82,97.9,-48.5,v2.1.0,online,fair
AH-00073,2026-07-02 18:08:00,25.1,35.32,93.3,-64.5,v2.0.1,online,poor
AH-00061,2026-07-02 18:08:00,26.67,31.05,94.3,-47.7,v2.0.1,maintenance,poor
AH-00041,2026-07-02 18:08:00,24.77,56.06,97.0,-72.0,v2.1.0,online,good
AH-00076,2026-07-02 18:08:00,31.08,48.14,68.1,-65.6,v2.0.1,online,good
AH-00142,2026-07-02 18:09:00,26.05,34.89,59.2,-72.7,v2.1.0,online,good
AH-00095,2026-07-02 18:10:00,27.21,35.41,58.0,-78.5,v2.1.0,online,good
AH-00052,2026-07-02 18:11:00,32.08,,70.7,-70.4,v2.0.1,online,fair
AH-00025,2026-07-02 18:11:00,32.68,35.95,69.2,-71.9,v2.0.1,online,good
AH-00058,2026-07-02 18:13:00,24.27,,94.6,-50.7,v2.0.1,online,good
AH-00028,2026-07-02 18:21:00,20.43,39.47,88.7,-52.5,v1.5.0,online,good
AH-00011,2026-07-02 18:23:00,,41.34,86.3,-64.0,v2.0.1,online,good
AH-00017,2026-07-02 18:23:00,37.59,24.0,81.9,-54.7,v2.0.1,online,good
AH-00153,2026-07-02 18:24:00,27.33,52.05,64.0,-57.7,v2.1.0,online,good
AH-00093,2026-07-02 18:24:00,26.44,43.4,98.3,-62.6,v2.1.0,online,fair
AH-00062,2026-07-02 18:29:00,23.56,47.46,89.8,-64.6,v1.5.0,online,fair
AH-00157,2026-07-02 18:29:00,29.98,32.68,87.6,-66.7,v2.1.0,online,good
AH-00140,2026-07-02 18:32:00,24.09,33.11,72.1,-58.4,v1.5.0,online,good
AH-00019,2026-07-02 18:32:00,31.05,45.95,72.2,-56.5,v1.5.0,online,good
AH-00075,2026-07-02 18:33:00,31.24,52.24,96.2,-65.8,v2.1.0,maintenance,fair
AH-00111,2026-07-02 18:34:00,22.36,49.54,97.2,-67.8,v2.1.0,online,poor
AH-00136,2026-07-02 18:36:00,28.59,47.61,86.3,-59.2,v2.1.0,online,fair
AH-00134,2026-07-02 18:37:00,27.2,35.96,64.8,-61.0,v2.0.1,online,fair
AH-00124,2026-07-02 18:39:00,28.48,48.06,79.3,-48.4,v1.5.0,online,good
AH-00169,2026-07-02 18:40:00,29.36,47.87,91.6,-47.0,v2.0.1,maintenance,poor
AH-00136,2026-07-02 18:41:00,24.25,42.79,85.5,-69.7,v1.5.0,online,good
AH-00026,2026-07-02 18:41:00,29.95,50.14,77.5,-63.9,v2.0.1,online,good
AH-00030,2026-07-02 18:44:00,30.1,43.22,74.0,-60.2,v2.0.1,online,good
AH-00025,2026-07-02 18:45:00,31.75,41.73,77.5,-69.3,v2.1.0,online,good
AH-00074,2026-07-02 18:45:00,24.28,42.97,67.9,-71.1,v2.1.0,maintenance,good
AH-00160,2026-07-02 18:45:00,27.42,25.51,59.1,-56.0,v1.4.2,online,good
AH-00032,2026-07-02 18:46:00,,38.16,59.3,-58.8,v1.5.0,maintenance,fair
AH-00164,2026-07-02 18:46:00,,53.37,89.1,-67.5,v2.0.1,maintenance,poor
AH-00114,2026-07-02 18:48:00,27.22,31.19,80.7,-63.8,v1.4.2,online,good
AH-00162,2026-07-02 18:48:00,22.65,42.02,78.8,-68.5,v1.5.0,online,good
AH-00086,2026-07-02 18:49:00,26.21,34.96,63.6,-72.1,v1.5.0,online,good
AH-00193,2026-07-02 18:53:00,34.46,46.31,55.4,-51.3,v2.1.0,online,good
AH-00007,2026-07-02 18:54:00,18.85,46.44,65.6,-53.4,v2.1.0,maintenance,poor
AH-00100,2026-07-02 18:57:00,24.4,42.08,60.9,-62.1,v2.0.1,online,good
AH-00071,2026-07-02 19:02:00,30.67,56.44,64.1,-43.3,v1.5.0,online,good
AH-00067,2026-07-02 19:03:00,24.4,49.22,80.7,-73.7,v2.0.1,online,good
AH-00113,2026-07-02 19:03:00,23.92,41.33,84.4,-66.7,v1.5.0,online,good
AH-00168,2026-07-02 19:03:00,25.87,131.26,91.0,-73.1,v2.1.0,online,good
AH-00041,2026-07-02 19:03:00,32.41,45.61,65.7,-59.8,v2.0.1,online,good
AH-00018,2026-07-02 19:05:00,24.36,43.49,79.1,-80.0,v2.1.0,online,fair
AH-00179,2026-07-02 19:06:00,26.21,53.44,-2.2,-64.6,v2.0.1,online,good
AH-00035,2026-07-02 19:07:00,30.23,31.55,87.7,-43.0,v2.0.1,online,good
AH-00094,2026-07-02 19:09:00,24.1,59.17,84.4,-58.5,v1.5.0,offline,good
AH-00089,2026-07-02 19:09:00,27.51,47.78,73.4,-47.6,v2.1.0,online,good
AH-00199,2026-07-02 19:09:00,29.64,56.88,96.7,-63.4,v2.1.0,online,good
AH-00146,2026-07-02 19:12:00,30.43,34.71,70.4,-55.1,v2.0.1,maintenance,poor
AH-00014,2026-07-02 19:12:00,32.04,,82.9,-57.1,v2.0.1,online,good
AH-00116,2026-07-02 19:13:00,,51.39,62.3,-60.3,v2.0.1,maintenance,good
AH-00050,2026-07-02 19:14:00,25.84,56.55,63.8,-54.8,v2.0.1,online,good
AH-00088,2026-07-02 19:15:00,25.61,46.94,62.6,-58.9,v2.0.1,online,good
AH-00073,2026-07-02 19:15:00,26.14,55.45,54.2,-59.2,v2.0.1,online,good
AH-00159,2026-07-02 19:16:00,25.95,49.39,66.3,-63.6,v1.5.0,online,fair
AH-00172,2026-07-02 19:17:00,21.91,54.97,72.4,-64.7,v2.1.0,online,good
AH-00105,2026-07-02 19:19:00,,40.47,94.4,-53.8,v1.5.0,online,good
AH-00186,2026-07-02 19:20:00,21.98,,73.3,-57.8,v1.5.0,online,good
AH-00090,2026-07-02 19:20:00,23.93,37.29,88.8,-58.7,v1.4.2,online,good
AH-00149,2026-07-02 19:21:00,30.83,50.9,87.8,-62.3,v2.0.1,online,poor
AH-00040,2026-07-02 19:21:00,34.47,48.91,85.3,-70.8,v1.5.0,online,good
AH-00133,2026-07-02 19:22:00,32.38,39.05,55.4,-67.8,v2.0.1,online,fair
AH-00137,2026-07-02 19:25:00,28.87,48.58,69.7,-64.5,v2.1.0,online,good
AH-00070,2026-07-02 19:25:00,28.61,48.6,69.9,-58.1,v2.1.0,online,good
AH-00091,2026-07-02 19:30:00,25.97,53.96,75.8,-55.7,v2.0.1,offline,good
AH-00136,2026-07-02 19:31:00,28.41,49.22,75.7,-62.0,v1.4.2,offline,good
AH-00124,2026-07-02 19:38:00,28.25,,90.1,-59.1,v2.0.1,online,good
AH-00103,2026-07-02 19:39:00,33.7,47.3,72.3,-62.0,v2.0.1,offline,good
AH-00166,2026-07-02 19:41:00,27.57,52.63,89.3,-73.2,v2.1.0,online,fair
AH-00124,2026-07-02 19:42:00,29.48,47.27,97.8,-66.9,v2.1.0,online,good
AH-00161,2026-07-02 19:45:00,24.74,50.51,97.6,-45.6,v2.0.1,online,good
AH-00074,2026-07-02 19:45:00,,40.14,69.5,-73.7,v2.0.1,online,good
AH-00153,2026-07-02 19:49:00,,43.71,75.6,-62.9,v2.0.1,online,good
AH-00199,2026-07-02 19:49:00,30.48,39.39,92.7,-63.7,v2.1.0,online,good
AH-00047,2026-07-02 19:50:00,28.94,39.97,77.1,-65.3,v2.0.1,offline,good
AH-00193,2026-07-02 19:52:00,25.21,53.96,99.6,-51.0,v1.5.0,online,fair
AH-00167,2026-07-02 19:52:00,24.71,49.57,88.3,-62.9,v2.1.0,online,good
AH-00098,2026-07-02 19:52:00,,42.18,75.3,-68.2,v2.0.1,online,good
AH-00058,2026-07-02 19:55:00,29.66,48.0,87.9,-65.7,v1.5.0,online,good
AH-00186,2026-07-02 19:55:00,30.61,43.63,72.8,-61.2,v2.1.0,online,fair
AH-00134,2026-07-02 19:58:00,28.26,41.64,70.2,-72.5,v2.0.1,online,good
AH-00155,2026-07-02 20:00:00,29.08,44.23,74.9,-66.7,v1.4.2,online,fair
AH-00046,2026-07-02 20:02:00,31.64,46.42,73.4,-56.4,v2.0.1,online,good
AH-00123,2026-07-02 20:02:00,26.58,36.98,93.0,-59.6,v2.0.1,offline,good
AH-00120,2026-07-02 20:03:00,,51.18,94.3,-59.4,v2.1.0,online,good
AH-00188,2026-07-02 20:03:00,26.19,33.75,89.2,-88.4,v1.5.0,online,good
AH-00137,2026-07-02 20:06:00,30.44,48.88,74.8,-71.0,v1.5.0,online,fair
AH-00133,2026-07-02 20:07:00,28.18,41.13,94.4,-46.6,v2.0.1,offline,good
AH-00016,2026-07-02 20:07:00,25.0,41.07,81.1,-68.8,v2.1.0,online,good
AH-00038,2026-07-02 20:07:00,28.66,44.54,75.7,-66.7,v2.0.1,online,good
AH-00054,2026-07-02 20:07:00,28.49,45.01,88.1,-65.2,v2.0.1,online,good
AH-00171,2026-07-02 20:08:00,,,100.0,-56.6,v1.5.0,online,good
AH-00056,2026-07-02 20:11:00,30.92,49.06,85.1,-66.1,v2.0.1,maintenance,good
AH-00052,2026-07-02 20:11:00,29.24,,85.9,-67.4,v2.1.0,online,good
AH-00044,2026-07-02 20:13:00,23.01,49.3,70.4,-69.1,v2.1.0,online,poor
AH-00011,2026-07-02 20:13:00,24.93,44.57,84.9,-57.1,v2.0.1,online,fair
AH-00025,2026-07-02 20:14:00,34.17,50.96,95.7,-64.2,v2.0.1,online,good
AH-00052,2026-07-02 20:15:00,29.71,43.2,79.5,-52.8,v2.0.1,online,good
AH-00097,2026-07-02 20:15:00,25.86,47.66,72.5,-54.4,v2.0.1,online,good
AH-00108,2026-07-02 20:16:00,29.22,43.15,83.9,-61.7,v2.0.1,offline,good
AH-00078,2026-07-02 20:16:00,29.22,52.31,51.1,-70.3,v2.0.1,online,good
AH-00169,2026-07-02 20:16:00,32.38,41.75,83.8,-73.5,v2.0.1,online,good
AH-00016,2026-07-02 20:18:00,32.29,49.01,96.3,-60.7,v2.0.1,online,fair
AH-00108,2026-07-02 20:18:00,28.7,33.2,76.9,-69.3,v2.0.1,online,fair
AH-00036,2026-07-02 20:18:00,28.88,59.17,91.0,-74.5,v1.5.0,online,good
AH-00148,2026-07-02 20:18:00,32.82,42.45,71.3,-66.5,v2.0.1,online,good
AH-00159,2026-07-02 20:19:00,29.48,,64.8,-70.0,v2.0.1,offline,good
AH-00167,2026-07-02 20:20:00,29.09,33.75,77.5,-57.8,v2.0.1,offline,good
AH-00132,2026-07-02 20:20:00,32.54,106.43,70.0,-64.3,v2.0.1,online,good
AH-00054,2026-07-02 20:21:00,28.38,51.89,91.9,-75.1,v2.1.0,online,good
AH-00149,2026-07-02 20:21:00,26.97,43.92,75.8,-55.1,v2.1.0,online,good
AH-00174,2026-07-02 20:23:00,31.83,45.8,57.7,-48.8,v2.1.0,offline,good
AH-00136,2026-07-02 20:24:00,25.43,41.08,92.1,-66.6,v2.0.1,online,good
AH-00004,2026-07-02 20:24:00,27.22,61.3,59.3,-53.8,v2.0.1,online,good
AH-00132,2026-07-02 20:27:00,33.06,50.76,89.0,-62.7,v2.0.1,online,poor
AH-00043,2026-07-02 20:27:00,27.71,42.4,95.3,-68.6,v2.0.1,offline,good
AH-00152,2026-07-02 20:33:00,25.77,23.53,99.9,-63.6,v2.1.0,online,good
AH-00076,2026-07-02 20:35:00,24.32,38.38,52.8,-66.6,v2.0.1,online,good
AH-00155,2026-07-02 20:36:00,34.18,43.61,58.0,-56.2,v2.0.1,online,good
AH-00010,2026-07-02 20:37:00,28.48,41.97,71.9,-59.4,v2.1.0,online,fair
AH-00103,2026-07-02 20:37:00,26.27,44.54,82.8,-50.3,v1.5.0,online,good
AH-00063,2026-07-02 20:39:00,26.65,51.87,76.6,-82.5,v2.0.1,offline,fair
AH-00188,2026-07-02 20:40:00,,39.2,80.7,-78.2,v2.0.1,offline,fair
AH-00076,2026-07-02 20:40:00,26.84,48.62,67.3,-48.2,v2.1.0,online,good
AH-00159,2026-07-02 20:41:00,26.41,41.96,84.6,-56.2,v1.4.2,online,fair
AH-00142,2026-07-02 20:42:00,26.46,38.63,72.2,-75.1,v2.1.0,online,good
AH-00059,2026-07-02 20:43:00,32.97,26.14,79.7,-48.3,v2.1.0,maintenance,poor
AH-00199,2026-07-02 20:43:00,29.96,38.75,71.2,-52.7,v2.0.1,online,good
AH-00024,2026-07-02 20:44:00,27.92,59.97,79.1,-59.5,v2.0.1,online,good
AH-00171,2026-07-02 20:45:00,22.01,41.43,98.8,-66.5,v2.0.1,offline,good
AH-00098,2026-07-02 20:46:00,34.91,43.7,55.3,-66.7,v1.5.0,online,good
AH-00156,2026-07-02 20:48:00,26.3,36.38,73.6,-51.6,v1.5.0,online,poor
AH-00066,2026-07-02 20:48:00,16.28,32.98,61.5,-62.2,v1.4.2,online,good
AH-00124,2026-07-02 20:49:00,19.77,50.6,84.2,-59.4,v1.5.0,online,good
AH-00028,2026-07-02 20:50:00,24.38,32.5,85.4,-76.9,v2.1.0,online,poor
AH-00145,2026-07-02 20:50:00,25.29,39.62,72.9,-59.8,v1.5.0,offline,fair
AH-00062,2026-07-02 20:51:00,32.54,,67.2,-57.4,v2.1.0,online,good
AH-00010,2026-07-02 20:51:00,30.16,48.86,72.1,-56.0,v2.1.0,online,good
AH-00043,2026-07-02 20:52:00,28.24,,72.5,-58.5,v2.1.0,online,good
AH-00022,2026-07-02 20:54:00,26.44,38.4,67.6,-65.5,v2.1.0,maintenance,good
AH-00080,2026-07-02 20:54:00,23.62,53.63,85.8,-62.4,v2.0.1,online,fair
AH-00102,2026-07-02 20:55:00,26.7,43.78,58.7,-59.0,v2.1.0,maintenance,good
AH-00129,2026-07-02 20:56:00,26.43,26.68,59.8,-45.6,v1.5.0,maintenance,good
AH-00027,2026-07-02 20:57:00,,61.98,82.1,-60.9,v2.0.1,online,fair
AH-00045,2026-07-02 20:58:00,25.52,56.09,76.5,-56.9,v2.0.1,online,good
AH-00071,2026-07-02 20:58:00,,58.12,70.2,-55.6,v1.5.0,online,good
AH-00102,2026-07-02 20:59:00,29.78,51.57,46.0,-56.5,v1.4.2,online,good
AH-00009,2026-07-02 21:00:00,,42.58,75.2,-59.5,v2.0.1,online,good
AH-00114,2026-07-02 21:00:00,29.57,52.45,78.0,-51.4,v2.0.1,online,good
AH-00022,2026-07-02 21:00:00,29.6,52.22,71.4,-67.1,v2.0.1,online,poor
AH-00001,2026-07-02 21:01:00,22.02,48.64,71.3,-61.3,v2.0.1,maintenance,fair
AH-00114,2026-07-02 21:01:00,27.29,43.67,79.8,-52.6,v2.0.1,online,fair
AH-00078,2026-07-02 21:02:00,33.85,44.44,84.9,-52.8,v2.0.1,online,fair
AH-00013,2026-07-02 21:03:00,26.85,54.16,62.7,-54.8,v2.1.0,online,good
AH-00171,2026-07-02 21:05:00,20.89,42.18,75.7,-56.5,v2.0.1,online,good
AH-00099,2026-07-02 21:07:00,26.67,,82.4,-66.7,v1.5.0,offline,poor
AH-00109,2026-07-02 21:08:00,25.51,52.93,77.4,-60.2,v1.4.2,online,good
AH-00149,2026-07-02 21:08:00,31.79,44.19,90.0,-57.6,v1.5.0,online,good
AH-00085,2026-07-02 21:09:00,29.22,,80.7,-67.7,v1.4.2,online,good
AH-00180,2026-07-02 21:09:00,25.54,48.66,84.7,-73.8,v2.1.0,online,fair
AH-00172,2026-07-02 21:10:00,29.38,52.3,72.5,-85.0,v2.1.0,online,good
AH-00002,2026-07-02 21:10:00,31.01,43.1,68.8,-53.7,v1.4.2,online,good
AH-00112,2026-07-02 21:12:00,29.01,55.42,70.6,-62.7,v2.0.1,online,good
AH-00122,2026-07-02 21:14:00,32.4,53.09,75.8,-63.7,v2.0.1,maintenance,poor
AH-00150,2026-07-02 21:14:00,29.86,41.81,85.9,-61.8,v1.5.0,online,good
AH-00101,2026-07-02 21:15:00,24.26,44.3,75.0,-56.2,v2.0.1,online,fair
AH-00104,2026-07-02 21:15:00,32.1,47.33,73.8,-67.7,v2.0.1,online,good
AH-00153,2026-07-02 21:16:00,29.24,56.16,72.9,-67.4,v2.0.1,offline,good
AH-00028,2026-07-02 21:17:00,22.49,40.7,75.8,-58.4,v1.5.0,online,fair
AH-00100,2026-07-02 21:17:00,24.91,,64.2,-59.3,v2.0.1,online,good
AH-00032,2026-07-02 21:19:00,31.4,38.16,71.6,-63.6,v2.1.0,online,good
AH-00149,2026-07-02 21:19:00,30.15,40.55,78.5,-61.4,v2.0.1,online,good
AH-00087,2026-07-02 21:20:00,32.74,36.74,74.7,-60.2,v1.5.0,maintenance,good
AH-00118,2026-07-02 21:20:00,30.52,53.05,79.5,-56.2,v2.1.0,online,good
AH-00001,2026-07-02 21:21:00,28.58,28.81,79.4,-61.0,v2.1.0,online,fair
AH-00015,2026-07-02 21:22:00,29.48,46.79,93.4,-61.0,v1.5.0,maintenance,good
AH-00071,2026-07-02 21:27:00,23.58,,76.3,-59.7,v2.0.1,online,fair
AH-00042,2026-07-02 21:28:00,28.47,31.82,83.8,-71.1,v2.0.1,maintenance,good
AH-00052,2026-07-02 21:29:00,23.95,46.77,60.9,-56.0,v2.0.1,online,good
AH-00028,2026-07-02 21:30:00,34.36,59.96,73.5,-67.2,v2.0.1,online,good
AH-00053,2026-07-02 21:30:00,25.91,50.99,70.0,-60.3,v2.0.1,online,fair
AH-00034,2026-07-02 21:31:00,,33.72,75.0,-60.8,v2.1.0,online,good
AH-00004,2026-07-02 21:31:00,31.44,47.85,82.6,-64.8,v2.0.1,online,good
AH-00040,2026-07-02 21:38:00,22.89,,64.7,-76.4,v2.0.1,online,good
AH-00115,2026-07-02 21:38:00,26.8,46.87,84.2,-71.9,v2.0.1,offline,good
AH-00086,2026-07-02 21:41:00,,32.91,75.9,-57.7,v2.0.1,online,good
AH-00177,2026-07-02 21:41:00,24.17,45.81,63.8,-70.8,v1.5.0,online,good
AH-00054,2026-07-02 21:42:00,26.18,,92.7,-59.1,v2.1.0,offline,good
AH-00191,2026-07-02 21:44:00,,39.73,-5.8,-50.7,v2.0.1,online,good
AH-00187,2026-07-02 21:46:00,25.55,56.57,80.5,-69.0,v2.1.0,online,good
AH-00087,2026-07-02 21:46:00,23.6,59.99,69.1,-55.4,v1.5.0,offline,fair
AH-00133,2026-07-02 21:51:00,24.91,42.32,97.4,-57.8,v2.0.1,online,poor
AH-00122,2026-07-02 21:52:00,27.46,53.18,65.8,-67.4,v1.5.0,online,fair
AH-00005,2026-07-02 21:52:00,29.32,30.42,81.3,-60.2,v2.0.1,online,poor
AH-00021,2026-07-02 21:52:00,28.43,54.42,95.5,-62.8,v1.5.0,online,good
AH-00182,2026-07-02 21:53:00,31.24,58.88,92.8,-66.2,v2.0.1,online,good
AH-00169,2026-07-02 21:54:00,26.71,32.78,87.1,-48.6,v2.0.1,online,good
AH-00073,2026-07-02 21:55:00,19.7,41.02,80.6,-76.5,v2.0.1,offline,good
AH-00128,2026-07-02 21:55:00,31.61,46.49,77.7,-63.3,v2.1.0,online,good
AH-00045,2026-07-02 21:55:00,29.26,53.68,72.1,-67.1,v2.0.1,online,good
AH-00107,2026-07-02 21:56:00,20.17,42.65,74.1,-67.8,v2.1.0,online,good
AH-00083,2026-07-02 21:56:00,,,73.5,-73.9,v1.5.0,offline,poor
AH-00113,2026-07-02 21:56:00,32.33,47.97,72.2,-48.2,v2.0.1,online,good
AH-00195,2026-07-02 21:58:00,30.73,44.75,100.0,-73.5,v2.0.1,online,fair
AH-00002,2026-07-02 21:59:00,24.83,29.78,62.2,-61.3,v2.1.0,online,good
AH-00077,2026-07-02 22:00:00,,47.52,78.4,-59.2,v2.1.0,online,good
AH-00039,2026-07-02 22:02:00,33.96,49.33,82.8,-70.2,v2.0.1,online,good
AH-00112,2026-07-02 22:03:00,29.13,48.29,100.0,-76.7,v2.0.1,online,good
AH-00152,2026-07-02 22:03:00,32.88,49.82,90.4,-68.0,v2.0.1,online,poor
AH-00054,2026-07-02 22:04:00,31.94,58.64,74.4,-67.6,v1.5.0,online,good
AH-00020,2026-07-02 22:04:00,27.43,46.55,74.3,-67.9,v2.1.0,offline,good
AH-00162,2026-07-02 22:04:00,28.05,43.75,62.8,-62.0,v2.0.1,online,good
AH-00137,2026-07-02 22:09:00,29.75,42.09,78.3,-74.0,v2.0.1,online,good
AH-00167,2026-07-02 22:10:00,23.79,36.28,60.4,-55.6,v1.5.0,online,fair
AH-00160,2026-07-02 22:11:00,24.62,45.69,75.6,-61.6,v2.0.1,maintenance,fair
AH-00136,2026-07-02 22:11:00,30.85,42.89,85.6,-57.0,v2.0.1,online,good
AH-00180,2026-07-02 22:12:00,27.6,44.01,77.1,-53.4,v1.5.0,offline,good
AH-00009,2026-07-02 22:13:00,33.42,41.23,88.2,-67.2,v1.5.0,online,poor
AH-00149,2026-07-02 22:15:00,26.72,50.59,90.9,-53.2,v2.0.1,online,poor
AH-00156,2026-07-02 22:17:00,35.73,45.72,91.5,-33.4,v1.4.2,online,fair
AH-00067,2026-07-02 22:18:00,26.1,45.7,77.4,-66.5,v2.1.0,offline,poor
AH-00199,2026-07-02 22:18:00,,49.34,79.3,-67.4,v2.0.1,online,good
AH-00059,2026-07-02 22:19:00,19.93,31.62,97.2,-66.5,v2.1.0,maintenance,good
AH-00137,2026-07-02 22:20:00,29.24,43.2,75.0,-59.2,v1.4.2,online,fair
AH-00015,2026-07-02 22:20:00,27.63,43.41,93.5,-71.4,v1.4.2,online,good
AH-00097,2026-07-02 22:21:00,28.55,43.17,81.0,-58.8,v2.1.0,online,good
AH-00060,2026-07-02 22:23:00,27.88,,69.1,-76.5,v2.0.1,online,good
AH-00078,2026-07-02 22:24:00,32.36,,71.6,-65.0,v1.5.0,online,good
AH-00193,2026-07-02 22:25:00,30.08,25.74,90.7,-63.6,v1.5.0,online,good
AH-00144,2026-07-02 22:27:00,29.63,27.74,87.7,-72.6,v2.0.1,maintenance,fair
AH-00196,2026-07-02 22:29:00,27.32,57.42,59.3,-51.9,v2.1.0,online,good
AH-00071,2026-07-02 22:30:00,25.92,49.65,100.0,-74.8,v2.1.0,maintenance,good
AH-00101,2026-07-02 22:30:00,26.13,51.49,75.6,-60.5,v2.0.1,online,good
AH-00048,2026-07-02 22:33:00,29.57,39.23,61.7,-63.2,v2.0.1,online,fair
AH-00064,2026-07-02 22:34:00,26.61,57.01,77.8,-52.1,v2.0.1,online,good
AH-00047,2026-07-02 22:35:00,26.73,34.87,95.1,-52.5,v2.0.1,offline,good
AH-00006,2026-07-02 22:36:00,29.12,50.03,79.0,-58.7,v2.1.0,online,good
AH-00149,2026-07-02 22:36:00,31.98,48.66,73.5,-50.4,v2.1.0,online,good
AH-00014,2026-07-02 22:37:00,26.41,46.64,89.8,-71.0,v2.0.1,online,fair
AH-00170,2026-07-02 22:37:00,29.51,38.24,73.9,-67.0,v2.0.1,online,good
AH-00108,2026-07-02 22:38:00,27.7,56.99,84.5,-62.4,v2.0.1,offline,poor
AH-00158,2026-07-02 22:39:00,,37.35,75.8,-68.0,v2.0.1,online,fair
AH-00182,2026-07-02 22:39:00,25.5,38.75,81.0,-61.4,v2.0.1,offline,poor
AH-00179,2026-07-02 22:40:00,27.22,34.81,91.7,-51.8,v2.1.0,online,good
AH-00176,2026-07-02 22:40:00,36.72,53.35,83.0,-67.0,v2.0.1,online,fair
AH-00079,2026-07-02 22:41:00,29.96,31.98,84.8,-65.2,v1.5.0,online,good
AH-00121,2026-07-02 22:42:00,31.99,50.89,77.7,-56.1,v2.1.0,online,good
AH-00085,2026-07-02 22:45:00,26.32,49.51,88.1,-56.3,v1.5.0,online,good
AH-00165,2026-07-02 22:46:00,28.19,46.43,81.5,-59.2,v2.0.1,online,good
AH-00099,2026-07-02 22:46:00,25.65,49.91,87.6,-65.6,v1.5.0,online,good
AH-00096,2026-07-02 22:47:00,29.89,131.74,72.3,-66.5,v2.1.0,online,good
AH-00090,2026-07-02 22:48:00,26.44,45.12,75.8,-59.6,v1.5.0,online,good
AH-00067,2026-07-02 22:48:00,27.71,40.2,77.9,-76.2,v2.0.1,online,poor
AH-00106,2026-07-02 22:49:00,26.81,37.45,72.1,-61.3,v2.0.1,online,fair
AH-00144,2026-07-02 22:49:00,24.23,55.05,78.4,-62.8,v1.4.2,online,good
AH-00038,2026-07-02 22:50:00,23.29,,90.3,-51.3,v2.1.0,online,good
AH-00043,2026-07-02 22:50:00,24.25,55.8,78.8,-59.6,v2.0.1,online,good
AH-00008,2026-07-02 22:51:00,28.84,39.41,76.4,-62.3,v1.5.0,online,poor
AH-00161,2026-07-02 22:52:00,28.56,47.16,79.6,-68.2,v2.0.1,maintenance,good
AH-00101,2026-07-02 22:54:00,26.61,54.28,66.0,-64.9,v1.5.0,online,poor
AH-00167,2026-07-02 22:55:00,30.43,54.36,70.0,-61.9,v1.4.2,online,fair
AH-00100,2026-07-02 22:55:00,26.25,41.91,75.3,-55.8,v1.4.2,online,good
AH-00163,2026-07-02 22:55:00,28.4,46.79,88.9,-47.5,v2.1.0,online,good
AH-00006,2026-07-02 22:56:00,32.13,22.5,79.7,-54.2,v2.0.1,online,fair
AH-00186,2026-07-02 22:57:00,26.37,38.51,74.1,-61.0,v2.0.1,online,good
AH-00039,2026-07-02 22:57:00,25.34,44.38,82.3,-58.0,v1.5.0,maintenance,good
AH-00182,2026-07-02 23:01:00,25.47,46.57,80.2,-58.4,v2.0.1,offline,good
AH-00027,2026-07-02 23:03:00,25.69,43.46,92.9,-68.2,v2.1.0,online,good
AH-00144,2026-07-02 23:04:00,23.18,49.37,69.3,-55.2,v2.0.1,online,good
AH-00048,2026-07-02 23:05:00,33.1,37.26,-9.9,-56.7,v2.1.0,online,good
AH-00128,2026-07-02 23:05:00,29.39,49.25,88.7,-65.4,v2.1.0,offline,poor
AH-00136,2026-07-02 23:06:00,26.41,,87.5,-77.4,v2.0.1,online,fair
AH-00015,2026-07-02 23:08:00,25.55,33.37,68.3,-63.5,v2.0.1,online,fair
AH-00115,2026-07-02 23:08:00,20.83,36.92,64.8,-72.1,v1.4.2,online,good
AH-00149,2026-07-02 23:08:00,29.16,50.44,75.9,-51.2,v2.0.1,online,poor
AH-00185,2026-07-02 23:10:00,28.36,51.28,61.6,-62.4,v2.0.1,online,poor
AH-00163,2026-07-02 23:10:00,26.48,38.49,70.7,-67.7,v1.5.0,online,poor
AH-00074,2026-07-02 23:14:00,26.05,41.35,79.5,-69.3,v1.4.2,online,poor
AH-00049,2026-07-02 23:14:00,28.2,54.79,86.7,-85.2,v2.0.1,online,fair
AH-00022,2026-07-02 23:15:00,25.02,54.24,96.5,-59.6,v2.0.1,online,fair
AH-00010,2026-07-02 23:17:00,33.12,46.06,80.3,-61.1,v2.1.0,online,fair
AH-00117,2026-07-02 23:17:00,27.39,37.29,88.9,-74.6,v2.0.1,online,good
AH-00198,2026-07-02 23:17:00,23.41,43.62,83.3,-60.9,v1.5.0,online,good
AH-00084,2026-07-02 23:18:00,33.2,42.89,90.4,-67.1,v2.1.0,online,fair
AH-00060,2026-07-02 23:19:00,34.39,73.98,55.9,-78.1,v2.0.1,offline,good
AH-00025,2026-07-02 23:19:00,27.94,126.06,52.5,-62.4,v2.0.1,online,good
AH-00027,2026-07-02 23:21:00,21.89,48.55,52.6,-68.0,v2.0.1,maintenance,good
AH-00055,2026-07-02 23:22:00,22.46,46.15,88.8,-59.7,v1.5.0,online,good
AH-00099,2026-07-02 23:24:00,29.61,51.64,87.8,-60.7,v2.0.1,online,good
AH-00181,2026-07-02 23:25:00,29.57,41.43,76.7,-60.5,v1.5.0,online,good
AH-00186,2026-07-02 23:26:00,,32.51,89.1,-72.2,v2.1.0,online,good
AH-00121,2026-07-02 23:27:00,31.72,108.6,91.4,-52.7,v1.5.0,maintenance,fair
AH-00013,2026-07-02 23:27:00,29.91,49.64,88.1,-56.3,v2.1.0,offline,poor
AH-00059,2026-07-02 23:27:00,20.24,67.1,89.9,-62.4,v2.0.1,online,fair
AH-00134,2026-07-02 23:28:00,25.71,62.74,82.9,-64.7,v2.0.1,online,good
AH-00061,2026-07-02 23:28:00,29.27,31.41,100.0,-71.4,v2.0.1,online,good
AH-00174,2026-07-02 23:28:00,33.06,49.38,80.2,-64.7,v2.0.1,online,fair
AH-00038,2026-07-02 23:29:00,24.24,50.96,61.9,-64.7,v2.0.1,online,fair
AH-00153,2026-07-02 23:30:00,28.48,49.86,87.7,-63.0,v2.1.0,online,good
AH-00076,2026-07-02 23:31:00,26.0,56.17,89.9,-69.9,v2.0.1,maintenance,poor
AH-00033,2026-07-02 23:31:00,27.95,50.2,73.8,-61.2,v2.1.0,online,good
AH-00161,2026-07-02 23:31:00,29.18,,63.2,-61.3,v1.5.0,online,good
AH-00118,2026-07-02 23:32:00,23.61,49.26,76.8,-61.3,v1.5.0,online,fair
AH-00154,2026-07-02 23:38:00,28.58,43.65,82.9,-50.5,v2.0.1,maintenance,fair
AH-00129,2026-07-02 23:39:00,,34.77,81.8,-58.2,v2.0.1,online,good
AH-00135,2026-07-02 23:39:00,32.71,37.68,88.7,-63.3,v2.0.1,online,fair
AH-00174,2026-07-02 23:39:00,26.52,42.82,82.4,-64.4,v2.1.0,online,good
AH-00159,2026-07-02 23:44:00,,37.74,66.0,-67.7,v2.0.1,maintenance,good
AH-00055,2026-07-02 23:44:00,30.6,40.56,92.8,-48.2,v2.0.1,online,poor
AH-00108,2026-07-02 23:45:00,23.08,42.49,62.1,-67.2,v1.5.0,offline,good
AH-00073,2026-07-02 23:50:00,24.07,42.38,76.1,-66.1,v1.4.2,online,good
AH-00014,2026-07-02 23:52:00,26.8,32.88,83.0,-69.8,v2.1.0,maintenance,good
AH-00106,2026-07-02 23:52:00,26.24,60.75,68.6,-55.9,v2.0.1,online,good
AH-00041,2026-07-02 23:54:00,37.47,41.13,62.9,-57.1,v2.0.1,online,good
AH-00192,2026-07-02 23:56:00,,38.59,78.2,-64.4,v1.5.0,offline,good
AH-00032,2026-07-02 23:56:00,,32.04,71.6,-69.9,v2.1.0,online,good
AH-00158,2026-07-02 23:57:00,31.45,56.15,-4.2,-60.8,v2.1.0,online,good
AH-00033,2026-07-02 23:58:00,28.88,,84.2,-81.8,v2.0.1,online,good
AH-00050,2026-07-02 23:58:00,29.33,42.36,92.9,-44.1,v2.1.0,offline,poor
AH-00140,2026-07-02 23:59:00,34.71,55.15,84.5,-80.0,v1.5.0,online,good
AH-00157,2026-07-03 00:00:00,35.36,,84.1,-74.9,v2.1.0,offline,good
AH-00177,2026-07-03 00:00:00,25.45,27.22,67.9,-62.6,v2.0.1,online,good
AH-00014,2026-07-03 00:01:00,31.07,107.83,100.0,-69.6,v1.5.0,online,good
AH-00051,2026-07-03 00:01:00,29.21,46.94,92.6,-56.2,v1.5.0,online,good
AH-00066,2026-07-03 00:01:00,24.05,29.27,78.9,-65.3,v2.1.0,online,good
AH-00188,2026-07-03 00:01:00,19.93,42.03,81.5,-58.1,v2.0.1,online,fair
AH-00163,2026-07-03 00:02:00,26.55,54.22,70.2,-49.5,v2.1.0,online,good
AH-00122,2026-07-03 00:04:00,31.62,42.0,83.7,-54.1,v1.5.0,online,good
AH-00066,2026-07-03 00:04:00,28.52,54.44,74.7,-59.0,v2.0.1,online,fair
AH-00033,2026-07-03 00:05:00,22.42,,72.8,-59.2,v1.5.0,online,good
AH-00077,2026-07-03 00:07:00,30.28,58.74,75.5,-72.7,v1.4.2,online,good
AH-00094,2026-07-03 00:08:00,26.4,50.65,62.5,-60.3,v1.5.0,online,good
AH-00081,2026-07-03 00:09:00,30.43,31.92,81.4,-51.0,v2.1.0,online,good
AH-00054,2026-07-03 00:11:00,25.17,42.14,78.2,-60.5,v1.5.0,online,good
AH-00013,2026-07-03 00:12:00,21.24,29.8,75.0,-63.8,v1.5.0,online,good
AH-00019,2026-07-03 00:12:00,28.14,47.59,84.8,-57.3,v2.0.1,online,fair
AH-00123,2026-07-03 00:13:00,22.11,43.83,67.8,-69.1,v1.5.0,online,good
AH-00104,2026-07-03 00:14:00,29.28,39.9,66.6,-65.5,v2.0.1,online,good
AH-00090,2026-07-03 00:15:00,,42.37,78.8,-63.1,v2.0.1,online,good
AH-00160,2026-07-03 00:16:00,,48.49,95.6,-65.9,v1.4.2,online,good
AH-00151,2026-07-03 00:17:00,30.33,51.74,68.9,-54.1,v2.0.1,online,good
AH-00091,2026-07-03 00:17:00,27.95,43.34,-4.3,-63.2,v2.0.1,online,good
AH-00186,2026-07-03 00:19:00,25.55,54.01,82.3,-61.8,v2.0.1,online,poor
AH-00039,2026-07-03 00:19:00,,46.67,84.9,-61.8,v1.5.0,online,good
AH-00091,2026-07-03 00:19:00,22.87,36.9,74.1,-52.2,v2.0.1,maintenance,good
AH-00054,2026-07-03 00:20:00,24.65,39.58,76.6,-57.8,v2.0.1,online,good
AH-00176,2026-07-03 00:20:00,,48.08,95.3,-54.2,v2.0.1,online,poor
AH-00082,2026-07-03 00:23:00,30.66,46.83,68.8,-59.8,v1.5.0,online,good
AH-00042,2026-07-03 00:24:00,28.37,36.94,72.7,-62.9,v2.0.1,online,good
AH-00061,2026-07-03 00:24:00,27.89,46.42,65.8,-66.4,v2.0.1,online,fair
AH-00162,2026-07-03 00:27:00,25.86,39.17,82.2,-71.0,v2.1.0,online,poor
AH-00192,2026-07-03 00:29:00,,56.38,76.4,-69.0,v2.0.1,online,good
AH-00012,2026-07-03 00:29:00,26.43,52.89,75.3,-55.7,v2.0.1,online,fair
AH-00144,2026-07-03 00:32:00,32.27,43.01,61.1,-62.3,v1.5.0,online,good
AH-00135,2026-07-03 00:32:00,30.75,48.08,96.7,-57.0,v2.0.1,online,good
AH-00155,2026-07-03 00:34:00,28.29,43.91,76.4,-56.8,v2.0.1,online,good
AH-00031,2026-07-03 00:34:00,27.58,40.27,93.7,-53.2,v2.1.0,offline,good
AH-00093,2026-07-03 00:36:00,32.48,54.76,80.7,-77.2,v2.0.1,online,good
AH-00082,2026-07-03 00:37:00,28.57,,60.9,-69.0,v1.5.0,online,good
AH-00176,2026-07-03 00:37:00,26.65,,-2.6,-61.0,v1.5.0,online,poor
AH-00062,2026-07-03 00:37:00,26.46,28.78,79.4,-72.3,v1.5.0,online,poor
AH-00006,2026-07-03 00:39:00,25.05,46.62,84.9,-72.4,v1.5.0,online,poor
AH-00092,2026-07-03 00:39:00,30.29,46.84,-4.4,-57.8,v2.0.1,online,good
AH-00117,2026-07-03 00:40:00,35.6,43.52,64.3,-51.9,v1.5.0,online,good
AH-00065,2026-07-03 00:42:00,30.78,36.43,87.2,-59.7,v2.0.1,offline,good
AH-00188,2026-07-03 00:43:00,27.86,32.93,94.9,-59.5,v2.1.0,offline,good
AH-00173,2026-07-03 00:43:00,,44.31,79.6,-66.2,v1.5.0,online,good
AH-00199,2026-07-03 00:43:00,,38.79,92.2,-71.5,v2.0.1,offline,good
AH-00103,2026-07-03 00:43:00,29.84,34.44,88.5,-61.7,v2.0.1,online,good
AH-00172,2026-07-03 00:46:00,24.1,39.49,65.1,-51.2,v2.0.1,online,good
AH-00037,2026-07-03 00:47:00,24.47,36.43,69.9,-59.6,v2.0.1,offline,good
AH-00005,2026-07-03 00:47:00,26.82,46.92,76.5,-63.0,v1.5.0,online,good
AH-00172,2026-07-03 00:50:00,20.68,43.62,82.3,-56.3,v1.4.2,online,good
AH-00120,2026-07-03 00:51:00,25.49,34.01,51.9,-52.1,v2.0.1,online,good
AH-00145,2026-07-03 00:51:00,27.31,50.26,75.5,-63.1,v2.0.1,online,fair
AH-00003,2026-07-03 00:54:00,31.57,36.09,75.0,-62.5,v2.0.1,online,fair
AH-00180,2026-07-03 00:55:00,,58.58,77.8,-67.5,v2.0.1,online,good
AH-00178,2026-07-03 00:55:00,24.92,34.7,77.3,-70.5,v1.5.0,online,fair
AH-00140,2026-07-03 00:55:00,29.6,60.3,80.5,-47.2,v2.1.0,online,good
AH-00147,2026-07-03 00:55:00,27.74,42.13,72.7,-64.4,v1.5.0,online,good
AH-00089,2026-07-03 00:56:00,31.01,59.91,91.9,-62.5,v2.0.1,offline,good
AH-00135,2026-07-03 00:56:00,30.24,,46.8,-71.3,v1.5.0,online,good
AH-00006,2026-07-03 00:56:00,,41.27,76.5,-67.8,v1.5.0,online,good
AH-00135,2026-07-03 00:57:00,,40.27,71.3,-68.9,v2.1.0,online,good
AH-00034,2026-07-03 00:59:00,,54.59,82.0,-62.2,v2.1.0,online,good
AH-00175,2026-07-03 01:03:00,25.33,48.68,54.7,-56.8,v2.0.1,online,good
AH-00179,2026-07-03 01:04:00,32.14,34.71,67.0,-64.7,v2.0.1,online,fair
AH-00019,2026-07-03 01:04:00,26.82,43.41,71.0,-58.6,v2.0.1,maintenance,fair
AH-00042,2026-07-03 01:04:00,30.79,44.01,81.6,-66.1,v2.0.1,online,good
AH-00004,2026-07-03 01:05:00,32.76,41.96,74.9,-56.8,v2.0.1,online,fair
AH-00195,2026-07-03 01:06:00,28.63,45.16,74.1,-57.7,v2.0.1,online,good
AH-00188,2026-07-03 01:06:00,28.05,43.13,93.1,-61.1,v1.4.2,offline,good
AH-00159,2026-07-03 01:06:00,21.95,43.16,86.7,-66.4,v2.0.1,online,good
AH-00157,2026-07-03 01:08:00,19.19,59.54,90.0,-60.1,v2.1.0,maintenance,good
AH-00116,2026-07-03 01:11:00,23.31,34.22,84.5,-53.7,v1.5.0,online,poor
AH-00022,2026-07-03 01:11:00,26.54,52.9,73.8,-53.2,v2.1.0,online,good
AH-00148,2026-07-03 01:13:00,27.16,38.21,-3.5,-67.5,v2.0.1,online,good
AH-00171,2026-07-03 01:14:00,31.49,52.59,62.0,-54.6,v1.4.2,online,poor
AH-00126,2026-07-03 01:19:00,29.02,39.09,84.3,-48.3,v2.1.0,online,poor
AH-00042,2026-07-03 01:21:00,27.67,45.55,83.7,-65.3,v2.0.1,online,good
AH-00133,2026-07-03 01:21:00,28.72,30.22,64.5,-65.6,v2.0.1,online,fair
AH-00099,2026-07-03 01:22:00,23.36,,73.2,-69.6,v2.0.1,offline,poor
AH-00142,2026-07-03 01:22:00,,36.84,78.1,-69.0,v2.0.1,online,good
AH-00140,2026-07-03 01:23:00,34.04,44.01,79.6,-48.9,v2.1.0,online,good
AH-00081,2026-07-03 01:26:00,21.33,48.71,73.9,-58.9,v1.5.0,online,good
AH-00135,2026-07-03 01:26:00,22.77,128.53,76.6,-73.1,v2.0.1,online,good
AH-00159,2026-07-03 01:27:00,30.16,43.51,86.7,-69.0,v2.0.1,online,good
AH-00043,2026-07-03 01:30:00,20.76,49.95,72.9,-59.7,v2.0.1,online,good
AH-00177,2026-07-03 01:30:00,26.68,48.61,65.3,-55.2,v2.1.0,offline,good
AH-00090,2026-07-03 01:31:00,27.08,57.6,66.7,-51.8,v1.5.0,online,good
AH-00006,2026-07-03 01:33:00,,42.59,83.2,-62.9,v2.0.1,maintenance,good
AH-00128,2026-07-03 01:34:00,21.2,47.97,75.9,-60.3,v2.1.0,offline,good
AH-00047,2026-07-03 01:34:00,29.65,55.15,83.3,-66.9,v2.0.1,offline,good
AH-00108,2026-07-03 01:34:00,29.77,40.16,93.4,-51.2,v2.1.0,online,fair
AH-00042,2026-07-03 01:36:00,28.15,53.52,73.0,-47.9,v2.0.1,online,fair
AH-00142,2026-07-03 01:36:00,33.64,39.71,68.7,-59.2,v1.5.0,maintenance,good
AH-00129,2026-07-03 01:36:00,32.93,62.91,82.1,-69.8,v2.1.0,online,poor
AH-00058,2026-07-03 01:38:00,29.04,42.92,86.2,-54.0,v2.1.0,offline,good
AH-00155,2026-07-03 01:38:00,31.7,33.22,80.1,-60.5,v1.5.0,online,good
AH-00048,2026-07-03 01:40:00,28.1,41.2,100.0,-56.3,v2.0.1,offline,poor
AH-00119,2026-07-03 01:42:00,33.91,44.71,98.6,-65.9,v2.0.1,online,poor
AH-00147,2026-07-03 01:43:00,28.4,43.55,81.2,-55.0,v2.1.0,online,good
AH-00013,2026-07-03 01:43:00,26.94,45.55,75.1,-60.0,v2.0.1,online,fair
AH-00007,2026-07-03 01:43:00,30.97,56.17,77.6,-51.7,v2.1.0,online,good
AH-00184,2026-07-03 01:45:00,25.51,40.59,60.5,-63.4,v2.0.1,online,good
AH-00058,2026-07-03 01:46:00,,40.3,74.5,-59.5,v2.0.1,online,fair
AH-00178,2026-07-03 01:48:00,31.04,27.67,74.5,-76.6,v2.0.1,online,fair
AH-00186,2026-07-03 01:48:00,30.06,37.52,65.1,-54.9,v2.0.1,maintenance,good
AH-00082,2026-07-03 01:48:00,20.9,42.62,65.2,-46.9,v2.1.0,online,good
AH-00179,2026-07-03 01:50:00,28.87,56.66,76.6,-54.8,v2.0.1,online,good
AH-00184,2026-07-03 01:50:00,20.58,45.17,90.0,-48.5,v2.0.1,offline,good
AH-00021,2026-07-03 01:51:00,31.01,52.91,69.2,-56.4,v2.0.1,online,good
AH-00061,2026-07-03 01:52:00,33.56,46.81,75.0,-64.9,v1.5.0,online,good
AH-00127,2026-07-03 01:52:00,27.2,39.39,91.7,-48.9,v2.0.1,online,fair
AH-00185,2026-07-03 01:53:00,29.36,45.41,69.4,-68.0,v2.0.1,online,good
AH-00019,2026-07-03 01:53:00,36.09,40.89,58.6,-64.4,v2.0.1,online,fair
AH-00037,2026-07-03 01:56:00,31.25,50.93,72.6,-57.3,v1.4.2,online,poor
AH-00047,2026-07-03 01:56:00,28.09,39.49,81.2,-53.0,v1.5.0,online,good
AH-00062,2026-07-03 01:57:00,27.57,34.58,90.1,-61.0,v1.5.0,online,good
AH-00109,2026-07-03 01:58:00,33.16,,100.0,-72.0,v1.5.0,online,good
AH-00017,2026-07-03 01:58:00,,43.86,70.3,-60.6,v2.0.1,online,good
AH-00175,2026-07-03 02:01:00,25.91,38.9,89.2,-49.6,v2.1.0,online,good
AH-00100,2026-07-03 02:02:00,30.54,38.8,72.4,-54.0,v2.1.0,online,good
AH-00061,2026-07-03 02:03:00,31.29,36.06,75.7,-55.7,v1.5.0,online,good
AH-00016,2026-07-03 02:04:00,29.42,50.79,74.6,-62.7,v2.0.1,online,good
AH-00012,2026-07-03 02:04:00,26.17,34.37,69.2,-63.8,v2.0.1,online,good
AH-00173,2026-07-03 02:06:00,26.06,29.35,99.4,-60.1,v2.1.0,online,good
AH-00094,2026-07-03 02:06:00,30.55,49.4,65.6,-57.2,v1.4.2,online,poor
AH-00016,2026-07-03 02:07:00,27.09,45.27,66.8,-79.1,v2.0.1,online,good
AH-00183,2026-07-03 02:08:00,,34.13,77.1,-54.0,v1.4.2,online,good
AH-00107,2026-07-03 02:11:00,32.39,45.31,77.9,-65.8,v2.0.1,online,poor
AH-00158,2026-07-03 02:12:00,25.84,45.27,83.8,-57.8,v2.0.1,offline,poor
AH-00039,2026-07-03 02:13:00,29.33,48.78,72.8,-74.3,v2.0.1,online,good
AH-00079,2026-07-03 02:15:00,31.45,46.62,82.3,-77.3,v2.0.1,online,good
AH-00011,2026-07-03 02:15:00,30.81,,81.8,-61.1,v2.0.1,online,good
AH-00069,2026-07-03 02:17:00,29.85,,60.4,-57.6,v2.0.1,online,good
AH-00063,2026-07-03 02:17:00,28.94,40.94,71.1,-62.4,v2.0.1,online,poor
AH-00004,2026-07-03 02:21:00,,40.61,60.4,-52.6,v1.5.0,online,good
AH-00075,2026-07-03 02:22:00,32.97,50.15,78.2,-56.2,v1.4.2,offline,good
AH-00039,2026-07-03 02:22:00,27.29,122.05,65.9,-78.9,v2.0.1,online,good
AH-00140,2026-07-03 02:22:00,24.04,54.23,75.4,-77.3,v2.1.0,online,good
AH-00041,2026-07-03 02:23:00,27.65,48.77,73.9,-55.1,v1.5.0,maintenance,good
AH-00017,2026-07-03 02:23:00,28.9,34.42,79.1,-65.1,v2.0.1,online,good
AH-00149,2026-07-03 02:24:00,35.36,50.3,88.0,-67.0,v2.0.1,online,good
AH-00147,2026-07-03 02:25:00,27.79,46.95,77.0,-60.2,v2.0.1,offline,good
AH-00015,2026-07-03 02:25:00,28.64,58.8,87.8,-63.8,v2.1.0,online,good
AH-00131,2026-07-03 02:26:00,26.85,59.56,76.7,-50.1,v2.1.0,online,good
AH-00161,2026-07-03 02:28:00,27.83,63.99,76.9,-65.3,v2.0.1,online,good
AH-00190,2026-07-03 02:28:00,28.08,50.2,81.7,-55.4,v2.1.0,online,fair
AH-00072,2026-07-03 02:28:00,27.56,38.89,100.0,-58.9,v2.0.1,online,good
AH-00097,2026-07-03 02:30:00,25.19,42.32,88.6,-62.2,v1.5.0,online,good
AH-00169,2026-07-03 02:31:00,29.03,39.93,78.4,-55.7,v1.4.2,online,good
AH-00044,2026-07-03 02:32:00,26.64,45.3,74.5,-58.3,v1.5.0,online,good
AH-00025,2026-07-03 02:33:00,26.17,46.7,76.3,-51.5,v1.5.0,maintenance,poor
AH-00181,2026-07-03 02:34:00,25.48,29.8,73.1,-69.5,v1.5.0,online,good
AH-00034,2026-07-03 02:35:00,27.11,48.25,73.3,-56.1,v2.0.1,online,good
AH-00056,2026-07-03 02:37:00,26.64,34.83,81.8,-57.0,v2.1.0,online,fair
AH-00032,2026-07-03 02:37:00,,50.02,83.1,-58.9,v1.5.0,maintenance,good
AH-00100,2026-07-03 02:37:00,25.21,40.08,63.0,-68.7,v2.0.1,online,poor
AH-00046,2026-07-03 02:38:00,27.02,30.78,84.6,-66.0,v2.0.1,maintenance,good
AH-00103,2026-07-03 02:39:00,,128.22,80.8,-60.8,v2.0.1,online,poor
AH-00164,2026-07-03 02:40:00,29.58,37.46,73.8,-62.9,v2.1.0,maintenance,good
AH-00152,2026-07-03 02:42:00,23.36,56.79,71.8,-63.4,v1.4.2,offline,fair
AH-00106,2026-07-03 02:43:00,32.03,40.87,67.6,-58.7,v2.1.0,online,good
AH-00196,2026-07-03 02:45:00,29.08,34.5,96.7,-72.4,v2.1.0,offline,good
AH-00006,2026-07-03 02:46:00,27.95,48.1,67.2,-61.5,v2.0.1,online,fair
AH-00198,2026-07-03 02:47:00,23.56,54.35,75.6,-56.2,v1.5.0,online,fair
AH-00181,2026-07-03 02:47:00,,40.18,100.0,-49.9,v1.4.2,online,good
AH-00043,2026-07-03 02:48:00,31.32,49.76,65.1,-55.5,v2.0.1,online,good
AH-00160,2026-07-03 02:49:00,26.46,36.46,94.4,-73.6,v2.0.1,offline,good
AH-00132,2026-07-03 02:50:00,,,60.8,-57.0,v1.5.0,online,fair
AH-00095,2026-07-03 02:51:00,22.24,58.46,80.4,-55.1,v2.0.1,offline,good
AH-00053,2026-07-03 02:52:00,21.75,35.36,70.5,-54.7,v2.0.1,online,good
AH-00074,2026-07-03 02:52:00,28.28,49.69,87.3,-78.3,v2.1.0,online,good
AH-00019,2026-07-03 02:52:00,29.09,48.22,85.5,-55.8,v2.1.0,online,good
AH-00175,2026-07-03 02:54:00,32.08,40.55,85.4,-57.6,v1.5.0,online,fair
AH-00164,2026-07-03 02:54:00,,44.79,78.4,-64.8,v2.0.1,online,good
AH-00054,2026-07-03 02:56:00,,43.34,83.7,-70.5,v1.5.0,maintenance,good
AH-00159,2026-07-03 02:59:00,27.63,37.71,94.2,-65.8,v2.0.1,online,fair
AH-00146,2026-07-03 03:00:00,23.62,47.29,82.0,-74.1,v1.4.2,online,good
AH-00012,2026-07-03 03:00:00,31.24,59.54,82.0,-73.2,v1.4.2,online,good
AH-00050,2026-07-03 03:00:00,27.91,40.4,67.6,-54.3,v2.0.1,maintenance,good
AH-00150,2026-07-03 03:01:00,31.51,52.91,77.6,-67.4,v2.0.1,online,good
AH-00057,2026-07-03 03:02:00,23.89,,67.8,-54.8,v1.5.0,online,fair
AH-00152,2026-07-03 03:02:00,24.82,43.28,86.7,-74.5,v2.1.0,maintenance,good
AH-00145,2026-07-03 03:03:00,26.75,45.16,76.3,-58.4,v1.5.0,online,good
AH-00045,2026-07-03 03:05:00,29.43,39.21,-7.6,-67.9,v2.1.0,online,good
AH-00055,2026-07-03 03:08:00,27.31,45.46,77.3,-59.8,v1.5.0,online,fair
AH-00128,2026-07-03 03:08:00,21.46,46.64,79.8,-69.0,v2.0.1,online,good
AH-00070,2026-07-03 03:09:00,27.68,46.36,77.2,-67.7,v2.0.1,online,good
AH-00090,2026-07-03 03:09:00,25.81,35.38,66.7,-57.0,v2.1.0,online,good
AH-00156,2026-07-03 03:09:00,30.95,45.01,73.6,-55.3,v2.0.1,online,fair
AH-00018,2026-07-03 03:10:00,32.86,42.14,91.3,-52.3,v1.5.0,offline,good
AH-00111,2026-07-03 03:10:00,28.91,53.54,81.6,-71.6,v1.4.2,online,good
AH-00126,2026-07-03 03:12:00,30.92,52.06,94.6,-69.4,v1.5.0,online,good
AH-00102,2026-07-03 03:13:00,24.64,44.88,58.6,-54.2,v2.1.0,online,good
AH-00199,2026-07-03 03:13:00,28.45,44.48,66.0,-62.8,v2.1.0,online,poor
AH-00120,2026-07-03 03:14:00,33.78,52.41,-11.3,-53.2,v2.1.0,online,poor
AH-00141,2026-07-03 03:17:00,29.27,131.23,86.9,-61.4,v2.0.1,online,good
AH-00091,2026-07-03 03:17:00,,50.53,82.9,-71.7,v1.5.0,online,good
AH-00138,2026-07-03 03:19:00,29.14,33.27,73.3,-72.2,v1.5.0,online,good
AH-00199,2026-07-03 03:21:00,23.28,48.37,85.7,-54.7,v1.5.0,maintenance,good
AH-00155,2026-07-03 03:21:00,25.53,50.56,67.0,-51.4,v1.4.2,online,good
AH-00159,2026-07-03 03:23:00,28.35,46.44,73.5,-61.1,v2.0.1,online,good
AH-00170,2026-07-03 03:23:00,34.72,32.32,81.3,-51.2,v2.0.1,online,fair
AH-00109,2026-07-03 03:25:00,25.55,48.52,51.8,-61.2,v2.1.0,online,good
AH-00133,2026-07-03 03:26:00,35.43,37.45,65.4,-54.3,v2.0.1,online,poor
AH-00052,2026-07-03 03:27:00,26.2,54.05,91.1,-57.7,v1.5.0,online,good
AH-00030,2026-07-03 03:28:00,29.15,45.61,80.0,-54.3,v2.1.0,online,good
AH-00124,2026-07-03 03:29:00,26.18,39.06,97.0,-65.2,v2.1.0,online,good
AH-00050,2026-07-03 03:33:00,27.14,46.38,93.8,-77.4,v1.5.0,online,good
AH-00178,2026-07-03 03:33:00,,47.65,98.1,-71.6,v2.1.0,offline,good
AH-00003,2026-07-03 03:33:00,28.9,41.88,69.6,-65.8,v2.1.0,online,good
AH-00060,2026-07-03 03:34:00,22.61,38.2,70.6,-67.4,v2.0.1,offline,poor
AH-00020,2026-07-03 03:37:00,34.01,51.14,80.5,-44.4,v2.0.1,online,good
AH-00148,2026-07-03 03:39:00,33.73,64.86,84.7,-70.8,v1.5.0,online,good
AH-00066,2026-07-03 03:39:00,21.83,42.42,69.5,-49.6,v2.1.0,online,good
AH-00160,2026-07-03 03:40:00,29.46,,76.3,-61.1,v2.0.1,online,good
AH-00181,2026-07-03 03:40:00,27.13,46.22,67.4,-62.3,v1.5.0,online,good
AH-00090,2026-07-03 03:41:00,21.27,38.97,67.9,-71.5,v2.0.1,offline,good
AH-00086,2026-07-03 03:42:00,18.93,54.69,76.2,-69.6,v2.0.1,offline,poor
AH-00199,2026-07-03 03:42:00,25.96,46.56,68.9,-63.7,v2.0.1,online,good
AH-00193,2026-07-03 03:44:00,24.83,43.66,76.1,-66.8,v2.1.0,online,good
AH-00162,2026-07-03 03:46:00,26.39,43.13,81.2,-52.5,v2.0.1,online,fair
AH-00162,2026-07-03 03:47:00,29.31,39.55,78.8,-47.1,v2.1.0,online,good
AH-00092,2026-07-03 03:47:00,24.12,44.07,65.7,-62.1,v1.5.0,online,good
AH-00142,2026-07-03 03:47:00,30.43,41.41,80.0,-75.4,v2.1.0,online,good
AH-00161,2026-07-03 03:48:00,29.83,48.25,92.0,-59.6,v1.5.0,online,fair
AH-00122,2026-07-03 03:50:00,28.26,41.63,43.7,-76.5,v2.1.0,online,poor
AH-00159,2026-07-03 03:50:00,26.78,47.32,100.0,-62.8,v1.4.2,online,fair
AH-00102,2026-07-03 03:52:00,28.18,44.13,78.9,-55.0,v2.0.1,online,fair
AH-00188,2026-07-03 03:52:00,30.87,59.75,83.5,-51.4,v2.0.1,maintenance,poor
AH-00016,2026-07-03 03:52:00,32.5,53.3,77.6,-58.4,v1.5.0,online,good
AH-00023,2026-07-03 03:54:00,,35.34,79.2,-57.8,v2.0.1,online,good
AH-00151,2026-07-03 03:55:00,29.96,56.44,72.4,-59.4,v1.5.0,online,good
AH-00030,2026-07-03 03:56:00,30.37,49.59,99.3,-70.5,v2.1.0,online,fair
AH-00116,2026-07-03 03:57:00,29.66,29.78,91.3,-59.9,v1.5.0,online,good
AH-00030,2026-07-03 03:57:00,,53.77,65.8,-57.2,v2.0.1,online,good
AH-00163,2026-07-03 03:58:00,28.66,,60.0,-63.7,v2.1.0,online,poor
AH-00021,2026-07-03 03:58:00,,34.93,79.3,-63.1,v2.0.1,online,fair
AH-00121,2026-07-03 03:59:00,28.67,39.26,77.0,-62.2,v1.5.0,online,fair
AH-00161,2026-07-03 04:00:00,32.75,52.2,72.3,-59.3,v1.5.0,online,good
AH-00177,2026-07-03 04:00:00,29.69,134.24,82.5,-82.9,v2.0.1,online,poor
AH-00126,2026-07-03 04:01:00,,54.94,80.4,-59.7,v2.0.1,online,good
AH-00145,2026-07-03 04:02:00,22.62,44.29,69.6,-59.2,v2.0.1,online,poor
AH-00026,2026-07-03 04:03:00,,48.31,81.1,-47.2,v2.1.0,online,good
AH-00028,2026-07-03 04:06:00,29.85,40.16,82.0,-61.6,v1.5.0,online,poor
AH-00175,2026-07-03 04:07:00,34.32,35.37,86.8,-75.9,v2.0.1,online,good
AH-00035,2026-07-03 04:09:00,29.29,50.22,85.3,-67.2,v1.5.0,maintenance,poor
AH-00135,2026-07-03 04:09:00,31.1,55.5,88.6,-66.1,v2.1.0,online,good
AH-00070,2026-07-03 04:10:00,27.85,47.59,86.8,-63.5,v2.0.1,online,good
AH-00189,2026-07-03 04:11:00,30.55,51.71,82.5,-61.1,v1.5.0,online,poor
AH-00031,2026-07-03 04:12:00,,30.18,74.6,-55.5,v2.0.1,online,fair
AH-00175,2026-07-03 04:13:00,,,77.3,-65.2,v2.1.0,online,good
AH-00102,2026-07-03 04:14:00,25.68,47.36,72.0,-55.8,v2.1.0,online,good
AH-00096,2026-07-03 04:15:00,28.84,34.23,89.3,-61.6,v1.5.0,maintenance,good
AH-00054,2026-07-03 04:15:00,31.86,48.79,84.7,-72.8,v1.5.0,online,fair
AH-00174,2026-07-03 04:17:00,29.49,49.06,77.9,-64.9,v2.0.1,online,good
AH-00001,2026-07-03 04:17:00,28.58,38.09,77.5,-61.2,v2.1.0,online,good
AH-00098,2026-07-03 04:18:00,22.6,34.83,69.5,-63.8,v2.1.0,online,good
AH-00037,2026-07-03 04:18:00,29.29,46.67,72.7,-60.8,v2.0.1,online,fair
AH-00105,2026-07-03 04:20:00,32.85,54.72,78.4,-63.9,v2.1.0,online,good
AH-00133,2026-07-03 04:21:00,24.19,47.41,89.4,-72.4,v1.5.0,maintenance,poor
AH-00050,2026-07-03 04:21:00,33.63,40.86,67.8,-61.9,v2.1.0,online,good
AH-00075,2026-07-03 04:22:00,24.93,49.85,86.0,-48.2,v2.1.0,maintenance,good
AH-00063,2026-07-03 04:22:00,28.22,58.62,85.2,-67.8,v2.1.0,online,good
AH-00026,2026-07-03 04:23:00,35.05,42.55,75.9,-61.2,v2.1.0,online,fair
AH-00038,2026-07-03 04:23:00,26.43,47.55,63.0,-65.6,v1.5.0,maintenance,good
AH-00079,2026-07-03 04:24:00,26.8,67.27,63.0,-61.0,v1.5.0,online,good
AH-00074,2026-07-03 04:24:00,27.71,112.08,90.6,-52.8,v2.0.1,offline,good
AH-00027,2026-07-03 04:26:00,31.72,57.09,87.4,-63.7,v2.1.0,offline,good
AH-00116,2026-07-03 04:27:00,22.69,36.39,95.6,-63.6,v1.5.0,online,poor
AH-00200,2026-07-03 04:27:00,30.32,46.49,79.4,-64.2,v2.0.1,online,good
AH-00022,2026-07-03 04:27:00,23.06,47.85,67.6,-61.1,v2.1.0,online,good
AH-00015,2026-07-03 04:27:00,29.58,38.77,76.6,-58.2,v2.1.0,offline,fair
AH-00036,2026-07-03 04:29:00,32.12,46.99,66.0,-65.7,v2.0.1,offline,good
AH-00063,2026-07-03 04:30:00,25.77,39.84,66.9,-53.1,v2.0.1,online,fair
AH-00010,2026-07-03 04:30:00,27.82,52.1,80.9,-58.5,v2.1.0,online,good
AH-00026,2026-07-03 04:30:00,30.77,50.51,97.8,-72.0,v1.5.0,online,good
AH-00149,2026-07-03 04:31:00,31.31,52.57,70.7,-56.4,v2.1.0,online,good
AH-00138,2026-07-03 04:31:00,25.08,49.51,75.8,-55.8,v2.1.0,offline,good
AH-00059,2026-07-03 04:33:00,30.41,47.87,75.2,-66.6,v2.0.1,online,good
AH-00194,2026-07-03 04:34:00,26.67,40.92,83.4,-48.3,v1.4.2,online,good
AH-00047,2026-07-03 04:35:00,26.95,44.8,79.9,-58.2,v2.0.1,online,good
AH-00103,2026-07-03 04:36:00,31.47,49.09,84.4,-66.8,v2.0.1,maintenance,good
AH-00198,2026-07-03 04:36:00,,45.07,76.7,-74.8,v2.0.1,online,good
AH-00129,2026-07-03 04:39:00,27.9,49.24,54.3,-57.4,v1.5.0,online,fair
AH-00068,2026-07-03 04:39:00,26.71,33.16,85.4,-60.4,v2.1.0,maintenance,poor
AH-00186,2026-07-03 04:42:00,34.9,54.05,96.0,-68.3,v2.0.1,online,good
AH-00069,2026-07-03 04:42:00,27.0,31.68,79.4,-59.8,v2.1.0,online,good
AH-00116,2026-07-03 04:45:00,25.5,39.53,88.1,-44.4,v1.5.0,offline,good
AH-00095,2026-07-03 04:47:00,28.96,56.88,69.8,-48.5,v2.1.0,online,poor
AH-00109,2026-07-03 04:47:00,32.78,41.88,87.7,-66.8,v1.4.2,online,poor
AH-00194,2026-07-03 04:48:00,28.85,,100.0,-57.4,v1.5.0,online,good
AH-00087,2026-07-03 04:53:00,26.92,42.63,53.9,-57.0,v1.5.0,maintenance,poor
AH-00146,2026-07-03 04:53:00,,44.53,77.3,-59.5,v1.4.2,offline,poor
AH-00176,2026-07-03 04:53:00,,129.87,81.9,-53.5,v1.5.0,offline,good
AH-00040,2026-07-03 04:56:00,31.27,51.95,73.0,-50.5,v1.5.0,online,fair
AH-00044,2026-07-03 04:57:00,26.71,44.33,59.3,-58.8,v2.1.0,online,good
AH-00187,2026-07-03 04:57:00,32.99,29.52,66.1,-67.5,v2.1.0,online,good
AH-00157,2026-07-03 04:58:00,26.26,44.15,75.2,-63.9,v2.0.1,online,good
AH-00163,2026-07-03 04:58:00,25.15,32.47,84.9,-46.1,v2.1.0,online,good
AH-00186,2026-07-03 05:01:00,31.78,35.3,78.5,-75.3,v2.1.0,online,good
AH-00153,2026-07-03 05:01:00,25.02,23.26,66.4,-56.1,v2.0.1,offline,good
AH-00159,2026-07-03 05:03:00,26.31,37.74,77.7,-46.3,v1.5.0,online,good
AH-00045,2026-07-03 05:04:00,25.42,,74.3,-47.8,v2.0.1,online,good
AH-00154,2026-07-03 05:05:00,27.11,44.17,73.5,-61.6,v2.0.1,online,fair
AH-00067,2026-07-03 05:06:00,26.83,51.07,55.4,-59.1,v2.1.0,maintenance,good
AH-00178,2026-07-03 05:07:00,24.83,43.31,83.7,-56.2,v1.5.0,online,good
AH-00050,2026-07-03 05:08:00,22.11,47.45,73.4,-75.6,v2.0.1,offline,good
AH-00130,2026-07-03 05:09:00,34.55,40.4,62.3,-66.6,v2.0.1,online,good
AH-00198,2026-07-03 05:16:00,27.26,51.96,88.5,-50.3,v1.5.0,maintenance,good
AH-00157,2026-07-03 05:17:00,22.78,47.83,72.4,-59.5,v2.0.1,online,good
AH-00141,2026-07-03 05:17:00,20.45,44.68,100.0,-72.4,v2.0.1,online,fair
AH-00198,2026-07-03 05:18:00,,38.31,90.4,-59.6,v2.1.0,online,fair
AH-00028,2026-07-03 05:19:00,24.53,57.2,98.4,-59.6,v1.5.0,online,good
AH-00024,2026-07-03 05:20:00,28.15,53.26,79.7,-62.5,v1.4.2,maintenance,fair
AH-00103,2026-07-03 05:20:00,26.55,46.41,75.2,-60.7,v1.4.2,online,good
AH-00131,2026-07-03 05:21:00,25.55,34.07,92.1,-70.5,v2.1.0,offline,good
AH-00011,2026-07-03 05:21:00,26.9,,64.2,-58.0,v2.0.1,online,good
AH-00111,2026-07-03 05:22:00,26.58,40.23,81.3,-72.6,v2.0.1,online,fair
AH-00021,2026-07-03 05:23:00,28.43,43.69,71.2,-68.8,v2.0.1,online,good
AH-00124,2026-07-03 05:24:00,20.12,43.5,95.8,-53.0,v2.0.1,online,good
AH-00133,2026-07-03 05:24:00,29.42,114.97,66.8,-71.9,v2.0.1,online,good
AH-00030,2026-07-03 05:26:00,28.03,37.92,71.0,-67.3,v2.0.1,online,good
AH-00055,2026-07-03 05:27:00,28.65,42.78,88.5,-52.4,v2.1.0,offline,good
AH-00094,2026-07-03 05:29:00,30.96,,80.1,-64.5,v2.0.1,online,good
AH-00179,2026-07-03 05:30:00,28.9,49.9,87.6,-66.4,v2.1.0,online,fair
AH-00128,2026-07-03 05:32:00,29.72,48.4,77.6,-57.2,v1.5.0,online,good
AH-00191,2026-07-03 05:32:00,,40.7,68.2,-62.6,v2.1.0,offline,good
AH-00178,2026-07-03 05:33:00,22.29,52.99,75.0,-72.7,v2.1.0,maintenance,good
AH-00186,2026-07-03 05:37:00,33.35,49.31,87.5,-63.5,v2.1.0,online,fair
AH-00163,2026-07-03 05:37:00,30.36,31.83,58.1,-56.1,v2.1.0,maintenance,good
AH-00174,2026-07-03 05:39:00,27.24,,76.4,-58.6,v2.0.1,maintenance,good
AH-00054,2026-07-03 05:39:00,26.89,49.14,76.9,-60.8,v1.5.0,online,good
AH-00049,2026-07-03 05:39:00,27.63,36.48,88.3,-76.9,v2.1.0,online,good
AH-00150,2026-07-03 05:41:00,25.32,59.36,65.8,-56.3,v2.0.1,online,fair
AH-00139,2026-07-03 05:42:00,,40.41,78.7,-54.6,v1.5.0,online,good
AH-00192,2026-07-03 05:42:00,25.18,43.55,-11.1,-51.6,v2.1.0,online,good
AH-00063,2026-07-03 05:43:00,20.78,48.66,61.1,-67.7,v2.1.0,maintenance,poor
AH-00162,2026-07-03 05:43:00,23.41,27.65,90.4,-63.4,v2.0.1,online,good
AH-00140,2026-07-03 05:44:00,26.23,46.86,56.7,-57.7,v2.0.1,online,good
AH-00081,2026-07-03 05:45:00,27.1,36.25,92.5,-69.1,v2.1.0,online,good
AH-00198,2026-07-03 05:48:00,31.05,60.7,77.1,-68.0,v2.1.0,online,good
AH-00068,2026-07-03 05:48:00,36.25,22.84,65.0,-66.5,v2.0.1,maintenance,good
AH-00088,2026-07-03 05:50:00,33.11,37.98,80.2,-49.0,v2.1.0,online,good
AH-00186,2026-07-03 05:50:00,,39.02,75.7,-66.5,v2.0.1,online,poor
AH-00022,2026-07-03 05:52:00,26.34,52.08,74.6,-58.5,v2.0.1,maintenance,fair
AH-00103,2026-07-03 05:52:00,25.15,40.78,87.0,-64.6,v2.0.1,offline,poor
AH-00190,2026-07-03 05:55:00,29.5,40.97,88.5,-69.2,v2.1.0,online,good
AH-00156,2026-07-03 05:55:00,24.16,43.17,93.1,-53.2,v2.0.1,online,good
AH-00121,2026-07-03 05:56:00,29.83,52.44,76.3,-50.0,v1.4.2,online,poor
AH-00183,2026-07-03 05:57:00,32.67,47.53,72.6,-62.0,v1.4.2,online,good
AH-00184,2026-07-03 05:58:00,32.46,,76.0,-53.1,v1.5.0,online,fair
AH-00023,2026-07-03 05:59:00,31.7,46.37,97.5,-57.9,v1.5.0,online,good
AH-00157,2026-07-03 05:59:00,24.08,51.33,82.5,-67.0,v1.5.0,online,good
AH-00150,2026-07-03 06:00:00,24.37,44.45,100.0,-57.8,v1.5.0,online,good
AH-00031,2026-07-03 06:01:00,25.81,39.21,77.7,-62.9,v2.1.0,online,good
AH-00057,2026-07-03 06:01:00,32.53,37.43,74.7,-51.2,v2.0.1,online,fair
AH-00045,2026-07-03 06:02:00,21.88,54.01,95.2,-78.6,v1.5.0,online,fair
AH-00077,2026-07-03 06:04:00,,44.6,90.6,-53.7,v2.0.1,online,good
AH-00100,2026-07-03 06:04:00,22.89,49.9,41.0,-67.4,v2.0.1,maintenance,fair
AH-00171,2026-07-03 06:06:00,28.69,63.93,85.4,-52.2,v2.0.1,online,good
AH-00171,2026-07-03 06:07:00,25.58,,75.9,-62.5,v2.0.1,online,fair
AH-00153,2026-07-03 06:08:00,26.04,40.62,70.4,-84.3,v2.1.0,online,poor
AH-00034,2026-07-03 06:08:00,33.69,47.1,78.6,-46.8,v2.0.1,online,fair
AH-00072,2026-07-03 06:10:00,27.36,53.87,71.5,-69.8,v2.0.1,online,fair
AH-00070,2026-07-03 06:11:00,29.53,54.35,89.2,-69.3,v1.5.0,online,fair
AH-00200,2026-07-03 06:15:00,31.21,,80.8,-57.3,v1.5.0,online,poor
AH-00061,2026-07-03 06:15:00,27.27,49.5,53.9,-59.7,v2.0.1,online,good
AH-00009,2026-07-03 06:17:00,28.38,56.32,76.9,-58.1,v2.1.0,online,good
AH-00065,2026-07-03 06:18:00,28.62,56.97,77.9,-53.7,v2.0.1,maintenance,good
AH-00118,2026-07-03 06:19:00,24.47,48.8,98.4,-58.9,v2.0.1,online,good
AH-00114,2026-07-03 06:19:00,26.35,36.22,100.0,-65.8,v2.1.0,online,good
AH-00111,2026-07-03 06:19:00,30.54,50.94,49.0,-67.6,v1.5.0,online,fair
AH-00151,2026-07-03 06:20:00,19.4,49.52,77.3,-48.9,v2.1.0,offline,good
AH-00157,2026-07-03 06:22:00,30.38,38.54,87.6,-55.6,v1.5.0,online,poor
AH-00028,2026-07-03 06:22:00,28.15,47.38,92.5,-62.6,v2.0.1,online,good
AH-00110,2026-07-03 06:25:00,29.0,48.92,-8.6,-71.4,v2.0.1,offline,good
AH-00059,2026-07-03 06:27:00,27.06,44.57,68.8,-70.3,v2.1.0,online,poor
AH-00182,2026-07-03 06:29:00,28.04,29.74,93.4,-56.8,v2.0.1,offline,fair
AH-00056,2026-07-03 06:32:00,28.62,51.15,63.4,-56.3,v1.4.2,online,poor
AH-00114,2026-07-03 06:33:00,22.5,,74.6,-52.5,v1.5.0,online,good
AH-00027,2026-07-03 06:33:00,21.69,44.66,62.1,-55.8,v2.0.1,online,good
AH-00099,2026-07-03 06:36:00,28.7,46.73,82.5,-62.3,v2.0.1,offline,good
AH-00140,2026-07-03 06:36:00,,49.68,92.6,-51.7,v2.0.1,online,fair
AH-00047,2026-07-03 06:37:00,23.46,46.54,63.2,-54.8,v2.0.1,online,good
AH-00046,2026-07-03 06:37:00,29.35,41.85,56.9,-48.3,v1.4.2,maintenance,good
AH-00081,2026-07-03 06:38:00,28.14,31.91,91.7,-66.8,v2.0.1,online,good
AH-00063,2026-07-03 06:38:00,27.23,46.49,83.3,-51.8,v1.5.0,offline,good
AH-00156,2026-07-03 06:38:00,27.42,42.34,74.1,-67.2,v2.1.0,online,good
AH-00017,2026-07-03 06:40:00,28.48,37.31,70.9,-57.4,v1.5.0,online,good
AH-00109,2026-07-03 06:40:00,32.91,36.24,85.0,-76.8,v2.0.1,online,good
AH-00188,2026-07-03 06:41:00,28.6,40.99,100.0,-56.8,v2.1.0,online,good
AH-00008,2026-07-03 06:42:00,30.16,52.25,91.5,-62.8,v2.1.0,online,fair
AH-00082,2026-07-03 06:42:00,23.4,39.73,74.8,-63.0,v2.0.1,online,good
AH-00197,2026-07-03 06:45:00,25.74,51.74,67.5,-61.6,v1.5.0,online,fair
AH-00160,2026-07-03 06:45:00,24.77,,67.2,-59.7,v1.5.0,online,good
AH-00110,2026-07-03 06:47:00,25.78,36.5,79.4,-47.8,v2.0.1,online,good
AH-00185,2026-07-03 06:48:00,23.39,42.6,77.3,-71.3,v2.0.1,online,good
AH-00107,2026-07-03 06:49:00,25.98,36.05,85.4,-62.8,v1.5.0,offline,poor
AH-00047,2026-07-03 06:51:00,22.48,49.54,87.8,-58.3,v2.1.0,online,good
AH-00084,2026-07-03 06:52:00,27.48,39.89,92.6,-62.4,v2.0.1,online,good
AH-00049,2026-07-03 06:53:00,24.18,36.73,53.4,-62.0,v1.5.0,offline,fair
AH-00024,2026-07-03 06:55:00,20.78,38.57,70.4,-63.1,v2.0.1,online,good
AH-00069,2026-07-03 06:55:00,,37.1,76.4,-55.1,v2.0.1,online,good
AH-00061,2026-07-03 06:57:00,30.24,53.38,74.8,-72.9,v1.5.0,online,good
AH-00144,2026-07-03 06:58:00,28.61,47.79,64.6,-56.5,v2.0.1,maintenance,good
AH-00006,2026-07-03 07:01:00,,50.34,-9.1,-66.5,v2.0.1,offline,fair
AH-00068,2026-07-03 07:01:00,20.67,42.93,98.3,-48.7,v1.5.0,online,good
AH-00057,2026-07-03 07:01:00,30.91,52.28,70.8,-65.1,v2.0.1,online,good
AH-00155,2026-07-03 07:01:00,31.61,56.87,64.4,-60.1,v2.1.0,offline,good
AH-00128,2026-07-03 07:02:00,29.6,39.37,94.9,-60.9,v2.1.0,online,good
AH-00092,2026-07-03 07:03:00,,40.07,76.8,-64.8,v2.0.1,online,fair
AH-00166,2026-07-03 07:03:00,29.8,40.25,74.2,-52.1,v2.1.0,online,good
AH-00126,2026-07-03 07:03:00,23.86,50.72,78.0,-52.8,v1.5.0,online,good
AH-00179,2026-07-03 07:04:00,35.77,51.09,56.9,-71.3,v1.5.0,online,good
AH-00184,2026-07-03 07:07:00,27.3,123.14,64.5,-44.9,v2.1.0,online,fair
AH-00080,2026-07-03 07:07:00,34.42,38.53,63.0,-63.7,v2.0.1,online,good
AH-00073,2026-07-03 07:07:00,26.36,41.45,83.5,-72.5,v1.5.0,online,good
AH-00120,2026-07-03 07:09:00,29.47,53.37,61.2,-63.3,v2.0.1,online,good
AH-00084,2026-07-03 07:09:00,24.03,51.44,70.4,-71.2,v2.0.1,offline,good
AH-00152,2026-07-03 07:11:00,25.08,,76.9,-58.6,v2.0.1,online,good
AH-00035,2026-07-03 07:11:00,34.07,,76.7,-53.0,v1.5.0,online,good
AH-00123,2026-07-03 07:14:00,,,83.9,-58.5,v2.0.1,online,poor
AH-00080,2026-07-03 07:17:00,23.36,48.73,72.0,-47.3,v2.0.1,online,good
AH-00074,2026-07-03 07:18:00,22.61,21.1,83.2,-58.5,v2.0.1,online,fair
AH-00089,2026-07-03 07:18:00,25.55,43.72,82.8,-61.3,v2.0.1,online,fair
AH-00180,2026-07-03 07:19:00,26.94,37.69,69.4,-61.9,v2.1.0,online,good
AH-00006,2026-07-03 07:19:00,24.43,67.51,69.5,-62.3,v1.5.0,online,poor
AH-00172,2026-07-03 07:20:00,26.29,52.31,68.8,-67.2,v1.5.0,online,fair
AH-00115,2026-07-03 07:21:00,19.15,,79.9,-54.0,v2.1.0,offline,good
AH-00075,2026-07-03 07:21:00,29.67,32.87,90.0,-60.9,v1.5.0,online,good
AH-00032,2026-07-03 07:22:00,28.42,37.11,78.3,-70.9,v2.1.0,online,fair
AH-00079,2026-07-03 07:22:00,27.9,58.38,94.1,-69.3,v2.1.0,online,poor
AH-00031,2026-07-03 07:24:00,23.81,,74.4,-58.1,v1.4.2,online,poor
AH-00054,2026-07-03 07:24:00,26.38,40.74,74.4,-71.1,v2.0.1,maintenance,good
AH-00145,2026-07-03 07:25:00,32.82,35.79,84.1,-59.3,v1.4.2,offline,fair
AH-00169,2026-07-03 07:25:00,34.94,50.05,92.5,-54.5,v2.1.0,online,fair
AH-00080,2026-07-03 07:25:00,27.95,25.45,68.9,-66.2,v2.0.1,online,good
AH-00102,2026-07-03 07:27:00,21.34,52.01,78.1,-78.3,v2.0.1,online,poor
AH-00144,2026-07-03 07:29:00,28.37,45.67,80.6,-54.7,v1.5.0,online,good
AH-00175,2026-07-03 07:29:00,,46.41,84.9,-61.4,v1.4.2,maintenance,fair
AH-00039,2026-07-03 07:29:00,26.12,105.95,91.4,-56.7,v1.5.0,online,good
AH-00006,2026-07-03 07:30:00,25.55,131.99,89.5,-73.2,v2.1.0,online,good
AH-00050,2026-07-03 07:30:00,23.47,54.14,79.3,-59.8,v2.1.0,offline,good
AH-00064,2026-07-03 07:32:00,29.2,33.82,78.1,-63.5,v2.0.1,maintenance,fair
AH-00181,2026-07-03 07:32:00,24.62,52.28,67.4,-63.6,v2.1.0,maintenance,poor
AH-00021,2026-07-03 07:33:00,31.1,55.58,85.8,-46.2,v1.5.0,online,poor
AH-00036,2026-07-03 07:34:00,,,86.0,-68.0,v2.0.1,online,poor
AH-00142,2026-07-03 07:37:00,,50.39,76.4,-68.0,v1.5.0,online,good
AH-00171,2026-07-03 07:37:00,26.82,54.72,83.1,-61.2,v2.0.1,online,fair
AH-00090,2026-07-03 07:37:00,36.95,,68.0,-65.6,v2.0.1,online,fair
AH-00122,2026-07-03 07:37:00,29.67,49.09,75.3,-51.7,v1.5.0,online,fair
AH-00057,2026-07-03 07:37:00,29.98,33.18,62.6,-59.7,v1.4.2,online,good
AH-00063,2026-07-03 07:38:00,25.9,132.05,84.0,-52.5,v1.5.0,online,good
AH-00054,2026-07-03 07:38:00,27.08,32.32,69.7,-42.6,v2.0.1,online,good
AH-00166,2026-07-03 07:39:00,23.14,42.92,56.6,-57.4,v1.5.0,online,fair
AH-00089,2026-07-03 07:39:00,31.7,37.91,72.8,-51.9,v1.5.0,online,fair
AH-00037,2026-07-03 07:40:00,27.66,56.84,85.0,-53.6,v2.0.1,online,good
AH-00106,2026-07-03 07:40:00,,39.67,48.7,-51.4,v2.1.0,online,good
AH-00005,2026-07-03 07:40:00,22.19,52.09,88.4,-61.4,v2.0.1,maintenance,good
AH-00150,2026-07-03 07:48:00,24.7,49.49,55.9,-57.0,v1.5.0,online,good
AH-00041,2026-07-03 07:51:00,26.67,,82.2,-65.9,v2.1.0,online,good
AH-00159,2026-07-03 07:52:00,28.09,45.43,63.9,-56.8,v2.0.1,offline,good
AH-00009,2026-07-03 07:54:00,29.18,,58.1,-67.0,v2.0.1,online,good
AH-00057,2026-07-03 07:54:00,28.55,57.67,74.2,-62.2,v2.0.1,offline,good
AH-00158,2026-07-03 07:55:00,28.53,36.21,82.1,-61.0,v1.5.0,online,fair
AH-00083,2026-07-03 07:56:00,28.46,49.53,83.2,-55.5,v2.1.0,online,good
AH-00162,2026-07-03 07:59:00,,39.94,71.3,-45.7,v2.1.0,maintenance,good
AH-00041,2026-07-03 07:59:00,29.09,44.5,86.4,-57.7,v1.5.0,online,fair
AH-00109,2026-07-03 08:00:00,26.72,47.87,69.3,-61.4,v1.5.0,offline,good
AH-00089,2026-07-03 08:00:00,28.1,55.79,74.4,-59.6,v1.4.2,online,good
AH-00165,2026-07-03 08:01:00,29.71,43.57,80.1,-75.0,v2.0.1,online,fair
AH-00194,2026-07-03 08:02:00,26.44,35.39,70.0,-68.3,v1.4.2,online,good
AH-00157,2026-07-03 08:02:00,31.05,43.58,97.1,-64.1,v2.1.0,maintenance,good
AH-00039,2026-07-03 08:02:00,29.05,35.98,81.6,-55.5,v2.0.1,maintenance,poor
AH-00108,2026-07-03 08:03:00,32.49,55.18,79.3,-61.6,v2.1.0,online,good
AH-00071,2026-07-03 08:04:00,30.78,30.12,68.7,-66.2,v2.0.1,maintenance,fair
AH-00029,2026-07-03 08:04:00,23.27,54.52,66.7,-77.4,v2.0.1,offline,good
AH-00135,2026-07-03 08:04:00,32.62,123.85,96.3,-59.6,v2.0.1,online,good
AH-00165,2026-07-03 08:08:00,31.58,60.35,73.1,-57.1,v2.1.0,offline,fair
AH-00073,2026-07-03 08:08:00,28.89,42.3,59.6,-57.9,v2.0.1,online,good
AH-00085,2026-07-03 08:09:00,27.66,45.62,77.8,-64.4,v2.0.1,maintenance,good
AH-00159,2026-07-03 08:09:00,32.28,53.06,77.1,-67.9,v2.0.1,online,good
AH-00172,2026-07-03 08:14:00,29.58,,83.6,-62.5,v2.1.0,online,good
AH-00025,2026-07-03 08:14:00,28.44,43.2,90.9,-57.8,v1.5.0,offline,good
AH-00146,2026-07-03 08:14:00,29.45,52.18,64.0,-54.4,v1.5.0,online,good
AH-00053,2026-07-03 08:16:00,23.05,46.03,61.9,-61.5,v2.1.0,online,good
AH-00128,2026-07-03 08:16:00,32.63,50.23,58.8,-51.8,v2.0.1,online,poor
AH-00179,2026-07-03 08:16:00,24.63,37.56,78.1,-55.7,v2.0.1,maintenance,fair
AH-00081,2026-07-03 08:18:00,24.87,50.77,77.1,-53.2,v2.0.1,online,fair
AH-00098,2026-07-03 08:20:00,35.89,36.01,67.1,-76.0,v2.0.1,online,fair
AH-00200,2026-07-03 08:20:00,27.44,39.38,81.9,-60.5,v1.4.2,offline,fair
AH-00041,2026-07-03 08:21:00,27.64,54.25,75.1,-70.2,v2.0.1,maintenance,good
AH-00063,2026-07-03 08:21:00,32.42,,77.8,-65.4,v2.1.0,online,good
AH-00099,2026-07-03 08:21:00,25.45,43.24,67.6,-67.9,v2.1.0,online,good
AH-00118,2026-07-03 08:22:00,32.03,,63.1,-65.3,v1.5.0,online,good
AH-00045,2026-07-03 08:23:00,27.16,38.26,78.9,-64.4,v1.5.0,online,fair
AH-00200,2026-07-03 08:24:00,33.5,41.55,73.1,-65.9,v1.5.0,maintenance,good
AH-00192,2026-07-03 08:26:00,34.11,39.35,87.6,-53.9,v2.0.1,online,good
AH-00051,2026-07-03 08:26:00,27.97,36.2,83.9,-61.7,v1.5.0,online,good
AH-00094,2026-07-03 08:28:00,25.7,43.41,81.5,-46.5,v1.5.0,online,fair
AH-00131,2026-07-03 08:29:00,,35.2,61.7,-64.8,v2.1.0,online,fair
AH-00191,2026-07-03 08:29:00,32.67,42.43,100.0,-55.4,v1.4.2,online,good
AH-00152,2026-07-03 08:30:00,32.26,43.32,48.6,-71.7,v1.5.0,online,fair
AH-00079,2026-07-03 08:30:00,29.86,52.51,85.7,-52.7,v2.0.1,online,good
AH-00088,2026-07-03 08:30:00,29.69,52.95,88.1,-79.7,v1.5.0,online,fair
AH-00026,2026-07-03 08:34:00,28.52,54.53,80.9,-66.4,v2.0.1,offline,good
AH-00105,2026-07-03 08:34:00,27.96,32.5,86.3,-63.8,v1.5.0,online,good
AH-00171,2026-07-03 08:35:00,31.46,54.09,68.9,-56.0,v1.5.0,online,good
AH-00078,2026-07-03 08:35:00,,48.39,86.2,-58.7,v2.0.1,online,good
AH-00041,2026-07-03 08:35:00,31.33,38.99,69.7,-50.8,v2.0.1,online,good
AH-00182,2026-07-03 08:36:00,31.05,55.5,87.9,-68.4,v2.1.0,online,good
AH-00044,2026-07-03 08:40:00,27.17,47.72,82.2,-63.6,v2.0.1,online,good
AH-00128,2026-07-03 08:42:00,30.19,52.47,84.9,-68.2,v2.0.1,maintenance,poor
AH-00177,2026-07-03 08:43:00,29.08,39.4,83.3,-76.0,v2.0.1,online,good
AH-00032,2026-07-03 08:43:00,21.5,24.33,79.9,-69.8,v2.0.1,online,fair
AH-00102,2026-07-03 08:44:00,27.1,52.54,80.2,-59.7,v1.5.0,online,good
AH-00176,2026-07-03 08:48:00,29.12,51.85,68.3,-67.4,v2.0.1,online,good
AH-00067,2026-07-03 08:48:00,25.37,43.54,65.1,-54.0,v1.5.0,online,good
AH-00178,2026-07-03 08:48:00,34.36,130.41,87.1,-47.4,v1.5.0,online,good
AH-00047,2026-07-03 08:49:00,29.21,53.28,81.5,-63.1,v2.0.1,online,good
AH-00058,2026-07-03 08:50:00,28.51,,92.9,-73.4,v2.0.1,online,good
AH-00170,2026-07-03 08:50:00,26.55,45.19,96.5,-50.7,v2.0.1,online,poor
AH-00020,2026-07-03 08:51:00,23.89,44.93,-2.4,-59.9,v1.5.0,online,good
AH-00105,2026-07-03 08:53:00,24.62,52.53,80.8,-69.4,v2.0.1,online,good
AH-00099,2026-07-03 08:53:00,19.92,41.48,91.6,-58.2,v2.0.1,maintenance,fair
AH-00122,2026-07-03 08:54:00,27.89,63.04,69.1,-68.1,v2.0.1,online,fair
AH-00077,2026-07-03 08:57:00,30.66,36.79,98.0,-68.0,v1.4.2,online,fair
AH-00107,2026-07-03 08:57:00,22.47,35.73,70.0,-57.8,v2.0.1,online,good
AH-00068,2026-07-03 08:59:00,27.29,48.91,74.3,-53.0,v2.0.1,online,good
AH-00018,2026-07-03 09:00:00,31.78,,86.6,-65.4,v2.0.1,online,good
AH-00088,2026-07-03 09:04:00,25.6,43.56,87.3,-71.6,v2.0.1,online,fair
AH-00118,2026-07-03 09:07:00,29.59,43.95,88.7,-64.8,v2.0.1,online,fair
AH-00051,2026-07-03 09:08:00,28.91,38.97,89.4,-51.7,v2.0.1,online,fair
AH-00014,2026-07-03 09:08:00,34.01,36.1,79.8,-57.5,v1.5.0,online,poor
AH-00189,2026-07-03 09:08:00,25.36,,73.1,-66.5,v2.1.0,offline,good
AH-00031,2026-07-03 09:10:00,25.86,52.92,78.2,-65.9,v2.1.0,online,good
AH-00107,2026-07-03 09:12:00,29.98,35.09,83.4,-60.3,v2.1.0,online,good
AH-00122,2026-07-03 09:13:00,29.62,47.09,79.5,-49.9,v2.0.1,online,poor
AH-00129,2026-07-03 09:14:00,35.31,41.89,60.2,-60.7,v1.5.0,online,good
AH-00064,2026-07-03 09:15:00,27.81,44.56,82.0,-52.9,v2.1.0,online,good
AH-00173,2026-07-03 09:19:00,33.25,36.68,75.7,-67.8,v1.4.2,maintenance,good
AH-00108,2026-07-03 09:20:00,25.56,35.61,77.1,-72.6,v2.0.1,online,good
AH-00185,2026-07-03 09:20:00,37.48,45.8,94.9,-54.5,v1.5.0,offline,good
AH-00064,2026-07-03 09:21:00,23.96,122.94,96.9,-65.1,v2.0.1,online,good
AH-00010,2026-07-03 09:22:00,27.16,129.36,-1.5,-52.4,v2.0.1,online,good
AH-00189,2026-07-03 09:24:00,29.49,29.42,77.7,-62.2,v1.5.0,online,good
AH-00066,2026-07-03 09:25:00,26.81,50.83,86.0,-64.5,v2.0.1,maintenance,fair
AH-00103,2026-07-03 09:26:00,25.61,48.39,97.4,-63.4,v1.5.0,online,fair
AH-00138,2026-07-03 09:27:00,28.44,28.2,76.6,-64.0,v1.5.0,online,good
AH-00039,2026-07-03 09:28:00,,50.05,59.2,-54.7,v1.5.0,online,poor
AH-00017,2026-07-03 09:28:00,30.6,49.23,88.0,-74.1,v2.1.0,online,fair
AH-00072,2026-07-03 09:29:00,30.4,55.3,72.4,-68.0,v1.5.0,online,fair
AH-00183,2026-07-03 09:30:00,20.53,46.32,85.4,-75.2,v2.1.0,online,good
AH-00194,2026-07-03 09:30:00,34.5,54.53,61.3,-55.8,v2.0.1,online,good
AH-00101,2026-07-03 09:30:00,27.04,44.97,80.8,-65.5,v2.0.1,online,good
AH-00072,2026-07-03 09:31:00,31.6,36.17,68.6,-67.9,v2.0.1,maintenance,good
AH-00039,2026-07-03 09:33:00,27.7,45.99,83.0,-67.0,v2.0.1,online,poor
AH-00069,2026-07-03 09:36:00,28.48,49.62,91.9,-52.6,v2.0.1,online,poor
AH-00129,2026-07-03 09:36:00,27.23,48.56,68.3,-58.2,v2.1.0,online,good
AH-00082,2026-07-03 09:37:00,28.87,35.11,75.6,-60.0,v2.0.1,online,good
AH-00111,2026-07-03 09:37:00,25.37,35.87,80.5,-46.0,v2.0.1,offline,good
AH-00183,2026-07-03 09:38:00,,41.07,82.9,-47.9,v2.0.1,maintenance,fair
AH-00037,2026-07-03 09:38:00,23.25,35.39,78.4,-44.9,v2.0.1,online,good
AH-00196,2026-07-03 09:38:00,28.93,38.16,89.5,-47.1,v2.0.1,online,good
AH-00027,2026-07-03 09:41:00,15.85,40.54,87.8,-62.1,v2.0.1,online,good
AH-00124,2026-07-03 09:41:00,21.73,52.81,69.5,-77.8,v2.1.0,offline,fair
AH-00001,2026-07-03 09:41:00,25.54,43.81,80.3,-60.4,v2.0.1,maintenance,poor
AH-00177,2026-07-03 09:42:00,,33.08,70.5,-66.7,v1.5.0,online,good
AH-00137,2026-07-03 09:43:00,31.77,132.65,66.5,-68.5,v2.0.1,online,good
AH-00026,2026-07-03 09:44:00,26.73,34.2,91.9,-53.6,v2.1.0,online,good
AH-00073,2026-07-03 09:44:00,,49.68,68.8,-62.7,v1.5.0,online,good
AH-00199,2026-07-03 09:47:00,28.35,52.75,83.4,-71.4,v2.1.0,online,good
AH-00146,2026-07-03 09:47:00,25.22,47.62,88.0,-54.5,v2.0.1,online,good
AH-00096,2026-07-03 09:47:00,24.26,50.49,68.8,-49.9,v1.5.0,maintenance,good
AH-00177,2026-07-03 09:51:00,27.98,39.8,70.3,-67.8,v2.1.0,online,good
AH-00164,2026-07-03 09:51:00,25.33,,49.0,-58.5,v2.1.0,online,good
AH-00069,2026-07-03 09:52:00,26.82,56.45,50.7,-69.9,v2.0.1,offline,good
AH-00043,2026-07-03 09:52:00,33.23,40.2,79.3,-63.0,v2.1.0,offline,good
AH-00056,2026-07-03 09:52:00,28.25,47.25,65.2,-72.5,v2.0.1,maintenance,good
AH-00153,2026-07-03 09:52:00,30.71,49.43,76.5,-52.9,v2.0.1,online,fair
AH-00179,2026-07-03 09:53:00,28.1,56.51,71.9,-50.7,v2.0.1,offline,poor
AH-00091,2026-07-03 09:54:00,23.54,45.22,82.1,-63.1,v2.0.1,online,good
AH-00014,2026-07-03 09:55:00,27.96,42.9,91.9,-59.2,v2.0.1,offline,good
AH-00159,2026-07-03 09:58:00,23.74,,81.4,-52.9,v2.0.1,online,fair
AH-00153,2026-07-03 09:59:00,33.42,47.25,75.8,-62.1,v2.0.1,online,good
AH-00088,2026-07-03 09:59:00,33.0,45.19,89.8,-63.3,v2.0.1,offline,good
AH-00054,2026-07-03 09:59:00,28.74,50.0,61.2,-66.6,v2.0.1,online,good
AH-00023,2026-07-03 10:01:00,25.27,52.93,75.6,-61.7,v2.0.1,online,good
AH-00039,2026-07-03 10:02:00,,39.85,74.4,-54.8,v2.1.0,online,fair
AH-00034,2026-07-03 10:02:00,32.38,44.44,74.1,-76.5,v2.0.1,online,good
AH-00169,2026-07-03 10:03:00,31.66,39.27,100.0,-57.7,v1.5.0,offline,poor
AH-00140,2026-07-03 10:03:00,23.4,55.4,75.1,-66.6,v1.4.2,offline,fair
AH-00094,2026-07-03 10:04:00,28.83,44.43,81.7,-58.4,v2.1.0,online,good
AH-00195,2026-07-03 10:05:00,,46.48,86.7,-69.2,v2.0.1,online,good
AH-00135,2026-07-03 10:06:00,31.03,,81.3,-65.5,v1.5.0,online,good
AH-00132,2026-07-03 10:08:00,23.13,,88.7,-56.2,v2.1.0,online,good
AH-00195,2026-07-03 10:09:00,29.06,43.28,76.2,-60.6,v2.0.1,offline,fair
AH-00063,2026-07-03 10:10:00,27.39,38.91,78.7,-67.5,v2.0.1,offline,good
AH-00020,2026-07-03 10:12:00,20.31,54.86,87.5,-62.4,v2.0.1,online,good
AH-00107,2026-07-03 10:12:00,33.49,57.54,98.1,-57.5,v2.0.1,online,poor
AH-00142,2026-07-03 10:14:00,24.28,49.28,78.3,-65.9,v1.5.0,online,fair
AH-00102,2026-07-03 10:17:00,29.21,,83.2,-77.9,v2.0.1,online,poor
AH-00096,2026-07-03 10:18:00,25.38,37.53,83.5,-58.3,v2.0.1,online,good
AH-00146,2026-07-03 10:19:00,,45.61,72.7,-44.1,v1.5.0,online,fair
AH-00155,2026-07-03 10:23:00,26.76,40.31,63.8,-43.3,v2.0.1,online,good
AH-00044,2026-07-03 10:24:00,27.42,45.66,76.2,-69.9,v2.1.0,online,good
AH-00082,2026-07-03 10:25:00,29.77,40.72,95.4,-59.4,v1.5.0,online,good
AH-00046,2026-07-03 10:25:00,26.11,,79.7,-67.2,v2.0.1,online,good
AH-00050,2026-07-03 10:26:00,29.52,54.87,78.4,-62.6,v2.1.0,online,fair
AH-00014,2026-07-03 10:28:00,31.54,36.23,85.8,-62.5,v1.5.0,offline,good
AH-00023,2026-07-03 10:28:00,32.78,51.8,67.3,-61.5,v1.5.0,online,good
AH-00073,2026-07-03 10:31:00,31.31,45.91,80.0,-72.5,v2.0.1,maintenance,good
AH-00146,2026-07-03 10:31:00,25.49,43.85,81.2,-63.8,v2.1.0,online,good
AH-00159,2026-07-03 10:32:00,23.48,40.66,81.4,-56.7,v1.5.0,maintenance,good
AH-00016,2026-07-03 10:33:00,26.86,56.24,64.2,-66.6,v2.1.0,offline,good
AH-00019,2026-07-03 10:37:00,31.33,37.19,79.2,-64.9,v2.0.1,online,poor
AH-00160,2026-07-03 10:37:00,28.0,52.16,67.6,-60.8,v1.4.2,offline,fair
AH-00129,2026-07-03 10:37:00,,,65.1,-60.0,v2.0.1,maintenance,good
AH-00193,2026-07-03 10:38:00,28.16,48.47,81.0,-67.4,v2.1.0,online,good
AH-00149,2026-07-03 10:38:00,20.65,46.02,86.4,-54.9,v2.1.0,online,good
AH-00080,2026-07-03 10:39:00,32.44,59.97,78.6,-53.3,v2.0.1,offline,fair
AH-00003,2026-07-03 10:39:00,32.49,51.62,68.1,-64.1,v2.0.1,online,good
AH-00111,2026-07-03 10:40:00,32.64,45.34,72.6,-69.2,v2.0.1,online,good
AH-00093,2026-07-03 10:40:00,26.31,43.41,72.3,-59.4,v2.1.0,online,good
AH-00076,2026-07-03 10:41:00,29.36,41.97,96.5,-55.5,v2.0.1,online,good
AH-00122,2026-07-03 10:43:00,27.68,60.72,77.9,-66.9,v2.0.1,online,good
AH-00177,2026-07-03 10:43:00,26.94,50.53,79.7,-60.0,v2.0.1,offline,good
AH-00066,2026-07-03 10:44:00,22.35,48.55,77.5,-51.8,v1.5.0,online,fair
AH-00167,2026-07-03 10:44:00,30.96,,61.1,-60.9,v2.1.0,online,good
AH-00057,2026-07-03 10:45:00,30.41,57.26,66.4,-61.9,v2.1.0,online,poor
AH-00136,2026-07-03 10:45:00,,39.2,64.9,-63.6,v2.0.1,online,good
AH-00107,2026-07-03 10:46:00,29.05,,69.0,-71.7,v1.5.0,online,good
AH-00064,2026-07-03 10:46:00,22.62,43.82,97.3,-54.3,v2.0.1,online,fair
AH-00042,2026-07-03 10:48:00,28.02,58.95,71.7,-58.3,v2.0.1,online,poor
AH-00047,2026-07-03 10:48:00,,38.02,89.3,-69.7,v2.0.1,maintenance,fair
AH-00061,2026-07-03 10:49:00,31.66,,100.0,-52.2,v2.0.1,online,fair
AH-00015,2026-07-03 10:51:00,31.77,46.29,88.6,-67.1,v1.5.0,offline,fair
AH-00036,2026-07-03 10:52:00,19.65,46.92,76.9,-52.1,v2.1.0,offline,good
AH-00081,2026-07-03 10:52:00,26.87,39.8,81.7,-63.7,v1.4.2,online,good
AH-00188,2026-07-03 10:53:00,37.43,48.57,81.3,-72.0,v2.0.1,maintenance,fair
AH-00142,2026-07-03 10:54:00,26.27,,72.3,-63.3,v2.0.1,online,good
AH-00195,2026-07-03 10:54:00,29.73,28.8,100.0,-69.4,v2.0.1,online,good
AH-00045,2026-07-03 10:54:00,35.99,52.6,88.9,-72.1,v1.5.0,online,good
AH-00104,2026-07-03 10:55:00,33.75,44.55,81.6,-62.1,v2.1.0,online,good
AH-00193,2026-07-03 10:57:00,26.95,121.07,88.1,-59.1,v1.5.0,online,good
AH-00075,2026-07-03 10:57:00,27.9,41.49,97.1,-59.7,v2.1.0,maintenance,good
AH-00170,2026-07-03 11:01:00,28.47,56.39,79.4,-63.5,v2.1.0,offline,good
AH-00148,2026-07-03 11:02:00,29.78,47.73,84.5,-53.1,v1.5.0,online,good
AH-00171,2026-07-03 11:05:00,30.57,34.9,100.0,-79.5,v2.0.1,online,fair
AH-00073,2026-07-03 11:06:00,23.72,42.52,87.9,-66.5,v1.5.0,online,good
AH-00185,2026-07-03 11:07:00,26.78,,94.1,-64.1,v1.5.0,online,fair
AH-00019,2026-07-03 11:07:00,24.97,42.85,65.7,-66.1,v2.1.0,online,good
AH-00096,2026-07-03 11:07:00,28.79,47.34,96.3,-52.7,v1.5.0,online,good
AH-00200,2026-07-03 11:08:00,31.41,42.18,68.4,-71.9,v2.0.1,online,good
AH-00063,2026-07-03 11:08:00,27.77,61.92,100.0,-47.5,v1.5.0,online,good
AH-00092,2026-07-03 11:09:00,27.99,51.73,63.6,-59.3,v2.0.1,maintenance,good
AH-00102,2026-07-03 11:09:00,27.47,51.51,73.2,-51.8,v2.1.0,online,good
AH-00030,2026-07-03 11:09:00,27.0,51.29,56.2,-58.3,v2.0.1,online,fair
AH-00020,2026-07-03 11:10:00,29.73,34.59,82.7,-62.0,v2.1.0,online,good
AH-00033,2026-07-03 11:10:00,28.08,22.56,86.5,-72.1,v2.0.1,online,good
AH-00059,2026-07-03 11:10:00,34.84,50.31,74.4,-62.4,v1.5.0,online,fair
AH-00141,2026-07-03 11:11:00,31.4,53.43,90.0,-73.5,v2.0.1,online,good
AH-00163,2026-07-03 11:12:00,,34.03,75.2,-57.5,v2.1.0,online,good
AH-00055,2026-07-03 11:13:00,25.94,55.94,60.0,-45.0,v1.5.0,online,poor
AH-00137,2026-07-03 11:13:00,30.67,66.74,77.1,-42.9,v1.5.0,online,good
AH-00058,2026-07-03 11:14:00,28.58,37.19,83.1,-47.7,v1.4.2,online,good
AH-00013,2026-07-03 11:17:00,26.74,34.78,79.9,-58.9,v2.0.1,online,good
AH-00103,2026-07-03 11:17:00,25.73,,74.1,-52.2,v2.1.0,online,good
AH-00069,2026-07-03 11:19:00,22.09,50.21,88.1,-61.4,v1.4.2,online,good
AH-00180,2026-07-03 11:20:00,24.44,49.72,63.0,-60.0,v2.0.1,maintenance,good
AH-00022,2026-07-03 11:22:00,24.35,,73.3,-62.4,v2.0.1,online,good
AH-00114,2026-07-03 11:22:00,27.96,,78.8,-62.4,v1.5.0,online,good
AH-00010,2026-07-03 11:22:00,29.1,45.75,95.1,-63.6,v2.1.0,online,good
AH-00082,2026-07-03 11:23:00,29.58,42.72,76.1,-55.8,v2.1.0,online,fair
AH-00124,2026-07-03 11:23:00,32.43,58.61,81.1,-52.9,v2.0.1,online,good
AH-00078,2026-07-03 11:24:00,32.02,44.21,86.6,-60.1,v1.5.0,online,fair
AH-00063,2026-07-03 11:24:00,29.93,42.12,64.2,-67.3,v2.1.0,online,fair
AH-00048,2026-07-03 11:24:00,18.29,39.85,96.3,-62.5,v2.1.0,maintenance,fair
AH-00105,2026-07-03 11:24:00,28.29,33.68,75.6,-56.1,v1.4.2,online,good
AH-00124,2026-07-03 11:25:00,25.1,49.72,86.5,-66.5,v2.1.0,online,good
AH-00043,2026-07-03 11:26:00,27.51,23.01,74.3,-61.3,v1.4.2,online,good
AH-00140,2026-07-03 11:27:00,27.42,,64.9,-57.7,v1.5.0,online,good
AH-00090,2026-07-03 11:29:00,27.87,47.72,89.8,-80.6,v2.1.0,online,fair
AH-00036,2026-07-03 11:29:00,26.02,28.59,72.1,-55.7,v2.0.1,maintenance,good
AH-00178,2026-07-03 11:29:00,,40.29,98.6,-70.7,v2.1.0,online,fair
AH-00032,2026-07-03 11:30:00,22.61,46.11,59.6,-62.1,v2.0.1,online,good
AH-00111,2026-07-03 11:30:00,,37.56,73.6,-54.5,v2.1.0,offline,good
AH-00116,2026-07-03 11:30:00,29.48,39.05,64.7,-72.7,v2.1.0,offline,poor
AH-00109,2026-07-03 11:33:00,30.66,44.05,72.7,-68.4,v2.0.1,online,good
AH-00169,2026-07-03 11:34:00,29.35,46.58,68.7,-50.3,v2.0.1,online,good
AH-00198,2026-07-03 11:34:00,27.16,40.59,88.6,-67.4,v2.1.0,online,poor
AH-00112,2026-07-03 11:35:00,22.71,57.69,56.6,-55.7,v2.0.1,online,good
AH-00050,2026-07-03 11:37:00,29.74,50.27,99.5,-61.8,v1.5.0,online,good
AH-00174,2026-07-03 11:37:00,31.25,43.1,60.9,-69.8,v2.0.1,online,good
AH-00199,2026-07-03 11:38:00,27.45,44.68,72.0,-70.8,v2.0.1,online,good
AH-00083,2026-07-03 11:39:00,,36.11,72.1,-51.2,v2.0.1,online,good
AH-00012,2026-07-03 11:40:00,34.39,52.67,58.7,-66.0,v1.4.2,maintenance,good
AH-00065,2026-07-03 11:41:00,,29.23,73.8,-58.1,v2.0.1,online,fair
AH-00177,2026-07-03 11:41:00,30.64,50.16,86.9,-56.5,v2.0.1,online,poor
AH-00128,2026-07-03 11:42:00,29.28,38.34,-3.3,-60.6,v1.4.2,online,good
AH-00047,2026-07-03 11:47:00,30.52,,95.3,-48.0,v1.5.0,online,good
AH-00086,2026-07-03 11:47:00,34.18,,100.0,-54.1,v1.5.0,online,good
AH-00100,2026-07-03 11:48:00,24.06,46.09,87.0,-57.7,v2.1.0,online,fair
AH-00025,2026-07-03 11:49:00,21.88,42.75,84.9,-81.6,v2.0.1,online,good
AH-00067,2026-07-03 11:49:00,27.04,48.46,94.7,-69.6,v2.0.1,online,poor
AH-00056,2026-07-03 11:49:00,,61.06,92.2,-66.2,v2.1.0,online,poor
AH-00056,2026-07-03 11:50:00,28.38,40.97,90.2,-60.1,v2.0.1,online,good
AH-00151,2026-07-03 11:51:00,28.92,56.77,80.5,-57.7,v2.0.1,maintenance,poor
AH-00035,2026-07-03 11:52:00,27.44,56.84,93.1,-77.1,v2.1.0,online,fair
AH-00166,2026-07-03 11:53:00,36.94,52.38,59.0,-55.8,v2.0.1,online,fair
AH-00096,2026-07-03 11:55:00,27.1,42.99,66.8,-55.2,v2.1.0,online,good
AH-00132,2026-07-03 12:00:00,26.59,51.12,55.6,-66.4,v1.4.2,online,good
AH-00134,2026-07-03 12:01:00,31.99,45.46,59.0,-57.8,v2.1.0,online,good
AH-00052,2026-07-03 12:03:00,,37.74,86.9,-61.0,v1.5.0,online,good
AH-00190,2026-07-03 12:03:00,32.48,40.21,81.0,-57.4,v2.0.1,offline,good
AH-00123,2026-07-03 12:06:00,,,97.8,-57.0,v2.0.1,online,fair
AH-00144,2026-07-03 12:06:00,33.66,41.5,76.2,-60.0,v2.1.0,online,good
AH-00059,2026-07-03 12:07:00,28.32,51.3,71.3,-61.1,v1.5.0,offline,fair
AH-00061,2026-07-03 12:10:00,35.24,44.66,86.9,-69.6,v2.0.1,online,good
AH-00020,2026-07-03 12:11:00,24.12,,74.2,-62.3,v2.0.1,offline,good
AH-00180,2026-07-03 12:11:00,26.02,51.61,79.4,-52.9,v2.0.1,online,fair
AH-00172,2026-07-03 12:12:00,26.38,37.55,77.2,-57.9,v2.1.0,online,good
AH-00170,2026-07-03 12:14:00,31.38,52.74,78.0,-58.5,v2.0.1,online,good
AH-00061,2026-07-03 12:14:00,31.13,,60.2,-70.2,v2.0.1,online,good
AH-00071,2026-07-03 12:15:00,24.07,52.22,56.3,-55.5,v1.5.0,online,fair
AH-00170,2026-07-03 12:17:00,29.97,50.0,80.9,-50.9,v2.1.0,online,good
AH-00036,2026-07-03 12:17:00,25.37,46.4,68.1,-79.4,v2.0.1,online,poor
AH-00132,2026-07-03 12:17:00,27.03,46.1,80.1,-61.3,v2.0.1,offline,good
AH-00054,2026-07-03 12:20:00,33.89,58.41,75.1,-57.0,v2.1.0,online,good
AH-00067,2026-07-03 12:21:00,29.79,49.83,70.4,-58.6,v2.0.1,online,good
AH-00058,2026-07-03 12:22:00,32.5,42.25,75.7,-51.3,v2.0.1,online,good
AH-00060,2026-07-03 12:23:00,29.71,49.71,70.5,-63.3,v2.0.1,online,good
AH-00129,2026-07-03 12:24:00,23.65,46.28,53.6,-55.6,v2.1.0,online,good
AH-00087,2026-07-03 12:27:00,27.39,51.63,95.7,-63.7,v2.1.0,online,good
AH-00128,2026-07-03 12:29:00,27.55,52.57,100.0,-72.8,v2.0.1,online,good
AH-00143,2026-07-03 12:29:00,31.11,,79.0,-67.4,v2.0.1,online,good
AH-00198,2026-07-03 12:32:00,31.68,54.36,69.7,-51.3,v2.0.1,online,poor
AH-00113,2026-07-03 12:32:00,22.44,41.54,72.1,-62.0,v2.0.1,online,good
AH-00018,2026-07-03 12:32:00,31.4,49.64,71.2,-57.0,v2.0.1,offline,good
AH-00038,2026-07-03 12:32:00,23.02,41.48,89.9,-71.9,v2.0.1,online,fair
AH-00030,2026-07-03 12:35:00,,47.75,85.2,-60.7,v2.0.1,online,poor
AH-00136,2026-07-03 12:35:00,23.65,47.39,86.0,-79.2,v1.5.0,online,good
AH-00133,2026-07-03 12:36:00,26.71,51.98,78.7,-63.7,v2.1.0,online,good
AH-00196,2026-07-03 12:39:00,29.11,54.02,-11.1,-48.8,v2.1.0,online,good
AH-00178,2026-07-03 12:40:00,25.95,34.07,69.7,-69.4,v2.1.0,online,fair
AH-00153,2026-07-03 12:41:00,29.02,42.61,67.7,-64.6,v2.0.1,online,good
AH-00010,2026-07-03 12:42:00,,45.74,80.6,-63.2,v2.1.0,online,fair
AH-00112,2026-07-03 12:43:00,27.19,32.6,93.5,-63.2,v1.5.0,online,fair
AH-00013,2026-07-03 12:43:00,26.13,67.19,75.5,-56.2,v2.0.1,online,good
AH-00044,2026-07-03 12:43:00,26.52,45.25,84.7,-68.4,v2.1.0,online,good
AH-00119,2026-07-03 12:44:00,24.89,33.32,86.6,-50.3,v2.0.1,online,good
AH-00197,2026-07-03 12:44:00,,36.23,66.3,-49.3,v2.1.0,online,good
AH-00068,2026-07-03 12:44:00,27.92,49.76,64.8,-64.1,v2.0.1,online,fair
AH-00167,2026-07-03 12:45:00,26.66,40.13,75.5,-52.7,v2.1.0,online,fair
AH-00100,2026-07-03 12:47:00,27.16,50.97,74.0,-62.0,v2.0.1,online,fair
AH-00007,2026-07-03 12:50:00,,64.81,86.1,-51.5,v2.0.1,online,good
AH-00122,2026-07-03 12:51:00,28.18,49.73,69.9,-60.0,v2.0.1,offline,good
AH-00170,2026-07-03 12:51:00,31.86,41.63,69.1,-63.4,v2.0.1,online,good
AH-00166,2026-07-03 12:51:00,22.2,34.75,84.0,-57.8,v2.0.1,offline,good
AH-00023,2026-07-03 12:52:00,,69.05,87.3,-64.3,v1.5.0,online,good
AH-00057,2026-07-03 12:52:00,27.99,26.81,66.2,-75.4,v2.0.1,online,fair
AH-00177,2026-07-03 12:53:00,28.59,34.74,100.0,-67.9,v1.5.0,online,fair
AH-00003,2026-07-03 12:55:00,23.37,53.44,77.1,-43.9,v2.0.1,offline,good
AH-00140,2026-07-03 12:55:00,24.14,29.42,69.0,-61.6,v1.5.0,online,good
AH-00101,2026-07-03 12:55:00,29.49,41.18,64.7,-53.0,v1.5.0,online,good
AH-00124,2026-07-03 12:56:00,,41.55,81.2,-52.8,v2.0.1,online,good
AH-00003,2026-07-03 12:57:00,,,76.5,-58.6,v2.1.0,online,good
AH-00134,2026-07-03 12:57:00,,55.24,80.6,-64.7,v2.1.0,online,good
AH-00200,2026-07-03 12:57:00,32.74,36.87,66.9,-65.7,v1.5.0,online,good
AH-00047,2026-07-03 12:58:00,27.99,27.05,57.4,-69.3,v1.5.0,online,good
AH-00022,2026-07-03 12:59:00,30.76,59.22,100.0,-66.8,v2.0.1,online,good
AH-00159,2026-07-03 13:00:00,28.83,,91.3,-71.9,v2.0.1,online,poor
AH-00039,2026-07-03 13:01:00,31.13,52.89,73.6,-57.0,v2.0.1,maintenance,good
AH-00084,2026-07-03 13:01:00,25.34,43.48,73.2,-56.6,v1.5.0,online,good
AH-00186,2026-07-03 13:01:00,28.68,40.78,84.1,-54.6,v2.0.1,online,good
AH-00097,2026-07-03 13:02:00,26.46,47.17,68.1,-72.1,v2.1.0,online,good
AH-00042,2026-07-03 13:03:00,31.48,44.32,98.6,-59.9,v2.0.1,online,good
AH-00059,2026-07-03 13:05:00,28.54,42.13,83.8,-62.0,v1.5.0,online,good
AH-00157,2026-07-03 13:05:00,23.02,37.24,78.1,-79.8,v2.0.1,online,poor
AH-00044,2026-07-03 13:05:00,28.39,42.38,72.7,-67.5,v2.0.1,maintenance,fair
AH-00022,2026-07-03 13:07:00,23.0,31.73,90.5,-63.2,v2.0.1,online,good
AH-00033,2026-07-03 13:08:00,31.19,104.79,50.8,-66.2,v1.5.0,online,fair
AH-00184,2026-07-03 13:09:00,31.76,42.31,79.6,-61.9,v1.5.0,online,good
AH-00144,2026-07-03 13:10:00,28.5,55.46,56.1,-68.6,v1.5.0,online,good
AH-00133,2026-07-03 13:12:00,30.47,46.07,-1.6,-68.2,v2.1.0,online,good
AH-00189,2026-07-03 13:13:00,23.04,34.27,71.9,-71.6,v2.0.1,online,good
AH-00002,2026-07-03 13:14:00,30.11,39.09,83.9,-83.0,v1.5.0,online,good
AH-00124,2026-07-03 13:15:00,25.05,27.65,61.7,-56.0,v2.1.0,online,good
AH-00197,2026-07-03 13:16:00,27.5,,83.8,-72.1,v1.4.2,online,good
AH-00102,2026-07-03 13:18:00,29.49,60.32,80.4,-65.4,v2.0.1,online,poor
AH-00119,2026-07-03 13:20:00,25.71,41.8,89.2,-47.3,v1.5.0,maintenance,good
AH-00170,2026-07-03 13:21:00,28.08,42.89,83.4,-54.8,v1.5.0,online,good
AH-00135,2026-07-03 13:22:00,29.13,123.02,59.2,-58.7,v1.5.0,offline,good
AH-00029,2026-07-03 13:24:00,26.81,45.33,76.6,-65.3,v2.0.1,online,good
AH-00084,2026-07-03 13:27:00,25.08,40.68,-4.7,-67.9,v1.4.2,online,good
AH-00079,2026-07-03 13:28:00,25.9,41.05,74.4,-60.7,v1.5.0,online,fair
AH-00082,2026-07-03 13:28:00,34.43,43.34,94.2,-61.0,v2.0.1,online,good
AH-00198,2026-07-03 13:32:00,24.56,37.74,75.8,-73.5,v2.0.1,online,good
AH-00081,2026-07-03 13:32:00,23.64,31.79,89.8,-72.9,v2.0.1,online,good
AH-00142,2026-07-03 13:32:00,27.85,34.89,100.0,-69.9,v2.1.0,online,good
AH-00164,2026-07-03 13:33:00,23.79,41.56,97.8,-64.7,v1.5.0,online,good
AH-00120,2026-07-03 13:34:00,36.21,50.52,68.2,-61.3,v2.0.1,online,good
AH-00026,2026-07-03 13:36:00,25.1,46.04,97.5,-72.0,v2.0.1,online,good
AH-00088,2026-07-03 13:38:00,24.51,50.13,64.6,-59.6,v2.0.1,online,poor
AH-00096,2026-07-03 13:38:00,25.46,59.23,74.8,-62.4,v2.1.0,online,good
AH-00005,2026-07-03 13:38:00,24.15,38.77,96.5,-65.6,v1.5.0,online,good
AH-00075,2026-07-03 13:40:00,23.58,44.14,94.0,-43.5,v2.1.0,online,good
AH-00084,2026-07-03 13:43:00,32.58,28.97,73.8,-54.7,v2.0.1,online,fair
AH-00056,2026-07-03 13:44:00,30.09,49.03,56.7,-59.9,v2.0.1,online,poor
AH-00182,2026-07-03 13:44:00,32.46,,51.6,-68.4,v2.0.1,online,good
AH-00115,2026-07-03 13:46:00,32.47,43.84,58.3,-65.7,v2.1.0,online,good
AH-00140,2026-07-03 13:46:00,26.73,47.01,52.4,-57.7,v2.0.1,online,fair
AH-00193,2026-07-03 13:47:00,24.25,,79.2,-69.0,v2.0.1,online,good
AH-00191,2026-07-03 13:47:00,32.73,36.7,87.1,-61.7,v2.1.0,online,good
AH-00199,2026-07-03 13:48:00,31.19,116.73,86.9,-62.0,v1.5.0,online,good
AH-00193,2026-07-03 13:48:00,30.09,36.67,74.9,-47.6,v2.0.1,online,good
AH-00173,2026-07-03 13:48:00,25.4,39.76,76.6,-61.1,v1.4.2,online,fair
AH-00042,2026-07-03 13:51:00,28.49,45.19,83.0,-71.2,v2.0.1,online,good
AH-00099,2026-07-03 13:52:00,31.02,,81.7,-63.3,v1.4.2,online,good
AH-00146,2026-07-03 13:52:00,24.28,55.92,76.5,-65.7,v2.0.1,maintenance,good
AH-00050,2026-07-03 13:57:00,24.78,,69.6,-59.7,v2.0.1,online,good
AH-00125,2026-07-03 13:59:00,26.07,45.81,98.2,-58.9,v1.5.0,online,good
AH-00022,2026-07-03 13:59:00,32.46,39.88,66.7,-53.6,v2.1.0,online,poor
AH-00104,2026-07-03 14:00:00,25.45,54.4,87.3,-65.4,v2.0.1,online,good
AH-00128,2026-07-03 14:01:00,31.08,48.84,76.3,-64.4,v2.0.1,online,good
AH-00098,2026-07-03 14:02:00,23.08,45.77,66.7,-73.3,v2.1.0,online,good
AH-00051,2026-07-03 14:02:00,29.59,45.83,78.7,-48.7,v2.0.1,online,good
AH-00058,2026-07-03 14:03:00,26.85,110.25,90.4,-59.1,v2.0.1,online,poor
AH-00089,2026-07-03 14:06:00,28.6,34.93,75.6,-61.1,v2.0.1,online,good
AH-00067,2026-07-03 14:08:00,27.8,49.86,98.5,-57.9,v2.1.0,maintenance,good
AH-00153,2026-07-03 14:11:00,25.68,52.95,70.5,-65.6,v2.0.1,offline,good
AH-00060,2026-07-03 14:12:00,29.81,51.03,79.4,-67.8,v2.0.1,online,good
AH-00041,2026-07-03 14:13:00,28.57,38.87,92.1,-60.2,v2.1.0,online,good
AH-00113,2026-07-03 14:14:00,32.53,52.57,88.6,-62.1,v2.0.1,offline,good
AH-00167,2026-07-03 14:15:00,28.31,47.02,76.5,-53.9,v1.5.0,online,poor
AH-00111,2026-07-03 14:17:00,27.92,46.17,88.3,-68.0,v1.5.0,online,good
AH-00163,2026-07-03 14:18:00,22.12,,79.5,-69.9,v2.1.0,online,fair
AH-00004,2026-07-03 14:19:00,29.06,33.43,67.7,-62.5,v1.5.0,online,good
AH-00102,2026-07-03 14:19:00,32.54,52.39,84.1,-63.4,v2.0.1,online,good
AH-00177,2026-07-03 14:19:00,28.08,120.05,78.6,-63.7,v2.0.1,online,good
AH-00159,2026-07-03 14:20:00,30.82,47.98,94.1,-60.3,v1.5.0,maintenance,good
AH-00043,2026-07-03 14:21:00,27.1,51.34,72.4,-43.5,v2.0.1,offline,fair
AH-00189,2026-07-03 14:21:00,22.11,58.45,77.8,-64.1,v2.0.1,online,good
AH-00016,2026-07-03 14:22:00,29.98,123.96,84.0,-53.2,v2.0.1,online,poor
AH-00039,2026-07-03 14:22:00,28.11,,69.8,-57.9,v2.0.1,online,good
AH-00150,2026-07-03 14:23:00,21.26,47.6,64.8,-65.0,v1.5.0,online,good
AH-00148,2026-07-03 14:26:00,32.5,43.06,77.7,-68.5,v2.0.1,online,good
AH-00143,2026-07-03 14:28:00,24.12,37.78,73.0,-69.9,v1.5.0,online,good
AH-00137,2026-07-03 14:28:00,25.06,39.97,73.0,-69.3,v2.0.1,offline,good
AH-00050,2026-07-03 14:31:00,23.59,,81.5,-58.1,v2.0.1,online,good
AH-00027,2026-07-03 14:34:00,23.7,33.89,68.2,-76.9,v2.0.1,online,good
AH-00033,2026-07-03 14:35:00,23.23,40.95,87.7,-54.4,v1.5.0,offline,good
AH-00136,2026-07-03 14:36:00,33.68,29.84,76.6,-64.3,v2.1.0,online,good
AH-00078,2026-07-03 14:37:00,29.93,41.29,74.1,-62.6,v2.1.0,online,good
AH-00139,2026-07-03 14:37:00,32.81,36.01,80.3,-50.9,v2.0.1,online,good
AH-00143,2026-07-03 14:39:00,,42.2,65.1,-75.1,v2.1.0,online,good
AH-00179,2026-07-03 14:41:00,25.86,22.7,71.8,-60.8,v2.0.1,online,fair
AH-00030,2026-07-03 14:41:00,28.78,46.53,66.8,-73.4,v1.4.2,online,good
AH-00059,2026-07-03 14:41:00,22.4,40.37,52.5,-54.4,v2.1.0,online,good
AH-00177,2026-07-03 14:42:00,25.65,54.14,72.8,-51.7,v2.0.1,maintenance,good
AH-00160,2026-07-03 14:43:00,31.79,43.95,84.8,-60.8,v1.5.0,offline,poor
AH-00125,2026-07-03 14:43:00,29.9,113.38,62.1,-61.3,v1.5.0,online,good
AH-00183,2026-07-03 14:45:00,32.23,111.13,89.9,-65.9,v2.0.1,offline,poor
AH-00045,2026-07-03 14:46:00,26.13,27.83,70.9,-79.1,v1.5.0,maintenance,good
AH-00008,2026-07-03 14:46:00,24.75,50.11,50.1,-69.8,v2.0.1,maintenance,good
AH-00019,2026-07-03 14:49:00,25.68,,93.3,-62.2,v2.0.1,online,good
AH-00131,2026-07-03 14:51:00,32.72,40.11,81.0,-60.9,v1.5.0,online,good
AH-00138,2026-07-03 14:52:00,25.19,51.02,69.2,-56.4,v2.0.1,maintenance,good
AH-00197,2026-07-03 14:54:00,30.11,55.27,59.6,-49.2,v2.1.0,online,good
AH-00099,2026-07-03 14:55:00,26.63,29.23,65.6,-59.0,v2.1.0,online,good
AH-00175,2026-07-03 14:57:00,25.53,,86.7,-73.5,v2.0.1,online,fair
AH-00048,2026-07-03 14:57:00,24.98,54.94,75.6,-60.7,v2.1.0,online,good
AH-00139,2026-07-03 14:57:00,,33.95,82.1,-62.0,v2.0.1,online,fair
AH-00194,2026-07-03 14:58:00,24.81,40.42,76.3,-62.3,v1.5.0,online,fair
AH-00094,2026-07-03 15:02:00,25.65,36.67,88.0,-61.0,v2.1.0,offline,fair
AH-00128,2026-07-03 15:02:00,27.21,30.52,86.6,-71.3,v1.5.0,online,fair
AH-00126,2026-07-03 15:04:00,24.86,49.61,80.1,-56.6,v2.1.0,online,fair
AH-00152,2026-07-03 15:04:00,23.16,56.74,61.8,-60.5,v2.0.1,maintenance,fair
AH-00065,2026-07-03 15:05:00,29.14,35.59,95.1,-64.5,v2.0.1,online,poor
AH-00159,2026-07-03 15:06:00,29.29,42.04,85.8,-60.5,v2.0.1,online,good
AH-00134,2026-07-03 15:06:00,28.65,40.76,86.6,-64.9,v2.0.1,online,good
AH-00049,2026-07-03 15:06:00,29.12,50.42,85.1,-64.1,v2.0.1,online,good
AH-00140,2026-07-03 15:07:00,28.26,46.19,91.8,-56.3,v2.1.0,online,good
AH-00049,2026-07-03 15:09:00,28.57,46.44,56.7,-73.3,v2.1.0,online,good
AH-00124,2026-07-03 15:11:00,32.12,53.06,86.3,-73.2,v2.0.1,online,good
AH-00077,2026-07-03 15:11:00,31.09,42.07,86.1,-58.0,v1.5.0,maintenance,good
AH-00053,2026-07-03 15:13:00,35.6,,76.0,-54.6,v2.0.1,online,poor
AH-00120,2026-07-03 15:14:00,27.27,,58.2,-53.0,v1.5.0,online,good
AH-00151,2026-07-03 15:15:00,31.52,40.45,80.8,-73.1,v2.0.1,online,good
AH-00069,2026-07-03 15:16:00,26.65,31.29,72.9,-61.4,v1.5.0,online,good
AH-00146,2026-07-03 15:16:00,24.61,29.54,76.4,-68.7,v1.5.0,online,good
AH-00194,2026-07-03 15:17:00,26.54,50.45,78.6,-59.6,v2.0.1,maintenance,good
AH-00190,2026-07-03 15:19:00,30.52,44.91,50.1,-54.8,v1.5.0,online,good
AH-00094,2026-07-03 15:20:00,34.46,44.83,97.2,-58.6,v1.5.0,online,fair
AH-00089,2026-07-03 15:25:00,25.27,50.78,90.3,-64.7,v2.0.1,online,fair
AH-00184,2026-07-03 15:26:00,39.24,50.57,75.1,-52.3,v2.0.1,online,good
AH-00029,2026-07-03 15:27:00,23.0,38.28,93.8,-51.8,v1.5.0,online,fair
AH-00072,2026-07-03 15:30:00,33.43,60.26,88.8,-70.5,v2.0.1,maintenance,good
AH-00119,2026-07-03 15:31:00,29.84,,88.7,-60.9,v2.0.1,online,good
AH-00016,2026-07-03 15:32:00,,106.62,85.1,-65.2,v2.1.0,offline,good
AH-00133,2026-07-03 15:34:00,26.28,53.47,67.2,-71.1,v2.0.1,online,good
AH-00053,2026-07-03 15:35:00,24.07,,79.0,-61.0,v1.4.2,offline,good
AH-00011,2026-07-03 15:36:00,30.1,44.71,67.6,-65.7,v2.1.0,maintenance,good
AH-00107,2026-07-03 15:36:00,31.41,53.97,71.0,-83.0,v2.1.0,online,fair
AH-00175,2026-07-03 15:37:00,26.59,39.65,85.4,-64.2,v2.0.1,online,good
AH-00068,2026-07-03 15:37:00,29.1,21.99,85.5,-52.8,v2.1.0,maintenance,good
AH-00119,2026-07-03 15:39:00,30.16,50.97,85.5,-63.7,v1.5.0,online,good
AH-00048,2026-07-03 15:40:00,30.06,62.51,76.5,-51.1,v2.1.0,online,good
AH-00175,2026-07-03 15:43:00,24.65,42.72,87.1,-69.0,v2.0.1,online,good
AH-00004,2026-07-03 15:47:00,32.03,39.74,77.1,-62.8,v1.5.0,online,good
AH-00109,2026-07-03 15:48:00,25.61,44.6,83.5,-70.0,v1.5.0,online,fair
AH-00098,2026-07-03 15:48:00,31.08,46.52,72.6,-58.3,v1.5.0,online,fair
AH-00043,2026-07-03 15:49:00,24.64,117.98,83.9,-69.9,v1.5.0,online,good
AH-00150,2026-07-03 15:49:00,28.66,44.4,85.5,-52.6,v2.0.1,maintenance,good
AH-00043,2026-07-03 15:50:00,27.65,38.21,68.1,-43.4,v2.0.1,online,good
AH-00008,2026-07-03 15:50:00,29.89,31.16,72.0,-56.4,v1.5.0,online,good
AH-00179,2026-07-03 15:51:00,28.12,47.77,68.4,-62.7,v2.0.1,online,fair
AH-00088,2026-07-03 15:51:00,27.0,55.68,70.7,-69.6,v2.1.0,maintenance,good
AH-00085,2026-07-03 15:52:00,32.01,47.61,81.0,-61.9,v2.0.1,online,good
AH-00059,2026-07-03 15:53:00,22.49,33.69,78.7,-48.8,v2.1.0,online,good
AH-00103,2026-07-03 15:55:00,23.02,45.59,71.3,-69.5,v1.5.0,online,fair
AH-00110,2026-07-03 15:55:00,32.04,58.19,59.7,-52.0,v1.5.0,online,good
AH-00143,2026-07-03 15:55:00,,61.95,56.4,-74.3,v2.0.1,online,fair
AH-00194,2026-07-03 15:57:00,27.44,54.41,68.8,-69.4,v1.5.0,maintenance,fair
AH-00059,2026-07-03 15:57:00,30.94,34.68,92.5,-63.3,v2.1.0,online,fair
AH-00019,2026-07-03 15:58:00,33.97,53.21,75.8,-60.4,v1.5.0,online,good
AH-00080,2026-07-03 15:58:00,,29.88,77.3,-51.5,v2.1.0,online,good
AH-00175,2026-07-03 16:00:00,27.94,53.45,71.9,-58.1,v1.5.0,online,good
AH-00114,2026-07-03 16:00:00,29.42,47.11,58.7,-60.5,v2.0.1,online,good
AH-00104,2026-07-03 16:02:00,29.29,,60.1,-65.6,v2.1.0,online,poor
AH-00063,2026-07-03 16:02:00,20.05,46.37,89.0,-56.6,v2.0.1,online,fair
AH-00098,2026-07-03 16:03:00,32.71,54.57,89.0,-63.0,v2.1.0,online,poor
AH-00174,2026-07-03 16:03:00,28.45,52.16,74.6,-57.5,v2.1.0,online,good
AH-00112,2026-07-03 16:03:00,30.42,63.53,72.1,-55.6,v2.0.1,online,good
AH-00132,2026-07-03 16:05:00,28.27,45.35,81.5,-69.1,v1.5.0,online,poor
AH-00171,2026-07-03 16:07:00,,38.03,76.1,-60.5,v2.0.1,online,good
AH-00032,2026-07-03 16:08:00,,48.44,85.4,-71.2,v2.0.1,online,fair
AH-00028,2026-07-03 16:08:00,25.82,35.38,77.3,-65.2,v2.0.1,online,fair
AH-00166,2026-07-03 16:08:00,28.51,43.18,77.5,-63.0,v2.0.1,online,good
AH-00113,2026-07-03 16:09:00,26.68,,57.0,-70.9,v2.0.1,online,good
AH-00022,2026-07-03 16:09:00,,48.76,75.4,-71.1,v2.0.1,online,good
AH-00054,2026-07-03 16:10:00,26.69,37.37,83.4,-60.5,v2.0.1,online,fair
AH-00031,2026-07-03 16:10:00,24.18,59.09,62.2,-49.6,v2.0.1,online,fair
AH-00142,2026-07-03 16:12:00,31.36,49.25,84.2,-57.9,v2.0.1,online,good
AH-00054,2026-07-03 16:12:00,33.55,56.58,81.4,-59.8,v2.0.1,online,good
AH-00162,2026-07-03 16:13:00,22.84,46.45,90.0,-54.4,v2.0.1,online,poor
AH-00031,2026-07-03 16:13:00,26.26,52.94,65.8,-87.8,v2.0.1,online,fair
AH-00075,2026-07-03 16:14:00,26.63,31.42,71.9,-68.8,v2.1.0,maintenance,poor
AH-00094,2026-07-03 16:18:00,26.3,57.04,72.2,-72.8,v1.5.0,online,poor
AH-00141,2026-07-03 16:19:00,26.88,44.31,91.0,-66.5,v1.5.0,online,poor
AH-00007,2026-07-03 16:19:00,25.55,43.83,71.3,-63.7,v1.4.2,online,good
AH-00043,2026-07-03 16:21:00,24.24,43.12,100.0,-73.1,v1.5.0,online,good
AH-00026,2026-07-03 16:22:00,24.92,50.7,-6.2,-52.2,v2.1.0,offline,good
AH-00179,2026-07-03 16:24:00,25.18,50.62,79.1,-51.6,v1.5.0,online,good
AH-00151,2026-07-03 16:24:00,28.73,41.57,85.9,-69.9,v2.0.1,online,fair
AH-00153,2026-07-03 16:25:00,18.0,54.74,86.4,-49.1,v2.0.1,online,good
AH-00154,2026-07-03 16:28:00,30.28,61.52,-11.2,-60.1,v2.1.0,online,good
AH-00108,2026-07-03 16:28:00,33.17,51.81,88.8,-65.0,v2.0.1,online,good
AH-00076,2026-07-03 16:29:00,30.8,52.49,97.3,-62.3,v2.0.1,online,good
AH-00074,2026-07-03 16:29:00,26.3,51.91,92.0,-66.3,v2.0.1,online,good
AH-00049,2026-07-03 16:30:00,26.98,53.79,86.8,-73.2,v2.0.1,online,good
AH-00166,2026-07-03 16:30:00,19.25,53.96,100.0,-66.8,v2.0.1,online,good
AH-00031,2026-07-03 16:30:00,28.94,,69.9,-51.7,v2.1.0,online,good
AH-00140,2026-07-03 16:31:00,27.39,28.0,78.8,-57.7,v1.5.0,offline,good
AH-00014,2026-07-03 16:31:00,,46.87,82.7,-61.1,v2.0.1,online,poor
AH-00185,2026-07-03 16:32:00,30.74,43.79,71.6,-66.0,v1.5.0,offline,fair
AH-00060,2026-07-03 16:33:00,18.2,52.3,100.0,-68.1,v1.5.0,online,good
AH-00184,2026-07-03 16:33:00,29.07,43.5,95.2,-52.7,v2.1.0,online,good
AH-00083,2026-07-03 16:34:00,25.42,38.61,73.1,-65.9,v2.1.0,online,good
AH-00172,2026-07-03 16:35:00,29.41,32.15,89.7,-70.5,v2.0.1,offline,poor
AH-00156,2026-07-03 16:36:00,29.44,42.86,-6.5,-62.6,v2.1.0,online,good
AH-00011,2026-07-03 16:37:00,26.66,45.94,66.8,-66.9,v1.5.0,online,poor
AH-00147,2026-07-03 16:41:00,28.64,40.73,77.6,-50.7,v2.0.1,offline,good
AH-00074,2026-07-03 16:43:00,30.78,47.09,74.3,-58.5,v2.0.1,offline,good
AH-00022,2026-07-03 16:43:00,30.25,21.45,69.2,-66.1,v2.0.1,online,good
AH-00172,2026-07-03 16:43:00,,36.58,76.1,-72.6,v2.0.1,online,good
AH-00093,2026-07-03 16:44:00,31.52,45.91,63.8,-75.1,v2.0.1,online,fair
AH-00065,2026-07-03 16:45:00,32.2,103.31,54.5,-39.4,v2.1.0,online,fair
AH-00026,2026-07-03 16:46:00,27.12,28.93,78.2,-58.1,v2.0.1,online,good
AH-00110,2026-07-03 16:48:00,20.95,38.82,85.7,-52.8,v2.0.1,online,good
AH-00126,2026-07-03 16:48:00,29.63,50.68,92.3,-53.3,v2.0.1,online,poor
AH-00087,2026-07-03 16:53:00,29.7,45.4,82.4,-59.0,v1.5.0,offline,good
AH-00053,2026-07-03 16:53:00,28.52,41.39,54.2,-57.2,v2.0.1,offline,good
AH-00152,2026-07-03 16:55:00,26.13,53.61,88.5,-63.1,v2.1.0,offline,good
AH-00169,2026-07-03 16:55:00,27.38,48.44,84.4,-56.4,v2.0.1,online,good
AH-00163,2026-07-03 16:57:00,,41.55,89.5,-60.8,v2.0.1,online,good
AH-00144,2026-07-03 16:58:00,31.8,50.62,91.0,-63.8,v2.0.1,maintenance,good
AH-00133,2026-07-03 16:58:00,30.9,39.64,69.8,-66.9,v1.5.0,online,good
AH-00028,2026-07-03 17:01:00,20.6,54.77,83.0,-64.5,v1.5.0,online,poor
AH-00132,2026-07-03 17:02:00,,49.72,84.6,-54.8,v2.0.1,online,good
AH-00041,2026-07-03 17:02:00,25.66,40.39,67.2,-68.3,v1.5.0,offline,good
AH-00124,2026-07-03 17:04:00,27.27,,63.2,-72.6,v2.0.1,offline,good
AH-00009,2026-07-03 17:05:00,31.83,51.03,90.1,-69.3,v1.5.0,online,good
AH-00072,2026-07-03 17:05:00,30.12,38.38,80.2,-64.9,v1.5.0,offline,poor
AH-00067,2026-07-03 17:05:00,23.12,,82.9,-52.2,v2.0.1,offline,good
AH-00115,2026-07-03 17:06:00,25.6,39.49,93.8,-60.3,v1.5.0,online,good
AH-00181,2026-07-03 17:06:00,28.78,51.69,89.5,-62.3,v2.1.0,online,fair
AH-00007,2026-07-03 17:07:00,35.5,55.06,81.5,-58.5,v1.5.0,online,good
AH-00118,2026-07-03 17:10:00,,113.24,76.9,-69.1,v1.5.0,online,good
AH-00089,2026-07-03 17:13:00,24.69,44.3,82.2,-66.9,v2.0.1,online,good
AH-00120,2026-07-03 17:18:00,26.29,42.0,69.2,-57.3,v1.5.0,online,good
AH-00013,2026-07-03 17:18:00,30.37,,77.9,-79.6,v1.5.0,online,good
AH-00002,2026-07-03 17:19:00,25.52,47.51,60.9,-61.4,v2.1.0,online,good
AH-00085,2026-07-03 17:20:00,,50.89,56.9,-58.5,v2.0.1,online,fair
AH-00154,2026-07-03 17:21:00,26.27,48.03,80.0,-63.0,v1.5.0,online,good
AH-00107,2026-07-03 17:25:00,25.12,56.7,94.9,-67.0,v2.0.1,offline,good
AH-00058,2026-07-03 17:25:00,27.19,36.84,90.1,-65.7,v2.0.1,online,fair
AH-00176,2026-07-03 17:26:00,22.22,48.25,67.8,-59.7,v2.1.0,online,poor
AH-00043,2026-07-03 17:26:00,25.89,49.0,88.9,-57.6,v1.5.0,online,good
AH-00087,2026-07-03 17:26:00,27.11,45.42,79.1,-58.3,v2.0.1,offline,good
AH-00199,2026-07-03 17:28:00,17.89,22.18,72.2,-83.2,v2.0.1,online,good
AH-00119,2026-07-03 17:28:00,28.98,53.65,82.8,-71.3,v2.0.1,online,fair
AH-00137,2026-07-03 17:30:00,34.19,46.92,72.8,-54.5,v1.5.0,online,fair
AH-00094,2026-07-03 17:30:00,28.86,52.63,67.1,-60.4,v2.0.1,online,good
AH-00191,2026-07-03 17:31:00,28.74,53.34,80.5,-61.9,v2.0.1,online,fair
AH-00187,2026-07-03 17:32:00,31.69,48.02,100.0,-66.8,v1.5.0,online,good
AH-00086,2026-07-03 17:33:00,28.4,54.47,100.0,-51.9,v1.5.0,offline,good
AH-00065,2026-07-03 17:35:00,22.55,43.74,71.2,-62.3,v2.1.0,online,good
AH-00181,2026-07-03 17:38:00,24.78,34.81,71.8,-55.6,v1.5.0,online,good
AH-00089,2026-07-03 17:38:00,24.0,31.21,84.6,-61.6,v2.0.1,online,fair
AH-00068,2026-07-03 17:40:00,25.02,35.59,85.5,-73.6,v2.0.1,maintenance,good
AH-00170,2026-07-03 17:42:00,24.64,40.61,74.0,-64.4,v1.5.0,online,poor
AH-00085,2026-07-03 17:43:00,24.85,129.62,75.4,-52.0,v2.0.1,online,fair
AH-00088,2026-07-03 17:43:00,27.38,33.87,77.6,-62.9,v2.1.0,offline,good
AH-00013,2026-07-03 17:45:00,24.53,30.53,90.0,-51.5,v2.1.0,offline,good
AH-00167,2026-07-03 17:46:00,32.58,,95.2,-63.8,v1.4.2,online,good
AH-00091,2026-07-03 17:46:00,32.23,48.95,58.1,-64.0,v2.0.1,online,good
AH-00145,2026-07-03 17:46:00,,27.34,91.1,-59.8,v2.0.1,online,good
AH-00025,2026-07-03 17:48:00,39.35,33.35,67.6,-56.7,v1.5.0,online,fair
AH-00054,2026-07-03 17:50:00,24.84,59.21,96.7,-67.3,v2.0.1,online,good
AH-00043,2026-07-03 17:51:00,26.38,40.57,71.0,-57.1,v2.0.1,online,good
AH-00166,2026-07-03 17:51:00,24.04,44.32,81.6,-59.4,v1.5.0,online,good
AH-00170,2026-07-03 17:51:00,,33.95,82.8,-62.8,v2.1.0,offline,good
AH-00181,2026-07-03 17:52:00,29.24,,73.2,-65.6,v1.5.0,online,good
AH-00126,2026-07-03 17:53:00,28.52,41.29,82.8,-70.4,v2.1.0,offline,good
AH-00053,2026-07-03 17:53:00,34.59,58.58,55.6,-39.6,v1.5.0,online,fair
AH-00031,2026-07-03 17:57:00,33.74,43.02,77.6,-64.1,v2.1.0,online,fair
AH-00012,2026-07-03 17:57:00,24.88,43.31,76.6,-55.5,v2.1.0,online,good
AH-00182,2026-07-03 17:58:00,28.98,49.98,94.1,-46.5,v1.4.2,online,good
AH-00144,2026-07-03 17:59:00,31.23,,58.8,-61.8,v1.5.0,online,good
AH-00165,2026-07-03 18:01:00,27.87,33.62,65.8,-59.2,v2.1.0,offline,good
AH-00156,2026-07-03 18:03:00,32.41,38.43,80.0,-75.3,v1.5.0,online,fair
AH-00080,2026-07-03 18:05:00,32.57,41.43,94.0,-64.0,v2.0.1,maintenance,fair
AH-00193,2026-07-03 18:05:00,29.33,42.03,91.2,-58.6,v2.0.1,online,fair
AH-00041,2026-07-03 18:07:00,28.59,49.53,75.5,-57.5,v1.5.0,online,good
AH-00185,2026-07-03 18:09:00,32.46,59.6,69.0,-66.5,v1.5.0,offline,good
AH-00022,2026-07-03 18:09:00,23.29,43.11,77.2,-57.6,v2.1.0,offline,good
AH-00112,2026-07-03 18:10:00,,47.96,62.5,-51.2,v2.0.1,online,good
AH-00118,2026-07-03 18:11:00,29.96,50.13,93.1,-64.7,v2.1.0,online,fair
AH-00163,2026-07-03 18:11:00,31.62,42.42,88.4,-58.5,v2.1.0,online,good
AH-00079,2026-07-03 18:12:00,31.71,46.67,69.8,-71.1,v1.4.2,online,good
AH-00058,2026-07-03 18:15:00,27.46,41.49,71.2,-65.9,v1.5.0,offline,fair
AH-00168,2026-07-03 18:16:00,25.11,51.91,97.0,-64.8,v2.1.0,online,good
AH-00138,2026-07-03 18:17:00,26.55,29.49,79.1,-64.3,v2.0.1,online,fair
AH-00065,2026-07-03 18:17:00,,129.09,75.2,-56.3,v2.1.0,maintenance,good
AH-00067,2026-07-03 18:19:00,25.27,50.92,93.2,-62.7,v1.5.0,online,poor
AH-00021,2026-07-03 18:19:00,26.85,51.6,71.0,-58.3,v2.0.1,maintenance,good
AH-00043,2026-07-03 18:22:00,22.67,52.77,67.8,-53.1,v1.5.0,online,good
AH-00185,2026-07-03 18:25:00,27.3,37.9,66.6,-77.1,v1.5.0,online,good
AH-00101,2026-07-03 18:26:00,33.28,45.77,94.5,-54.4,v2.1.0,online,good
AH-00044,2026-07-03 18:27:00,28.84,44.63,84.2,-61.7,v2.0.1,maintenance,good
AH-00139,2026-07-03 18:30:00,29.58,59.26,67.1,-55.7,v2.0.1,online,good
AH-00177,2026-07-03 18:31:00,,,81.4,-56.4,v2.1.0,online,good
AH-00039,2026-07-03 18:32:00,28.72,36.52,67.9,-63.9,v1.5.0,online,good
AH-00164,2026-07-03 18:34:00,29.21,51.04,100.0,-74.4,v1.5.0,maintenance,good
AH-00160,2026-07-03 18:35:00,26.78,35.98,100.0,-63.3,v1.5.0,online,good
AH-00050,2026-07-03 18:37:00,30.82,53.49,80.2,-62.5,v2.0.1,online,good
AH-00121,2026-07-03 18:38:00,30.2,31.57,88.9,-67.7,v2.0.1,online,good
AH-00050,2026-07-03 18:41:00,,30.25,73.3,-64.5,v2.0.1,maintenance,fair
AH-00099,2026-07-03 18:41:00,28.85,30.12,74.2,-51.6,v2.0.1,online,good
AH-00090,2026-07-03 18:42:00,30.31,44.74,76.8,-81.2,v2.0.1,online,good
AH-00126,2026-07-03 18:50:00,26.81,43.56,81.8,-65.9,v1.5.0,online,good
AH-00058,2026-07-03 18:50:00,28.99,33.41,94.6,-62.7,v2.0.1,online,fair
AH-00163,2026-07-03 18:52:00,29.17,48.14,100.0,-76.4,v2.1.0,online,good
AH-00031,2026-07-03 18:53:00,,52.85,93.4,-76.3,v2.0.1,online,good
AH-00049,2026-07-03 18:53:00,,53.12,57.8,-69.6,v1.5.0,online,good
AH-00178,2026-07-03 18:55:00,,33.99,67.0,-56.8,v2.0.1,online,good
AH-00008,2026-07-03 18:56:00,27.55,51.96,70.9,-53.1,v2.0.1,online,good
AH-00130,2026-07-03 18:56:00,29.58,50.92,78.4,-51.5,v2.0.1,online,fair
AH-00007,2026-07-03 18:56:00,28.39,113.89,84.0,-64.0,v1.5.0,online,good
AH-00040,2026-07-03 18:57:00,29.36,43.36,80.8,-70.4,v2.0.1,online,poor
AH-00029,2026-07-03 18:58:00,27.98,38.96,84.0,-64.5,v2.0.1,online,good
AH-00134,2026-07-03 18:59:00,26.1,,46.8,-75.8,v2.0.1,online,fair
AH-00150,2026-07-03 19:01:00,32.37,,55.4,-70.5,v2.0.1,online,fair
AH-00123,2026-07-03 19:01:00,25.18,50.55,83.8,-59.3,v1.5.0,offline,good
AH-00004,2026-07-03 19:03:00,26.99,52.26,60.5,-68.1,v2.0.1,online,good
AH-00013,2026-07-03 19:04:00,30.53,56.88,71.7,-66.5,v2.0.1,online,good
AH-00164,2026-07-03 19:04:00,24.66,45.19,71.6,-60.6,v2.0.1,online,good
AH-00185,2026-07-03 19:04:00,29.14,43.92,84.8,-67.0,v1.5.0,online,fair
AH-00173,2026-07-03 19:05:00,29.82,49.14,84.6,-53.2,v2.1.0,online,good
AH-00132,2026-07-03 19:05:00,24.12,47.7,92.9,-76.1,v2.0.1,online,good
AH-00079,2026-07-03 19:07:00,26.56,21.63,-4.1,-64.4,v1.5.0,online,fair
AH-00184,2026-07-03 19:07:00,,38.6,95.9,-59.9,v1.5.0,maintenance,poor
AH-00194,2026-07-03 19:07:00,30.64,66.82,86.9,-54.7,v2.1.0,offline,good
AH-00092,2026-07-03 19:08:00,,59.69,65.7,-60.5,v2.1.0,maintenance,good
AH-00116,2026-07-03 19:11:00,21.81,54.5,64.0,-68.8,v1.5.0,online,good
AH-00018,2026-07-03 19:12:00,30.09,41.09,71.9,-61.3,v1.5.0,online,good
AH-00002,2026-07-03 19:15:00,27.72,43.07,65.6,-68.4,v2.1.0,online,good
AH-00039,2026-07-03 19:15:00,27.7,42.98,72.3,-66.5,v2.1.0,offline,poor
AH-00196,2026-07-03 19:16:00,26.3,38.6,55.8,-59.3,v2.0.1,maintenance,fair
AH-00198,2026-07-03 19:18:00,26.67,43.91,77.7,-72.0,v1.4.2,maintenance,good
AH-00200,2026-07-03 19:18:00,26.9,,81.2,-65.7,v2.0.1,online,good
AH-00100,2026-07-03 19:20:00,24.03,32.63,59.3,-68.3,v2.0.1,online,fair
AH-00047,2026-07-03 19:21:00,29.67,53.15,86.7,-57.0,v2.0.1,online,good
AH-00097,2026-07-03 19:22:00,28.73,43.4,87.7,-70.5,v2.1.0,online,good
AH-00003,2026-07-03 19:24:00,,45.59,91.2,-63.1,v1.5.0,online,good
AH-00085,2026-07-03 19:25:00,,45.22,82.7,-73.7,v1.4.2,online,fair
AH-00152,2026-07-03 19:25:00,30.79,43.31,96.1,-50.9,v2.1.0,online,good
AH-00184,2026-07-03 19:26:00,24.49,59.31,96.6,-51.7,v2.0.1,online,good
AH-00171,2026-07-03 19:27:00,30.2,50.46,84.8,-55.4,v2.0.1,online,good
AH-00012,2026-07-03 19:29:00,25.55,45.43,71.9,-70.6,v1.5.0,offline,good
AH-00036,2026-07-03 19:30:00,25.32,33.19,73.9,-57.1,v1.5.0,online,good
AH-00072,2026-07-03 19:30:00,30.29,41.67,81.3,-55.7,v2.0.1,online,good
AH-00155,2026-07-03 19:31:00,38.17,33.89,88.1,-52.2,v2.0.1,online,good
AH-00037,2026-07-03 19:31:00,30.35,49.12,71.6,-55.7,v2.1.0,online,poor
AH-00069,2026-07-03 19:33:00,28.8,,69.4,-59.9,v2.0.1,online,good
AH-00146,2026-07-03 19:34:00,27.57,,55.1,-60.4,v2.0.1,online,good
AH-00186,2026-07-03 19:34:00,30.49,51.6,98.0,-63.2,v2.0.1,online,good
AH-00048,2026-07-03 19:36:00,26.83,43.9,69.9,-53.7,v2.0.1,online,good
AH-00028,2026-07-03 19:36:00,23.27,50.15,79.7,-66.6,v1.4.2,online,good
AH-00053,2026-07-03 19:37:00,25.8,41.68,84.4,-71.2,v2.1.0,online,good
AH-00184,2026-07-03 19:39:00,30.3,46.96,69.1,-65.0,v1.5.0,online,good
AH-00055,2026-07-03 19:39:00,25.92,101.24,77.8,-52.2,v2.1.0,online,good
AH-00105,2026-07-03 19:40:00,27.67,42.37,95.1,-65.8,v2.1.0,online,good
AH-00199,2026-07-03 19:40:00,27.93,43.44,86.9,-53.0,v2.1.0,maintenance,good
AH-00100,2026-07-03 19:41:00,28.26,36.7,70.8,-54.1,v2.1.0,online,good
AH-00025,2026-07-03 19:42:00,25.06,27.49,92.2,-50.7,v2.0.1,online,good
AH-00155,2026-07-03 19:44:00,24.79,48.51,79.6,-67.1,v1.5.0,online,good
AH-00119,2026-07-03 19:47:00,23.0,31.67,57.3,-56.5,v2.1.0,online,good
AH-00166,2026-07-03 19:50:00,30.65,47.21,86.3,-71.0,v2.1.0,online,good
AH-00008,2026-07-03 19:51:00,27.06,45.63,60.9,-47.0,v2.0.1,online,good
AH-00090,2026-07-03 19:53:00,,35.06,81.5,-55.1,v2.0.1,online,poor
AH-00151,2026-07-03 19:54:00,23.75,40.38,95.1,-59.4,v2.1.0,online,good
AH-00130,2026-07-03 19:54:00,31.18,47.12,70.3,-64.3,v2.0.1,online,good
AH-00056,2026-07-03 19:55:00,26.22,45.45,81.3,-64.2,v2.0.1,online,good
AH-00129,2026-07-03 19:55:00,27.63,,82.4,-59.9,v2.0.1,online,good
AH-00079,2026-07-03 19:58:00,23.25,36.87,75.6,-52.7,v1.5.0,online,good
AH-00077,2026-07-03 19:58:00,27.12,53.52,54.2,-63.2,v2.0.1,online,fair
AH-00178,2026-07-03 20:00:00,25.82,38.99,70.7,-78.3,v1.5.0,online,good
AH-00146,2026-07-03 20:00:00,28.12,41.32,81.7,-58.6,v2.1.0,offline,good
AH-00041,2026-07-03 20:01:00,27.95,41.36,85.3,-64.4,v2.0.1,online,good
AH-00012,2026-07-03 20:02:00,29.7,25.21,84.8,-66.3,v2.1.0,maintenance,good
AH-00136,2026-07-03 20:04:00,25.24,53.61,41.5,-57.2,v1.5.0,online,good
AH-00022,2026-07-03 20:04:00,33.02,53.56,59.2,-40.3,v2.1.0,online,fair
AH-00044,2026-07-03 20:04:00,31.34,30.34,69.8,-63.8,v2.0.1,online,good
AH-00051,2026-07-03 20:04:00,31.68,46.49,64.8,-83.5,v2.1.0,online,fair
AH-00161,2026-07-03 20:05:00,26.7,46.47,79.6,-45.8,v1.5.0,offline,good
AH-00129,2026-07-03 20:06:00,26.21,53.59,63.4,-53.6,v2.1.0,online,good
AH-00045,2026-07-03 20:06:00,25.62,131.74,72.9,-69.6,v2.1.0,online,good
AH-00010,2026-07-03 20:15:00,33.51,40.7,68.1,-57.7,v2.1.0,maintenance,good
AH-00140,2026-07-03 20:15:00,,34.39,72.3,-67.3,v2.0.1,online,fair
AH-00099,2026-07-03 20:17:00,23.7,,73.1,-44.6,v2.0.1,online,good
AH-00192,2026-07-03 20:17:00,29.61,41.84,70.0,-50.9,v2.0.1,offline,good
AH-00140,2026-07-03 20:19:00,31.99,46.04,68.2,-42.2,v2.0.1,online,poor
AH-00104,2026-07-03 20:20:00,29.19,44.84,76.5,-60.6,v1.5.0,online,fair
AH-00112,2026-07-03 20:20:00,30.05,44.84,76.7,-66.1,v2.1.0,online,fair
AH-00182,2026-07-03 20:21:00,27.17,46.78,82.8,-73.4,v2.0.1,online,good
AH-00113,2026-07-03 20:21:00,,39.45,68.3,-70.5,v1.5.0,online,good
AH-00007,2026-07-03 20:22:00,,42.51,85.2,-60.3,v2.0.1,offline,poor
AH-00080,2026-07-03 20:23:00,28.0,32.43,95.3,-73.3,v2.0.1,online,good
AH-00189,2026-07-03 20:24:00,27.32,44.18,74.5,-62.1,v1.4.2,offline,good
AH-00039,2026-07-03 20:25:00,24.75,36.03,74.7,-60.4,v2.0.1,online,poor
AH-00113,2026-07-03 20:25:00,29.96,42.2,87.4,-68.1,v2.0.1,online,good
AH-00115,2026-07-03 20:26:00,28.6,61.65,85.8,-56.3,v1.5.0,online,good
AH-00176,2026-07-03 20:26:00,26.89,44.28,82.6,-68.3,v2.1.0,maintenance,good
AH-00185,2026-07-03 20:26:00,24.86,45.55,71.8,-71.1,v2.0.1,online,fair
AH-00036,2026-07-03 20:26:00,31.09,35.64,67.1,-65.0,v2.0.1,maintenance,good
AH-00147,2026-07-03 20:27:00,25.16,39.92,79.1,-75.4,v2.0.1,online,good
AH-00090,2026-07-03 20:30:00,33.34,,78.2,-53.2,v1.5.0,online,good
AH-00154,2026-07-03 20:31:00,32.58,44.73,79.5,-64.5,v1.5.0,online,good
AH-00195,2026-07-03 20:31:00,26.77,45.29,79.1,-47.0,v2.0.1,online,good
AH-00162,2026-07-03 20:32:00,24.48,65.26,79.4,-74.0,v1.4.2,online,fair
AH-00124,2026-07-03 20:33:00,30.09,35.78,88.7,-56.7,v2.0.1,online,good
AH-00178,2026-07-03 20:35:00,27.28,38.08,81.3,-73.6,v2.0.1,offline,poor
AH-00103,2026-07-03 20:35:00,26.36,43.72,61.0,-53.5,v1.5.0,online,good
AH-00117,2026-07-03 20:37:00,27.27,43.87,76.3,-67.0,v1.5.0,offline,good
AH-00063,2026-07-03 20:37:00,26.1,48.53,53.2,-56.7,v2.1.0,online,fair
AH-00022,2026-07-03 20:38:00,24.92,41.71,84.0,-60.4,v2.1.0,online,good
AH-00059,2026-07-03 20:38:00,27.03,,72.8,-64.0,v2.1.0,offline,good
AH-00170,2026-07-03 20:39:00,28.27,48.15,88.1,-63.7,v2.0.1,online,good
AH-00005,2026-07-03 20:41:00,27.23,47.17,58.0,-71.2,v2.1.0,online,fair
AH-00074,2026-07-03 20:42:00,29.06,37.69,77.6,-55.2,v2.0.1,online,good
AH-00086,2026-07-03 20:43:00,24.89,42.36,98.6,-67.1,v2.1.0,online,good
AH-00061,2026-07-03 20:44:00,32.88,48.92,64.5,-68.2,v1.5.0,maintenance,good
AH-00068,2026-07-03 20:45:00,29.27,47.16,87.0,-38.8,v2.0.1,online,good
AH-00045,2026-07-03 20:45:00,33.38,57.13,72.9,-65.4,v2.0.1,online,good
AH-00165,2026-07-03 20:46:00,27.28,,69.3,-72.0,v2.0.1,online,poor
AH-00015,2026-07-03 20:46:00,19.56,34.28,67.8,-55.4,v2.1.0,online,fair
AH-00068,2026-07-03 20:47:00,32.35,45.44,70.0,-50.4,v1.5.0,online,good
AH-00129,2026-07-03 20:48:00,28.38,45.67,90.5,-50.4,v2.1.0,online,poor
AH-00105,2026-07-03 20:48:00,28.61,31.22,85.3,-59.4,v2.1.0,offline,good
AH-00140,2026-07-03 20:51:00,25.18,47.86,75.9,-70.1,v2.1.0,online,good
AH-00136,2026-07-03 20:52:00,29.25,52.27,83.3,-58.8,v2.0.1,online,good
AH-00095,2026-07-03 20:53:00,21.76,38.23,78.2,-62.0,v2.0.1,online,good
AH-00132,2026-07-03 20:55:00,25.95,37.32,71.3,-69.8,v1.5.0,online,good
AH-00190,2026-07-03 20:55:00,25.19,45.9,64.8,-76.0,v1.5.0,online,good
AH-00154,2026-07-03 20:57:00,30.98,41.95,70.1,-86.4,v2.0.1,online,good
AH-00086,2026-07-03 20:58:00,28.78,37.29,67.7,-60.8,v2.0.1,online,good
AH-00148,2026-07-03 20:59:00,29.03,45.34,59.1,-43.6,v2.0.1,online,good
AH-00077,2026-07-03 20:59:00,30.99,46.86,99.9,-70.0,v2.0.1,online,good
AH-00115,2026-07-03 21:00:00,27.65,41.48,62.4,-60.5,v2.0.1,offline,good
AH-00061,2026-07-03 21:00:00,,38.74,82.0,-62.3,v1.5.0,online,good
AH-00020,2026-07-03 21:00:00,30.98,44.78,86.7,-55.5,v2.1.0,offline,fair
AH-00088,2026-07-03 21:01:00,,31.62,77.3,-55.2,v2.0.1,maintenance,good
AH-00074,2026-07-03 21:03:00,26.46,52.94,72.6,-66.8,v1.5.0,offline,good
AH-00147,2026-07-03 21:03:00,22.6,36.43,89.4,-60.7,v2.1.0,online,good
AH-00066,2026-07-03 21:04:00,25.68,52.51,70.1,-54.5,v1.5.0,online,good
AH-00136,2026-07-03 21:05:00,26.31,47.47,90.7,-53.9,v2.0.1,maintenance,good
AH-00072,2026-07-03 21:08:00,34.09,50.48,86.8,-74.3,v2.1.0,maintenance,fair
AH-00167,2026-07-03 21:08:00,35.56,45.62,82.9,-67.0,v2.0.1,online,good
AH-00113,2026-07-03 21:10:00,28.83,43.18,66.0,-65.9,v1.5.0,online,good
AH-00063,2026-07-03 21:13:00,31.86,40.55,93.7,-49.9,v2.0.1,online,good
AH-00040,2026-07-03 21:16:00,19.54,38.54,57.1,-77.8,v1.5.0,online,poor
AH-00073,2026-07-03 21:17:00,,50.85,66.4,-65.7,v1.5.0,offline,good
AH-00182,2026-07-03 21:17:00,27.91,51.62,80.6,-58.3,v2.0.1,offline,good
AH-00195,2026-07-03 21:18:00,31.58,38.97,72.2,-55.3,v2.1.0,maintenance,good
AH-00098,2026-07-03 21:19:00,25.26,,82.3,-63.0,v2.0.1,online,fair
AH-00167,2026-07-03 21:19:00,29.42,,76.1,-68.0,v2.0.1,online,good
AH-00054,2026-07-03 21:19:00,28.98,53.91,59.3,-62.0,v2.0.1,online,good
AH-00158,2026-07-03 21:20:00,25.72,41.63,71.0,-50.7,v2.0.1,online,poor
AH-00144,2026-07-03 21:21:00,23.09,34.74,73.4,-59.3,v1.4.2,online,good
AH-00100,2026-07-03 21:24:00,32.18,53.5,90.3,-60.0,v2.0.1,maintenance,good
AH-00052,2026-07-03 21:26:00,25.72,34.41,84.4,-75.4,v2.0.1,online,good
AH-00181,2026-07-03 21:27:00,32.05,45.65,66.3,-59.6,v2.0.1,online,good
AH-00134,2026-07-03 21:27:00,28.22,,73.7,-72.3,v2.0.1,online,good
AH-00014,2026-07-03 21:27:00,30.85,47.81,58.0,-60.2,v2.0.1,online,good
AH-00019,2026-07-03 21:28:00,31.13,,75.6,-56.2,v2.0.1,offline,poor
AH-00180,2026-07-03 21:28:00,25.79,54.62,79.7,-72.1,v2.1.0,offline,fair
AH-00023,2026-07-03 21:30:00,26.23,41.67,81.5,-65.8,v1.5.0,online,good
AH-00133,2026-07-03 21:31:00,25.24,36.91,46.9,-60.3,v2.0.1,online,fair
AH-00085,2026-07-03 21:31:00,24.32,65.73,76.5,-51.7,v2.0.1,online,fair
AH-00113,2026-07-03 21:31:00,28.05,53.16,73.6,-57.5,v2.0.1,online,fair
AH-00001,2026-07-03 21:31:00,26.44,49.81,81.6,-39.9,v2.1.0,online,good
AH-00014,2026-07-03 21:33:00,30.94,41.81,61.9,-59.0,v1.5.0,online,good
AH-00011,2026-07-03 21:33:00,22.54,48.77,85.1,-58.9,v1.5.0,online,good
AH-00087,2026-07-03 21:33:00,30.19,36.39,89.2,-72.6,v2.0.1,online,good
AH-00183,2026-07-03 21:34:00,26.35,26.1,72.3,-60.5,v2.0.1,online,good
AH-00171,2026-07-03 21:36:00,28.76,45.22,71.2,-58.2,v1.5.0,online,good
AH-00053,2026-07-03 21:36:00,31.63,44.16,69.7,-64.8,v2.0.1,online,poor
AH-00192,2026-07-03 21:36:00,29.01,45.34,63.4,-62.0,v2.0.1,online,good
AH-00167,2026-07-03 21:38:00,,47.94,84.0,-51.4,v2.0.1,online,good
AH-00025,2026-07-03 21:38:00,26.79,35.89,91.7,-58.9,v2.0.1,online,fair
AH-00007,2026-07-03 21:39:00,29.84,49.57,82.2,-54.0,v2.1.0,maintenance,good
AH-00014,2026-07-03 21:40:00,,44.12,67.2,-57.8,v1.5.0,online,poor
AH-00117,2026-07-03 21:41:00,27.0,45.95,79.1,-73.1,v2.1.0,offline,good
AH-00061,2026-07-03 21:41:00,31.16,39.97,70.2,-74.6,v2.0.1,online,good
AH-00154,2026-07-03 21:41:00,24.7,49.61,88.3,-55.5,v2.1.0,online,good
AH-00152,2026-07-03 21:42:00,25.66,55.35,66.0,-63.6,v2.1.0,online,good
AH-00089,2026-07-03 21:44:00,28.45,40.62,83.1,-62.6,v2.0.1,online,good
AH-00028,2026-07-03 21:45:00,25.82,39.05,86.9,-60.6,v2.0.1,online,good
AH-00155,2026-07-03 21:45:00,22.39,31.3,67.7,-74.3,v1.5.0,maintenance,good
AH-00158,2026-07-03 21:45:00,29.89,35.72,98.5,-66.4,v2.0.1,online,good
AH-00152,2026-07-03 21:48:00,27.97,37.17,68.3,-51.9,v2.0.1,offline,fair
AH-00150,2026-07-03 21:48:00,26.03,46.39,-5.9,-55.0,v2.0.1,online,good
AH-00040,2026-07-03 21:51:00,30.26,51.21,78.1,-58.9,v2.0.1,online,good
AH-00139,2026-07-03 21:53:00,27.16,38.34,76.1,-60.5,v1.5.0,online,good
AH-00102,2026-07-03 21:55:00,29.8,42.51,-0.4,-52.0,v2.0.1,maintenance,fair
AH-00186,2026-07-03 21:58:00,24.54,42.32,78.2,-58.4,v2.0.1,online,good
AH-00173,2026-07-03 21:59:00,23.34,48.86,88.9,-58.3,v2.0.1,online,good
AH-00167,2026-07-03 22:00:00,29.94,47.37,80.5,-64.6,v2.1.0,maintenance,good
AH-00147,2026-07-03 22:00:00,32.3,,78.5,-72.7,v2.0.1,online,good
AH-00194,2026-07-03 22:02:00,,,81.3,-59.2,v2.0.1,offline,poor
AH-00143,2026-07-03 22:04:00,25.98,,91.3,-63.8,v2.0.1,online,good
AH-00063,2026-07-03 22:05:00,27.95,,91.5,-56.1,v2.0.1,maintenance,good
AH-00156,2026-07-03 22:09:00,29.11,32.58,89.1,-49.5,v2.1.0,online,poor
AH-00174,2026-07-03 22:10:00,31.19,,91.9,-68.9,v2.0.1,online,fair
AH-00036,2026-07-03 22:10:00,27.49,53.73,66.2,-67.2,v1.5.0,offline,good
AH-00084,2026-07-03 22:12:00,30.22,35.08,80.6,-66.2,v2.0.1,online,good
AH-00133,2026-07-03 22:12:00,27.14,36.52,100.0,-53.9,v2.0.1,online,fair
AH-00044,2026-07-03 22:13:00,28.48,36.71,74.6,-55.1,v2.1.0,online,good
AH-00143,2026-07-03 22:13:00,22.43,50.39,52.7,-61.2,v2.0.1,maintenance,good
AH-00094,2026-07-03 22:13:00,,63.25,63.1,-58.0,v2.1.0,offline,good
AH-00001,2026-07-03 22:13:00,22.66,48.56,59.1,-75.3,v2.1.0,online,good
AH-00166,2026-07-03 22:14:00,29.68,57.28,79.6,-51.7,v2.0.1,online,good
AH-00021,2026-07-03 22:14:00,32.49,46.97,75.0,-64.4,v1.5.0,online,good
AH-00135,2026-07-03 22:15:00,23.92,49.95,76.7,-63.9,v2.0.1,online,poor
AH-00096,2026-07-03 22:15:00,22.8,40.47,68.8,-58.6,v1.5.0,online,fair
AH-00036,2026-07-03 22:15:00,26.81,41.27,59.8,-65.7,v2.0.1,online,good
AH-00102,2026-07-03 22:17:00,29.45,26.84,71.5,-60.0,v2.0.1,online,fair
AH-00078,2026-07-03 22:18:00,27.8,41.31,77.1,-65.1,v2.1.0,maintenance,good
AH-00100,2026-07-03 22:18:00,27.12,42.78,96.0,-70.8,v1.5.0,online,fair
AH-00086,2026-07-03 22:18:00,24.18,39.36,-6.5,-56.0,v2.0.1,online,poor
AH-00047,2026-07-03 22:19:00,21.74,46.11,64.6,-52.6,v2.1.0,offline,good
AH-00102,2026-07-03 22:20:00,29.47,50.83,71.0,-55.9,v2.0.1,online,good
AH-00003,2026-07-03 22:20:00,22.7,114.86,69.4,-63.9,v2.0.1,online,good
AH-00175,2026-07-03 22:20:00,28.63,27.91,81.4,-54.9,v2.1.0,online,good
AH-00010,2026-07-03 22:21:00,23.63,42.21,96.5,-47.2,v2.0.1,offline,good
AH-00070,2026-07-03 22:22:00,25.94,55.01,84.2,-76.5,v2.0.1,online,good
AH-00144,2026-07-03 22:22:00,30.28,37.65,80.8,-61.4,v2.1.0,online,good
AH-00142,2026-07-03 22:22:00,25.38,,80.9,-70.5,v2.0.1,online,good
AH-00132,2026-07-03 22:24:00,28.18,40.16,95.6,-58.7,v2.0.1,offline,good
AH-00053,2026-07-03 22:26:00,23.71,,64.0,-57.5,v2.1.0,offline,good
AH-00153,2026-07-03 22:26:00,31.08,44.1,100.0,-65.2,v2.0.1,online,good
AH-00114,2026-07-03 22:27:00,29.17,45.34,88.9,-50.9,v1.5.0,online,good
AH-00052,2026-07-03 22:28:00,24.53,47.02,80.0,-55.2,v2.0.1,maintenance,good
AH-00190,2026-07-03 22:29:00,31.39,28.85,67.3,-64.7,v2.0.1,online,good
AH-00028,2026-07-03 22:30:00,24.92,48.69,75.1,-63.8,v2.1.0,offline,good
AH-00002,2026-07-03 22:31:00,26.24,61.29,85.3,-87.8,v1.4.2,online,poor
AH-00003,2026-07-03 22:31:00,31.24,44.76,58.3,-59.1,v2.0.1,online,fair
AH-00063,2026-07-03 22:32:00,28.69,52.2,73.6,-48.8,v1.5.0,online,good
AH-00013,2026-07-03 22:32:00,28.97,36.68,79.9,-46.4,v1.5.0,online,good
AH-00102,2026-07-03 22:33:00,31.76,40.69,72.7,-51.7,v2.0.1,online,good
AH-00139,2026-07-03 22:37:00,31.07,43.67,93.5,-60.1,v2.1.0,online,good
AH-00180,2026-07-03 22:39:00,22.54,38.32,78.4,-64.7,v2.0.1,online,good
AH-00180,2026-07-03 22:40:00,32.67,40.34,79.6,-78.4,v1.5.0,online,good
AH-00048,2026-07-03 22:41:00,27.06,49.18,81.5,-73.2,v2.0.1,online,good
AH-00059,2026-07-03 22:42:00,29.88,33.48,76.4,-73.3,v2.0.1,online,good
AH-00158,2026-07-03 22:42:00,28.18,47.55,72.0,-61.9,v2.0.1,online,good
AH-00128,2026-07-03 22:42:00,22.94,43.03,62.1,-66.0,v2.0.1,online,good
AH-00186,2026-07-03 22:44:00,33.46,46.19,72.9,-55.7,v2.1.0,online,fair
AH-00165,2026-07-03 22:45:00,27.16,53.46,68.2,-62.6,v2.1.0,maintenance,fair
AH-00166,2026-07-03 22:46:00,22.63,51.83,98.2,-49.4,v2.0.1,online,good
AH-00153,2026-07-03 22:47:00,32.12,41.33,73.5,-60.4,v1.4.2,online,good
AH-00169,2026-07-03 22:48:00,24.34,51.08,70.9,-48.5,v2.1.0,online,good
AH-00035,2026-07-03 22:49:00,27.87,34.6,62.3,-50.2,v2.1.0,online,good
AH-00122,2026-07-03 22:51:00,21.89,46.07,88.7,-60.8,v1.5.0,online,fair
AH-00021,2026-07-03 22:51:00,27.04,48.91,64.5,-60.0,v2.0.1,online,good
AH-00041,2026-07-03 22:53:00,23.35,35.37,78.1,-64.0,v1.4.2,online,good
AH-00053,2026-07-03 22:53:00,30.96,38.98,89.7,-62.0,v2.1.0,online,fair
AH-00038,2026-07-03 22:58:00,25.41,45.04,68.6,-64.5,v2.1.0,online,fair
AH-00038,2026-07-03 22:58:00,23.5,41.02,72.4,-61.6,v2.0.1,online,good
AH-00148,2026-07-03 22:58:00,30.42,41.46,100.0,-78.1,v1.5.0,online,good
AH-00196,2026-07-03 23:01:00,30.82,46.34,93.6,-76.1,v2.1.0,online,fair
AH-00108,2026-07-03 23:01:00,26.88,48.62,75.2,-69.9,v2.0.1,maintenance,fair
AH-00191,2026-07-03 23:02:00,,40.14,74.0,-69.6,v1.5.0,online,good
AH-00045,2026-07-03 23:02:00,28.8,45.47,93.1,-53.5,v1.4.2,online,good
AH-00103,2026-07-03 23:04:00,30.91,49.62,70.4,-60.3,v2.0.1,online,poor
AH-00146,2026-07-03 23:05:00,32.64,42.55,88.3,-48.2,v1.5.0,online,good
AH-00077,2026-07-03 23:06:00,25.57,36.59,94.4,-65.7,v2.1.0,online,good
AH-00164,2026-07-03 23:07:00,24.44,38.14,98.1,-77.9,v2.1.0,online,good
AH-00078,2026-07-03 23:10:00,33.37,50.76,71.7,-55.9,v2.1.0,online,good
AH-00063,2026-07-03 23:10:00,26.36,33.21,74.8,-58.4,v2.0.1,online,good
AH-00032,2026-07-03 23:10:00,,54.34,70.0,-63.8,v1.5.0,online,good
AH-00104,2026-07-03 23:11:00,26.92,44.87,69.4,-58.3,v1.4.2,online,fair
AH-00169,2026-07-03 23:13:00,25.53,55.65,90.9,-58.8,v2.1.0,online,good
AH-00078,2026-07-03 23:13:00,22.38,40.27,78.7,-52.3,v1.4.2,online,good
AH-00012,2026-07-03 23:14:00,24.18,39.88,87.8,-56.0,v2.1.0,offline,poor
AH-00125,2026-07-03 23:17:00,26.96,53.9,71.1,-65.2,v2.0.1,maintenance,good
AH-00061,2026-07-03 23:18:00,,45.47,48.7,-73.4,v2.0.1,online,poor
AH-00049,2026-07-03 23:18:00,24.64,49.63,70.3,-69.5,v2.0.1,online,good
AH-00084,2026-07-03 23:19:00,32.89,43.43,80.7,-74.4,v2.1.0,online,good
AH-00063,2026-07-03 23:23:00,25.4,45.74,87.2,-59.4,v2.0.1,online,good
AH-00100,2026-07-03 23:24:00,26.38,48.93,96.4,-69.0,v2.0.1,online,fair
AH-00038,2026-07-03 23:24:00,20.53,45.12,72.6,-66.1,v2.0.1,online,good
AH-00072,2026-07-03 23:25:00,26.73,45.23,69.5,-61.3,v1.5.0,online,good
AH-00182,2026-07-03 23:25:00,28.68,47.15,70.2,-63.3,v2.1.0,online,good
AH-00002,2026-07-03 23:25:00,22.2,36.65,80.3,-58.2,v2.1.0,offline,good
AH-00061,2026-07-03 23:26:00,,34.93,89.2,-52.6,v1.5.0,online,fair
AH-00003,2026-07-03 23:27:00,22.74,49.91,94.8,-78.8,v1.5.0,online,good
AH-00106,2026-07-03 23:28:00,20.07,45.07,70.8,-53.4,v1.4.2,online,good
AH-00059,2026-07-03 23:29:00,25.85,33.96,63.3,-48.0,v1.5.0,online,good
AH-00013,2026-07-03 23:29:00,31.64,42.26,83.1,-74.4,v2.1.0,online,good
AH-00104,2026-07-03 23:30:00,31.21,,-11.0,-65.5,v2.0.1,online,good
AH-00025,2026-07-03 23:31:00,29.7,42.8,90.1,-59.6,v2.1.0,online,good
AH-00069,2026-07-03 23:32:00,,51.64,88.2,-74.0,v2.1.0,maintenance,good
AH-00158,2026-07-03 23:33:00,27.47,45.97,89.9,-61.7,v2.0.1,online,good
AH-00126,2026-07-03 23:33:00,29.82,51.72,75.5,-63.1,v1.5.0,online,good
AH-00115,2026-07-03 23:37:00,34.7,40.25,56.1,-58.7,v2.0.1,offline,good
AH-00079,2026-07-03 23:38:00,26.66,50.94,89.2,-65.1,v1.5.0,online,fair
AH-00055,2026-07-03 23:38:00,21.93,38.05,94.9,-77.1,v2.0.1,online,good
AH-00061,2026-07-03 23:38:00,20.85,45.92,82.3,-65.4,v2.0.1,online,good
AH-00096,2026-07-03 23:40:00,28.85,,75.4,-67.0,v1.5.0,online,good
AH-00052,2026-07-03 23:41:00,23.55,,87.1,-65.1,v2.1.0,maintenance,fair
AH-00081,2026-07-03 23:42:00,28.1,49.42,71.3,-60.2,v2.1.0,online,good
AH-00114,2026-07-03 23:42:00,29.14,40.84,69.8,-63.7,v2.1.0,online,good
AH-00147,2026-07-03 23:43:00,31.54,50.76,62.0,-57.2,v2.0.1,offline,good
AH-00080,2026-07-03 23:45:00,32.26,52.24,65.0,-67.9,v2.0.1,online,good
AH-00011,2026-07-03 23:46:00,19.48,46.7,71.9,-62.6,v2.0.1,offline,good
AH-00064,2026-07-03 23:46:00,25.76,38.57,61.5,-62.4,v2.1.0,offline,good
AH-00003,2026-07-03 23:47:00,29.06,,86.4,-52.4,v1.4.2,online,good
AH-00061,2026-07-03 23:47:00,30.7,50.29,60.9,-57.0,v1.5.0,offline,fair
AH-00106,2026-07-03 23:48:00,21.95,51.54,73.5,-74.9,v1.5.0,online,good
AH-00115,2026-07-03 23:49:00,27.58,61.9,96.0,-62.3,v2.0.1,offline,fair
AH-00005,2026-07-03 23:50:00,30.87,49.6,63.7,-49.2,v2.0.1,online,fair
AH-00199,2026-07-03 23:52:00,28.25,60.55,86.2,-63.2,v2.1.0,online,fair
AH-00144,2026-07-03 23:53:00,30.98,52.2,61.9,-74.7,v2.0.1,online,good
AH-00080,2026-07-03 23:54:00,,33.86,80.2,-60.0,v2.1.0,online,good
AH-00174,2026-07-03 23:54:00,20.39,47.83,64.4,-55.3,v1.5.0,online,good
AH-00108,2026-07-03 23:54:00,26.48,42.92,50.4,-42.2,v2.0.1,online,good
AH-00069,2026-07-03 23:56:00,31.87,49.08,81.0,-59.4,v1.5.0,online,good
AH-00177,2026-07-03 23:56:00,21.79,55.15,76.7,-84.6,v2.0.1,online,good
AH-00166,2026-07-03 23:57:00,30.41,30.18,81.0,-84.0,v2.0.1,online,good
AH-00053,2026-07-03 23:58:00,25.6,42.07,71.1,-64.3,v1.4.2,online,good
AH-00116,2026-07-03 23:58:00,26.96,38.35,86.0,-65.1,v2.0.1,offline,good
AH-00120,2026-07-03 23:59:00,28.46,46.75,79.9,-68.7,v1.5.0,online,good
AH-00105,2026-07-03 23:59:00,26.67,40.17,91.2,-62.0,v1.5.0,offline,good
AH-00094,2026-07-04 00:00:00,25.37,44.42,89.9,-69.1,v2.1.0,online,good
AH-00010,2026-07-04 00:01:00,29.83,41.21,88.7,-50.3,v2.0.1,online,good
AH-00175,2026-07-04 00:03:00,,47.47,79.6,-67.2,v2.1.0,online,fair
AH-00116,2026-07-04 00:04:00,34.12,31.31,81.7,-64.8,v2.0.1,online,poor
AH-00007,2026-07-04 00:05:00,26.52,45.22,92.1,-55.8,v2.0.1,online,good
AH-00019,2026-07-04 00:05:00,30.75,28.57,85.9,-64.3,v2.1.0,online,fair
AH-00024,2026-07-04 00:09:00,29.1,47.31,58.4,-66.9,v1.5.0,online,good
AH-00023,2026-07-04 00:10:00,23.98,47.95,92.4,-51.0,v2.0.1,online,fair
AH-00197,2026-07-04 00:10:00,31.89,39.79,68.8,-60.3,v1.5.0,online,good
AH-00195,2026-07-04 00:11:00,28.77,39.41,80.1,-62.2,v2.0.1,online,good
AH-00074,2026-07-04 00:13:00,23.09,38.93,84.1,-67.2,v1.5.0,maintenance,good
AH-00071,2026-07-04 00:13:00,30.94,48.05,98.2,-64.4,v1.4.2,online,good
AH-00005,2026-07-04 00:16:00,33.1,68.27,87.2,-71.3,v2.1.0,online,good
AH-00069,2026-07-04 00:17:00,27.41,44.42,72.1,-53.0,v2.1.0,offline,good
AH-00034,2026-07-04 00:19:00,24.5,43.9,92.5,-72.9,v1.5.0,online,good
AH-00074,2026-07-04 00:19:00,33.28,50.98,70.3,-67.9,v1.5.0,online,good
AH-00052,2026-07-04 00:20:00,31.63,49.49,83.7,-60.0,v1.4.2,online,good
AH-00194,2026-07-04 00:21:00,28.62,45.04,74.0,-50.3,v1.5.0,online,poor
AH-00108,2026-07-04 00:21:00,,43.19,69.4,-61.6,v1.5.0,online,good
AH-00147,2026-07-04 00:21:00,25.97,,78.2,-70.4,v2.1.0,online,good
AH-00017,2026-07-04 00:22:00,30.56,32.77,74.8,-68.7,v1.5.0,maintenance,good
AH-00159,2026-07-04 00:22:00,35.9,31.5,78.8,-68.3,v2.1.0,online,fair
AH-00132,2026-07-04 00:23:00,30.76,45.72,62.4,-58.2,v2.1.0,maintenance,good
AH-00159,2026-07-04 00:24:00,39.23,47.64,66.4,-52.6,v1.4.2,offline,fair
AH-00154,2026-07-04 00:26:00,23.27,51.97,65.6,-59.0,v2.1.0,online,good
AH-00179,2026-07-04 00:27:00,31.82,41.64,57.9,-57.6,v2.0.1,online,good
AH-00024,2026-07-04 00:29:00,30.62,40.07,97.5,-82.5,v1.4.2,online,good
AH-00171,2026-07-04 00:30:00,25.01,38.6,65.3,-62.7,v2.0.1,online,good
AH-00087,2026-07-04 00:37:00,33.17,53.72,78.2,-56.5,v2.0.1,offline,good
AH-00132,2026-07-04 00:37:00,29.55,38.69,82.6,-61.0,v1.4.2,online,poor
AH-00131,2026-07-04 00:39:00,29.22,47.05,70.4,-47.4,v2.1.0,online,fair
AH-00067,2026-07-04 00:40:00,27.36,47.49,67.3,-59.5,v2.0.1,online,poor
AH-00141,2026-07-04 00:41:00,33.99,30.47,80.1,-52.6,v1.5.0,online,good
AH-00078,2026-07-04 00:41:00,,44.95,88.2,-63.4,v2.0.1,online,good
AH-00167,2026-07-04 00:41:00,29.61,,78.2,-54.5,v2.0.1,online,good
AH-00131,2026-07-04 00:44:00,28.79,,77.4,-66.5,v2.0.1,online,good
AH-00158,2026-07-04 00:44:00,27.67,44.75,78.2,-66.7,v1.5.0,online,fair
AH-00118,2026-07-04 00:45:00,27.82,50.37,83.3,-60.4,v2.0.1,online,good
AH-00156,2026-07-04 00:45:00,25.78,43.38,92.6,-53.4,v2.0.1,offline,good
AH-00128,2026-07-04 00:47:00,24.44,47.57,76.4,-66.0,v2.1.0,online,good
AH-00199,2026-07-04 00:47:00,28.28,60.04,74.5,-54.0,v2.1.0,online,good
AH-00020,2026-07-04 00:49:00,29.49,53.09,86.4,-48.0,v2.0.1,online,fair
AH-00099,2026-07-04 00:50:00,25.7,46.73,60.3,-61.3,v2.0.1,offline,good
AH-00023,2026-07-04 00:50:00,31.26,31.54,93.0,-55.4,v2.0.1,online,good
AH-00100,2026-07-04 00:52:00,35.85,46.61,74.7,-62.6,v1.5.0,online,good
AH-00098,2026-07-04 00:52:00,26.07,39.83,67.7,-65.2,v2.0.1,online,good
AH-00094,2026-07-04 00:54:00,30.81,41.12,70.3,-65.1,v2.1.0,online,fair
AH-00014,2026-07-04 00:54:00,27.99,52.34,73.9,-63.2,v2.1.0,online,fair
AH-00147,2026-07-04 00:55:00,26.14,42.89,79.8,-59.1,v2.0.1,online,fair
AH-00042,2026-07-04 00:56:00,28.56,34.39,72.2,-60.8,v2.0.1,offline,good
AH-00064,2026-07-04 00:56:00,26.17,,73.9,-63.0,v2.0.1,offline,poor
AH-00176,2026-07-04 00:56:00,26.48,52.56,81.4,-59.4,v2.0.1,online,good
AH-00137,2026-07-04 00:58:00,31.4,38.26,82.7,-61.4,v1.5.0,online,poor
AH-00031,2026-07-04 00:59:00,26.1,46.88,-7.0,-62.8,v2.0.1,online,good
AH-00182,2026-07-04 00:59:00,28.04,34.72,71.7,-61.7,v2.0.1,online,fair
AH-00150,2026-07-04 00:59:00,24.1,42.93,75.6,-60.5,v2.0.1,online,good
AH-00184,2026-07-04 00:59:00,25.79,44.65,63.2,-57.9,v1.5.0,online,good
AH-00081,2026-07-04 01:01:00,28.99,43.19,60.6,-61.5,v2.0.1,online,good
AH-00145,2026-07-04 01:02:00,,49.02,-9.7,-58.2,v2.0.1,online,good
AH-00092,2026-07-04 01:02:00,26.66,34.5,86.1,-59.1,v1.5.0,online,good
AH-00121,2026-07-04 01:03:00,23.74,39.43,73.9,-63.9,v1.5.0,offline,fair
AH-00094,2026-07-04 01:03:00,24.63,51.06,68.4,-58.3,v2.1.0,online,good
AH-00197,2026-07-04 01:04:00,31.76,48.69,79.6,-52.6,v2.0.1,online,fair
AH-00012,2026-07-04 01:05:00,33.35,118.79,98.5,-64.7,v2.1.0,online,good
AH-00074,2026-07-04 01:05:00,33.55,44.66,-2.1,-63.4,v2.1.0,online,poor
AH-00140,2026-07-04 01:06:00,27.73,56.23,77.2,-56.6,v1.5.0,online,good
AH-00058,2026-07-04 01:06:00,,49.35,71.5,-56.0,v2.1.0,online,fair
AH-00041,2026-07-04 01:06:00,24.18,,90.9,-69.7,v1.4.2,online,fair
AH-00053,2026-07-04 01:07:00,30.23,55.6,68.4,-57.1,v2.0.1,offline,good
AH-00052,2026-07-04 01:07:00,31.93,45.22,86.7,-61.5,v1.5.0,online,good
AH-00161,2026-07-04 01:08:00,26.69,56.36,69.4,-52.8,v2.0.1,online,good
AH-00142,2026-07-04 01:08:00,29.35,56.6,45.8,-45.4,v2.1.0,online,good
AH-00183,2026-07-04 01:08:00,,47.16,82.8,-61.9,v1.5.0,online,fair
AH-00070,2026-07-04 01:09:00,,,68.8,-70.2,v2.0.1,online,good
AH-00169,2026-07-04 01:10:00,26.88,102.83,58.4,-55.9,v2.0.1,online,good
AH-00018,2026-07-04 01:10:00,27.48,47.9,78.6,-58.3,v2.0.1,online,fair
AH-00005,2026-07-04 01:11:00,30.28,48.99,87.6,-42.0,v2.1.0,online,good
AH-00017,2026-07-04 01:11:00,28.53,41.37,92.9,-62.3,v1.5.0,online,good
AH-00105,2026-07-04 01:12:00,24.34,55.68,94.9,-59.8,v2.0.1,offline,good
AH-00183,2026-07-04 01:13:00,33.85,53.48,88.4,-84.6,v1.4.2,online,fair
AH-00050,2026-07-04 01:13:00,29.5,36.98,68.5,-57.2,v1.5.0,online,good
AH-00109,2026-07-04 01:17:00,30.38,116.13,81.0,-60.4,v2.0.1,online,good
AH-00115,2026-07-04 01:18:00,35.01,37.03,50.4,-56.3,v2.0.1,online,good
AH-00143,2026-07-04 01:18:00,25.84,41.81,87.5,-68.6,v1.5.0,online,good
AH-00091,2026-07-04 01:19:00,24.3,46.13,100.0,-76.0,v2.0.1,online,poor
AH-00053,2026-07-04 01:19:00,28.89,62.69,67.8,-55.6,v1.5.0,online,fair
AH-00106,2026-07-04 01:19:00,29.29,38.53,81.5,-51.7,v1.5.0,online,good
AH-00013,2026-07-04 01:20:00,25.33,50.76,69.7,-60.1,v1.5.0,online,good
AH-00173,2026-07-04 01:20:00,26.99,51.79,83.5,-70.8,v1.4.2,online,poor
AH-00145,2026-07-04 01:23:00,34.13,41.47,52.7,-69.4,v2.1.0,online,fair
AH-00002,2026-07-04 01:25:00,25.28,51.55,71.3,-48.7,v1.5.0,maintenance,good
AH-00104,2026-07-04 01:26:00,32.01,49.73,82.6,-55.6,v1.4.2,online,good
AH-00013,2026-07-04 01:26:00,30.99,47.39,90.0,-68.7,v1.5.0,online,good
AH-00023,2026-07-04 01:27:00,31.09,30.87,73.5,-73.6,v2.1.0,online,good
AH-00027,2026-07-04 01:27:00,32.06,49.83,100.0,-64.6,v2.0.1,online,good
AH-00144,2026-07-04 01:28:00,27.6,38.51,68.0,-52.4,v1.5.0,online,good
AH-00088,2026-07-04 01:28:00,25.98,53.91,73.8,-59.0,v2.1.0,online,good
AH-00068,2026-07-04 01:28:00,31.07,62.52,84.3,-71.2,v2.0.1,online,good
AH-00148,2026-07-04 01:29:00,29.51,131.65,67.3,-56.8,v1.5.0,online,good
AH-00119,2026-07-04 01:30:00,29.43,50.65,80.7,-66.4,v1.5.0,online,good
AH-00055,2026-07-04 01:31:00,27.77,42.07,76.7,-70.3,v1.5.0,online,fair
AH-00030,2026-07-04 01:32:00,25.64,39.37,71.4,-50.8,v2.1.0,online,fair
AH-00078,2026-07-04 01:35:00,23.36,33.44,100.0,-59.5,v1.5.0,online,fair
AH-00152,2026-07-04 01:35:00,,42.34,88.1,-56.7,v2.0.1,online,good
AH-00012,2026-07-04 01:35:00,30.59,48.62,64.0,-61.5,v1.5.0,online,good
AH-00183,2026-07-04 01:35:00,26.97,45.86,86.3,-70.2,v2.0.1,online,poor
AH-00117,2026-07-04 01:37:00,,51.56,65.2,-65.1,v2.1.0,online,good
AH-00075,2026-07-04 01:39:00,23.63,41.57,73.2,-62.4,v2.1.0,online,fair
AH-00163,2026-07-04 01:39:00,25.06,45.31,87.1,-52.0,v2.0.1,online,good
AH-00049,2026-07-04 01:39:00,,34.01,78.1,-43.7,v2.0.1,online,good
AH-00053,2026-07-04 01:39:00,,49.21,85.7,-46.2,v2.0.1,offline,good
AH-00062,2026-07-04 01:40:00,24.93,53.95,54.7,-66.9,v2.0.1,online,fair
AH-00031,2026-07-04 01:41:00,31.91,39.16,90.4,-54.0,v2.1.0,online,fair
AH-00190,2026-07-04 01:42:00,35.43,,91.8,-67.5,v2.0.1,online,good
AH-00138,2026-07-04 01:42:00,28.89,53.01,72.1,-57.6,v2.0.1,online,good
AH-00149,2026-07-04 01:42:00,26.79,54.48,86.9,-74.4,v1.5.0,online,good
AH-00150,2026-07-04 01:43:00,29.4,47.21,93.0,-51.4,v2.0.1,online,good
AH-00132,2026-07-04 01:43:00,28.74,59.77,73.7,-51.5,v1.5.0,online,good
AH-00153,2026-07-04 01:44:00,28.67,33.29,71.1,-73.0,v1.5.0,online,good
AH-00024,2026-07-04 01:44:00,,46.92,75.8,-58.8,v1.5.0,online,good
AH-00075,2026-07-04 01:45:00,24.46,54.51,99.1,-56.1,v2.0.1,online,poor
AH-00146,2026-07-04 01:45:00,24.67,47.2,67.4,-68.8,v1.4.2,online,good
AH-00165,2026-07-04 01:47:00,22.55,46.39,80.9,-61.9,v1.5.0,maintenance,fair
AH-00180,2026-07-04 01:47:00,30.91,46.17,82.8,-51.2,v2.0.1,online,good
AH-00113,2026-07-04 01:48:00,30.88,57.92,66.2,-65.9,v1.4.2,online,good
AH-00165,2026-07-04 01:49:00,25.28,29.43,84.4,-54.3,v2.1.0,online,good
AH-00040,2026-07-04 01:50:00,22.8,,86.2,-47.4,v2.1.0,online,good
AH-00027,2026-07-04 01:50:00,38.78,51.18,79.4,-67.9,v1.5.0,online,fair
AH-00088,2026-07-04 01:50:00,,41.48,94.5,-64.9,v1.5.0,online,good
AH-00035,2026-07-04 01:51:00,35.72,38.11,70.2,-56.1,v2.0.1,online,good
AH-00013,2026-07-04 01:53:00,26.61,53.64,65.8,-59.7,v2.0.1,online,fair
AH-00124,2026-07-04 01:53:00,24.49,40.82,86.0,-69.5,v1.5.0,online,good
AH-00014,2026-07-04 01:53:00,29.96,51.17,79.8,-66.7,v2.0.1,online,good
AH-00120,2026-07-04 01:55:00,26.5,45.17,71.9,-55.5,v2.0.1,online,good
AH-00009,2026-07-04 01:55:00,30.16,52.7,63.0,-64.1,v2.1.0,online,fair
AH-00117,2026-07-04 01:55:00,27.21,43.39,68.9,-61.4,v2.1.0,online,good
AH-00068,2026-07-04 01:57:00,23.01,47.87,85.5,-66.7,v1.5.0,online,good
AH-00162,2026-07-04 01:59:00,31.62,53.65,78.6,-53.8,v2.0.1,online,fair
AH-00120,2026-07-04 02:00:00,29.02,,70.4,-73.5,v2.1.0,online,fair
AH-00050,2026-07-04 02:00:00,28.78,43.84,97.3,-44.8,v2.1.0,online,good
AH-00174,2026-07-04 02:00:00,31.12,37.97,92.5,-66.1,v2.1.0,online,fair
AH-00010,2026-07-04 02:01:00,26.64,47.84,84.5,-55.8,v2.0.1,online,good
AH-00146,2026-07-04 02:01:00,31.04,39.09,90.8,-65.2,v2.1.0,online,good
AH-00168,2026-07-04 02:04:00,25.6,54.93,56.8,-60.8,v2.0.1,online,good
AH-00108,2026-07-04 02:10:00,22.69,45.27,92.1,-52.8,v1.5.0,online,good
AH-00023,2026-07-04 02:11:00,31.88,,89.6,-60.1,v2.1.0,maintenance,poor
AH-00002,2026-07-04 02:11:00,31.68,39.97,64.1,-79.1,v2.0.1,online,good
AH-00177,2026-07-04 02:14:00,22.01,47.21,100.0,-59.5,v1.5.0,online,poor
AH-00083,2026-07-04 02:16:00,25.79,39.91,84.0,-70.6,v2.0.1,online,poor
AH-00199,2026-07-04 02:17:00,30.43,41.42,82.1,-58.3,v2.0.1,online,good
AH-00139,2026-07-04 02:18:00,25.73,56.65,98.9,-65.4,v2.1.0,online,good
AH-00016,2026-07-04 02:19:00,23.35,47.72,69.5,-64.9,v2.0.1,online,good
AH-00116,2026-07-04 02:19:00,24.91,38.2,90.5,-63.7,v2.0.1,online,poor
AH-00067,2026-07-04 02:21:00,21.06,40.14,79.6,-61.1,v2.0.1,online,fair
AH-00147,2026-07-04 02:21:00,23.81,39.72,82.5,-59.8,v1.5.0,online,good
AH-00198,2026-07-04 02:23:00,31.33,41.09,73.3,-64.4,v2.0.1,online,fair
AH-00007,2026-07-04 02:23:00,26.29,50.4,67.7,-71.9,v1.5.0,online,good
AH-00069,2026-07-04 02:23:00,21.93,124.89,77.3,-62.3,v2.0.1,online,good
AH-00152,2026-07-04 02:24:00,,29.3,82.7,-62.8,v2.0.1,online,good
AH-00078,2026-07-04 02:24:00,24.39,,71.3,-52.5,v2.0.1,online,poor
AH-00197,2026-07-04 02:30:00,30.4,50.48,67.7,-74.6,v2.0.1,online,poor
AH-00064,2026-07-04 02:31:00,31.77,35.27,79.4,-68.5,v1.5.0,online,good
AH-00053,2026-07-04 02:31:00,29.24,51.27,73.7,-68.8,v2.0.1,online,good
AH-00021,2026-07-04 02:33:00,37.08,46.33,54.3,-66.2,v2.0.1,online,good
AH-00169,2026-07-04 02:34:00,28.56,54.28,76.9,-58.1,v2.0.1,online,good
AH-00002,2026-07-04 02:34:00,29.11,48.01,96.7,-66.1,v2.1.0,online,poor
AH-00028,2026-07-04 02:35:00,19.38,47.62,83.4,-51.5,v2.0.1,online,good
AH-00136,2026-07-04 02:36:00,23.7,34.2,79.9,-45.6,v2.0.1,online,good
AH-00068,2026-07-04 02:36:00,25.48,41.52,87.0,-67.0,v1.4.2,offline,good
AH-00129,2026-07-04 02:37:00,29.68,43.5,84.3,-75.9,v1.5.0,online,fair
AH-00151,2026-07-04 02:37:00,28.35,50.89,71.5,-58.7,v2.0.1,online,good
AH-00076,2026-07-04 02:37:00,22.55,57.49,100.0,-71.1,v2.0.1,online,fair
AH-00077,2026-07-04 02:38:00,24.98,45.91,62.4,-68.2,v2.0.1,online,good
AH-00093,2026-07-04 02:38:00,34.45,62.66,100.0,-57.7,v2.0.1,online,good
AH-00051,2026-07-04 02:39:00,22.96,34.92,91.3,-54.3,v2.0.1,online,good
AH-00031,2026-07-04 02:39:00,32.84,32.78,66.9,-66.9,v2.0.1,online,good
AH-00033,2026-07-04 02:40:00,28.08,57.46,81.0,-57.6,v2.0.1,online,poor
AH-00114,2026-07-04 02:40:00,29.22,53.59,72.7,-56.7,v2.1.0,offline,good
AH-00167,2026-07-04 02:41:00,33.02,37.86,100.0,-55.7,v2.0.1,online,good
AH-00034,2026-07-04 02:42:00,,,94.5,-72.2,v1.5.0,offline,good
AH-00071,2026-07-04 02:42:00,26.52,48.19,69.9,-63.7,v2.1.0,online,good
AH-00012,2026-07-04 02:44:00,27.42,61.38,53.7,-57.0,v2.0.1,online,fair
AH-00108,2026-07-04 02:45:00,31.96,44.18,76.3,-72.2,v1.5.0,offline,good
AH-00087,2026-07-04 02:45:00,25.09,37.02,63.9,-55.0,v2.0.1,online,good
AH-00003,2026-07-04 02:50:00,26.45,61.01,100.0,-71.0,v2.0.1,online,good
AH-00101,2026-07-04 02:51:00,32.16,59.68,76.5,-68.5,v2.0.1,offline,good
AH-00129,2026-07-04 02:51:00,22.46,53.58,71.5,-58.6,v2.0.1,online,fair
AH-00168,2026-07-04 02:51:00,33.7,46.55,99.8,-67.0,v2.0.1,online,good
AH-00043,2026-07-04 02:52:00,26.83,35.02,81.5,-61.5,v2.0.1,offline,good
AH-00108,2026-07-04 02:52:00,26.26,48.15,83.4,-73.9,v2.0.1,online,good
AH-00114,2026-07-04 02:53:00,23.69,36.9,73.0,-54.2,v2.0.1,online,good
AH-00195,2026-07-04 02:55:00,32.12,41.11,87.7,-56.2,v2.0.1,online,good
AH-00048,2026-07-04 02:56:00,25.38,38.94,77.9,-54.7,v2.0.1,online,poor
AH-00034,2026-07-04 02:56:00,28.95,51.88,78.7,-62.8,v1.5.0,online,poor
AH-00095,2026-07-04 02:56:00,27.86,34.86,84.6,-50.5,v2.0.1,online,good
AH-00018,2026-07-04 02:58:00,23.24,46.78,95.7,-68.3,v1.5.0,online,good
AH-00132,2026-07-04 02:58:00,32.33,53.67,62.0,-65.6,v2.1.0,online,good
AH-00128,2026-07-04 02:59:00,23.71,45.17,82.9,-63.7,v2.0.1,maintenance,good
AH-00172,2026-07-04 03:00:00,29.92,43.86,73.3,-72.3,v1.5.0,maintenance,good
AH-00111,2026-07-04 03:02:00,27.06,49.93,71.4,-59.3,v1.5.0,online,good
AH-00096,2026-07-04 03:03:00,26.32,52.36,87.5,-82.3,v2.1.0,online,poor
AH-00095,2026-07-04 03:05:00,26.75,51.08,56.7,-57.2,v2.1.0,maintenance,fair
AH-00148,2026-07-04 03:05:00,31.17,124.0,62.3,-69.8,v2.0.1,online,good
AH-00021,2026-07-04 03:06:00,22.22,34.46,83.2,-60.0,v2.0.1,maintenance,fair
AH-00065,2026-07-04 03:07:00,33.84,45.8,62.6,-66.1,v1.5.0,online,good
AH-00200,2026-07-04 03:07:00,30.81,42.6,86.4,-56.2,v2.0.1,maintenance,good
AH-00014,2026-07-04 03:09:00,31.98,44.41,95.9,-49.2,v2.0.1,online,good
AH-00148,2026-07-04 03:09:00,29.14,49.39,64.6,-50.4,v2.0.1,online,fair
AH-00171,2026-07-04 03:12:00,27.27,59.01,71.4,-58.8,v1.5.0,online,good
AH-00023,2026-07-04 03:15:00,29.34,36.22,61.0,-59.5,v1.4.2,online,good
AH-00006,2026-07-04 03:17:00,26.1,55.05,63.7,-69.0,v2.0.1,online,good
AH-00002,2026-07-04 03:18:00,30.18,50.79,85.4,-65.5,v1.5.0,online,good
AH-00177,2026-07-04 03:21:00,28.02,45.24,94.6,-63.4,v1.5.0,online,good
AH-00183,2026-07-04 03:23:00,36.84,43.63,80.0,-60.7,v1.5.0,online,good
AH-00101,2026-07-04 03:24:00,29.52,53.29,93.9,-72.4,v2.1.0,online,good
AH-00124,2026-07-04 03:25:00,30.11,40.37,78.5,-49.3,v2.0.1,online,good
AH-00022,2026-07-04 03:25:00,29.55,43.02,73.5,-70.1,v2.0.1,online,good
AH-00171,2026-07-04 03:25:00,29.85,39.09,71.7,-50.1,v2.0.1,online,good
AH-00147,2026-07-04 03:26:00,29.33,48.69,76.8,-58.8,v2.0.1,online,good
AH-00033,2026-07-04 03:27:00,27.1,114.14,75.0,-63.3,v2.0.1,online,fair
AH-00090,2026-07-04 03:28:00,29.56,33.7,81.3,-64.0,v2.0.1,online,good
AH-00051,2026-07-04 03:30:00,30.3,36.87,85.9,-60.1,v1.5.0,online,good
AH-00046,2026-07-04 03:31:00,30.73,48.08,72.3,-63.8,v1.5.0,online,good
AH-00076,2026-07-04 03:34:00,29.09,39.14,92.3,-54.5,v2.0.1,online,good
AH-00016,2026-07-04 03:34:00,21.11,48.6,66.9,-53.5,v2.0.1,online,fair
AH-00167,2026-07-04 03:36:00,25.32,44.03,78.0,-58.1,v2.1.0,online,good
AH-00097,2026-07-04 03:36:00,25.95,43.83,78.6,-64.7,v2.0.1,online,fair
AH-00130,2026-07-04 03:38:00,27.33,42.97,72.2,-55.8,v2.1.0,online,good
AH-00027,2026-07-04 03:39:00,26.24,37.69,93.8,-48.8,v2.0.1,online,fair
AH-00124,2026-07-04 03:40:00,29.3,38.14,69.2,-55.5,v2.0.1,online,poor
AH-00131,2026-07-04 03:40:00,27.61,46.61,78.6,-53.7,v1.5.0,online,good
AH-00191,2026-07-04 03:41:00,21.08,40.25,100.0,-61.6,v1.5.0,online,good
AH-00186,2026-07-04 03:41:00,34.29,50.99,83.5,-53.2,v1.4.2,online,good
AH-00165,2026-07-04 03:41:00,27.89,48.85,62.1,-75.7,v2.0.1,online,good
AH-00176,2026-07-04 03:42:00,30.85,27.47,76.1,-50.8,v1.4.2,offline,good
AH-00083,2026-07-04 03:43:00,27.24,44.38,92.3,-69.8,v2.0.1,offline,fair
AH-00121,2026-07-04 03:44:00,23.41,47.58,83.9,-74.9,v2.0.1,online,fair
AH-00153,2026-07-04 03:44:00,29.11,42.01,69.9,-65.9,v2.0.1,online,good
AH-00191,2026-07-04 03:45:00,25.54,38.9,71.8,-56.7,v2.0.1,online,good
AH-00044,2026-07-04 03:45:00,28.58,41.76,95.3,-64.9,v2.0.1,online,good
AH-00004,2026-07-04 03:47:00,31.79,51.73,79.3,-56.1,v2.1.0,online,good
AH-00011,2026-07-04 03:48:00,29.47,53.74,93.7,-50.0,v2.1.0,online,good
AH-00010,2026-07-04 03:51:00,25.15,43.32,62.0,-64.7,v2.0.1,maintenance,good
AH-00103,2026-07-04 03:51:00,27.01,47.12,75.2,-63.0,v1.5.0,online,good
AH-00087,2026-07-04 03:51:00,28.45,47.46,70.1,-71.2,v2.0.1,online,fair
AH-00033,2026-07-04 03:52:00,22.81,39.05,73.5,-59.3,v2.1.0,online,good
AH-00054,2026-07-04 03:52:00,26.28,57.07,64.6,-59.9,v2.0.1,maintenance,good
AH-00008,2026-07-04 03:55:00,30.36,47.09,68.7,-58.6,v2.1.0,online,good
AH-00123,2026-07-04 03:56:00,29.05,48.62,83.8,-61.7,v1.5.0,online,good
AH-00131,2026-07-04 03:59:00,32.24,47.7,63.4,-66.8,v1.5.0,online,good
AH-00099,2026-07-04 03:59:00,22.0,43.95,86.4,-55.1,v2.1.0,online,good
AH-00110,2026-07-04 04:00:00,,39.53,77.6,-61.3,v1.5.0,maintenance,fair
AH-00059,2026-07-04 04:00:00,35.75,41.65,72.7,-75.9,v1.4.2,online,good
AH-00052,2026-07-04 04:00:00,28.78,49.89,89.7,-75.6,v2.1.0,online,good
AH-00117,2026-07-04 04:02:00,29.8,38.61,86.8,-62.2,v1.4.2,online,good
AH-00057,2026-07-04 04:02:00,25.14,49.67,67.4,-62.9,v2.0.1,online,good
AH-00117,2026-07-04 04:02:00,29.48,32.13,66.9,-60.1,v2.1.0,online,fair
AH-00040,2026-07-04 04:02:00,27.79,47.49,76.3,-70.3,v1.5.0,online,good
AH-00095,2026-07-04 04:03:00,27.86,24.02,83.1,-55.9,v2.1.0,online,poor
AH-00184,2026-07-04 04:03:00,22.25,37.48,59.4,-72.2,v2.0.1,online,good
AH-00049,2026-07-04 04:04:00,27.95,30.92,97.4,-67.6,v2.0.1,online,good
AH-00003,2026-07-04 04:04:00,20.8,30.27,75.7,-51.7,v1.5.0,online,good
AH-00076,2026-07-04 04:06:00,27.6,39.68,69.1,-67.7,v1.5.0,online,good
AH-00076,2026-07-04 04:09:00,27.01,43.48,95.3,-66.5,v2.1.0,online,fair
AH-00194,2026-07-04 04:09:00,,51.62,83.9,-79.4,v2.0.1,online,fair
AH-00162,2026-07-04 04:09:00,29.01,46.6,74.2,-54.4,v1.5.0,online,good
AH-00124,2026-07-04 04:09:00,35.69,47.14,51.5,-74.0,v2.1.0,online,poor
AH-00025,2026-07-04 04:10:00,,43.19,70.7,-70.5,v2.0.1,online,good
AH-00187,2026-07-04 04:12:00,24.64,54.02,72.4,-54.2,v2.1.0,online,good
AH-00076,2026-07-04 04:12:00,,34.71,80.0,-55.8,v1.5.0,online,poor
AH-00167,2026-07-04 04:12:00,24.56,29.96,97.7,-75.0,v1.5.0,online,good
AH-00054,2026-07-04 04:12:00,,51.36,76.8,-75.0,v2.0.1,online,good
AH-00105,2026-07-04 04:13:00,23.85,46.6,83.5,-62.4,v2.0.1,offline,good
AH-00170,2026-07-04 04:14:00,32.76,47.29,68.6,-54.3,v2.1.0,online,good
AH-00148,2026-07-04 04:15:00,26.12,51.29,73.3,-57.6,v1.4.2,offline,poor
AH-00200,2026-07-04 04:16:00,22.27,44.68,59.0,-69.6,v2.0.1,offline,fair
AH-00104,2026-07-04 04:17:00,26.25,47.74,69.0,-52.9,v1.5.0,maintenance,good
AH-00126,2026-07-04 04:18:00,31.5,45.3,73.5,-54.9,v2.1.0,offline,good
AH-00153,2026-07-04 04:19:00,33.01,65.91,83.8,-50.4,v1.5.0,online,good
AH-00142,2026-07-04 04:20:00,26.25,,87.7,-62.7,v2.0.1,online,good
AH-00011,2026-07-04 04:22:00,,34.52,100.0,-73.5,v2.0.1,online,fair
AH-00141,2026-07-04 04:23:00,26.99,56.03,95.3,-69.1,v2.1.0,online,good
AH-00165,2026-07-04 04:24:00,32.47,55.95,86.2,-70.4,v2.0.1,online,good
AH-00116,2026-07-04 04:24:00,23.7,51.47,79.5,-68.8,v1.5.0,online,fair
AH-00083,2026-07-04 04:26:00,29.9,,79.1,-74.7,v1.5.0,online,poor
AH-00095,2026-07-04 04:27:00,23.1,43.66,74.2,-40.3,v1.5.0,online,fair
AH-00188,2026-07-04 04:28:00,26.19,50.7,75.1,-56.9,v2.1.0,online,good
AH-00140,2026-07-04 04:29:00,30.4,39.16,56.8,-80.5,v2.1.0,online,good
AH-00184,2026-07-04 04:29:00,23.23,42.91,67.8,-50.8,v2.0.1,online,poor
AH-00195,2026-07-04 04:30:00,27.23,53.87,85.9,-61.2,v2.0.1,online,good
AH-00120,2026-07-04 04:30:00,28.39,39.45,82.1,-49.9,v1.5.0,online,good
AH-00014,2026-07-04 04:33:00,,23.62,100.0,-76.4,v1.5.0,online,good
AH-00008,2026-07-04 04:34:00,27.55,49.21,91.7,-65.9,v2.0.1,online,good
AH-00023,2026-07-04 04:35:00,,38.95,82.0,-62.1,v1.5.0,maintenance,fair
AH-00129,2026-07-04 04:35:00,17.49,49.6,-5.7,-52.4,v2.1.0,online,good
AH-00104,2026-07-04 04:38:00,28.18,41.04,73.4,-67.1,v1.5.0,online,fair
AH-00090,2026-07-04 04:41:00,30.26,34.59,62.1,-57.5,v1.5.0,online,good
AH-00025,2026-07-04 04:42:00,26.32,43.2,60.7,-69.6,v2.0.1,offline,good
AH-00199,2026-07-04 04:42:00,26.85,45.63,82.9,-39.9,v2.0.1,online,good
AH-00111,2026-07-04 04:46:00,28.41,40.11,70.5,-57.3,v1.5.0,maintenance,good
AH-00160,2026-07-04 04:47:00,26.1,46.72,62.1,-50.5,v2.0.1,online,good
AH-00112,2026-07-04 04:48:00,29.08,47.08,83.9,-75.2,v2.0.1,online,good
AH-00075,2026-07-04 04:49:00,27.89,51.97,65.8,-59.7,v2.0.1,maintenance,fair
AH-00024,2026-07-04 04:50:00,32.15,45.36,93.1,-70.9,v2.0.1,online,good
AH-00062,2026-07-04 04:51:00,23.12,35.7,70.2,-64.0,v2.0.1,online,good
AH-00167,2026-07-04 04:52:00,26.2,32.12,68.9,-64.2,v1.5.0,online,poor
AH-00171,2026-07-04 04:54:00,26.52,36.45,56.8,-62.7,v1.5.0,maintenance,good
AH-00183,2026-07-04 04:55:00,,47.38,96.5,-58.8,v1.4.2,online,good
AH-00026,2026-07-04 04:59:00,28.51,40.27,81.6,-68.5,v2.0.1,offline,good
AH-00154,2026-07-04 05:02:00,32.74,,69.6,-62.0,v2.0.1,online,good
AH-00127,2026-07-04 05:04:00,28.01,46.16,82.9,-50.6,v1.5.0,online,good
AH-00124,2026-07-04 05:05:00,27.59,36.01,88.4,-55.9,v2.0.1,online,good
AH-00128,2026-07-04 05:06:00,27.2,35.27,76.0,-64.9,v1.5.0,online,good
AH-00093,2026-07-04 05:11:00,31.58,47.32,54.9,-46.2,v2.1.0,online,poor
AH-00011,2026-07-04 05:11:00,27.45,52.22,100.0,-65.4,v2.1.0,online,good
AH-00159,2026-07-04 05:13:00,26.16,61.06,-7.4,-72.5,v2.0.1,offline,good
AH-00050,2026-07-04 05:13:00,25.15,47.33,-9.0,-69.3,v1.5.0,offline,good
AH-00061,2026-07-04 05:13:00,27.6,,96.3,-57.5,v1.5.0,online,fair
AH-00014,2026-07-04 05:15:00,,48.64,76.9,-59.0,v2.1.0,online,poor
AH-00133,2026-07-04 05:17:00,29.26,58.6,82.9,-70.6,v2.1.0,online,good
AH-00178,2026-07-04 05:19:00,25.36,128.07,77.2,-57.0,v2.1.0,maintenance,good
AH-00131,2026-07-04 05:19:00,30.35,,83.8,-56.9,v2.1.0,online,good
AH-00136,2026-07-04 05:19:00,,53.67,79.1,-66.4,v2.1.0,online,good
AH-00184,2026-07-04 05:20:00,36.56,43.3,74.9,-71.5,v2.1.0,online,good
AH-00118,2026-07-04 05:20:00,27.64,54.97,93.1,-53.3,v2.1.0,online,fair
AH-00159,2026-07-04 05:20:00,27.38,125.26,82.4,-64.1,v2.0.1,online,good
AH-00125,2026-07-04 05:20:00,26.43,48.57,67.8,-52.3,v1.4.2,online,poor
AH-00156,2026-07-04 05:21:00,27.57,44.39,78.8,-64.5,v2.1.0,online,good
AH-00085,2026-07-04 05:21:00,36.11,53.36,92.9,-61.3,v2.0.1,online,good
AH-00153,2026-07-04 05:22:00,32.19,33.68,93.2,-70.4,v1.4.2,offline,good
AH-00150,2026-07-04 05:22:00,29.01,28.5,70.3,-67.5,v1.5.0,online,fair
AH-00094,2026-07-04 05:22:00,32.6,60.35,82.1,-49.6,v2.0.1,online,good
AH-00024,2026-07-04 05:26:00,30.72,41.15,83.0,-75.6,v2.1.0,online,fair
AH-00057,2026-07-04 05:27:00,25.46,46.45,54.0,-69.5,v2.1.0,online,good
AH-00073,2026-07-04 05:29:00,30.09,42.24,71.8,-77.7,v2.1.0,online,good
AH-00111,2026-07-04 05:30:00,32.46,40.18,80.8,-69.9,v2.0.1,online,good
AH-00008,2026-07-04 05:30:00,25.96,34.97,67.6,-62.5,v2.0.1,online,good
AH-00016,2026-07-04 05:32:00,26.93,58.69,65.1,-58.9,v2.0.1,online,poor
AH-00112,2026-07-04 05:33:00,31.09,29.59,92.8,-54.9,v2.0.1,offline,good
AH-00006,2026-07-04 05:34:00,33.1,45.04,75.4,-62.0,v2.0.1,online,good
AH-00127,2026-07-04 05:35:00,28.37,38.35,60.0,-46.3,v2.1.0,online,fair
AH-00076,2026-07-04 05:37:00,20.01,50.59,94.6,-53.0,v2.1.0,online,poor
AH-00129,2026-07-04 05:38:00,23.81,43.43,59.9,-62.3,v2.0.1,offline,good
AH-00038,2026-07-04 05:38:00,25.37,51.43,71.6,-66.0,v2.1.0,online,good
AH-00075,2026-07-04 05:40:00,28.93,37.98,69.4,-59.9,v2.0.1,maintenance,good
AH-00189,2026-07-04 05:41:00,,45.79,78.7,-56.8,v2.0.1,online,good
AH-00199,2026-07-04 05:42:00,29.52,44.64,75.0,-51.9,v2.0.1,offline,good
AH-00153,2026-07-04 05:42:00,22.88,38.93,80.5,-58.1,v1.5.0,online,good
AH-00051,2026-07-04 05:43:00,28.57,59.86,77.4,-62.6,v2.1.0,online,poor
AH-00040,2026-07-04 05:44:00,30.91,42.64,50.9,-63.2,v2.0.1,online,good
AH-00068,2026-07-04 05:44:00,25.44,60.81,92.1,-70.4,v2.0.1,online,good
AH-00085,2026-07-04 05:44:00,24.45,56.86,65.6,-65.9,v2.1.0,online,fair
AH-00015,2026-07-04 05:45:00,23.25,58.64,-9.9,-70.5,v2.1.0,online,fair
AH-00101,2026-07-04 05:45:00,26.63,48.37,-8.3,-75.8,v1.5.0,online,fair
AH-00190,2026-07-04 05:45:00,29.63,58.67,-3.5,-65.2,v2.1.0,online,good
AH-00014,2026-07-04 05:45:00,26.94,41.21,68.0,-59.6,v2.0.1,online,good
AH-00006,2026-07-04 05:46:00,24.3,51.32,74.1,-72.6,v2.1.0,online,good
AH-00068,2026-07-04 05:46:00,30.95,38.08,68.5,-50.0,v1.5.0,online,good
AH-00143,2026-07-04 05:46:00,27.53,,81.9,-63.0,v2.1.0,online,good
AH-00077,2026-07-04 05:47:00,33.09,42.78,69.7,-67.9,v2.0.1,offline,good
AH-00161,2026-07-04 05:49:00,16.66,46.53,67.0,-80.0,v2.0.1,online,fair
AH-00068,2026-07-04 05:50:00,21.3,38.64,90.3,-61.8,v1.4.2,online,good
AH-00011,2026-07-04 05:52:00,28.62,41.92,58.2,-52.9,v2.0.1,online,fair
AH-00097,2026-07-04 05:52:00,30.31,58.13,90.5,-70.9,v1.5.0,online,fair
AH-00049,2026-07-04 05:52:00,23.66,27.68,77.2,-62.0,v2.0.1,online,good
AH-00132,2026-07-04 05:53:00,33.24,,98.8,-66.2,v2.1.0,offline,fair
AH-00105,2026-07-04 05:55:00,23.18,43.09,91.0,-73.2,v2.1.0,maintenance,good
AH-00185,2026-07-04 05:55:00,33.76,61.74,79.0,-76.5,v2.0.1,online,good
AH-00156,2026-07-04 05:56:00,27.27,36.09,98.1,-62.2,v2.1.0,online,good
AH-00137,2026-07-04 05:57:00,29.43,,100.0,-48.8,v2.0.1,online,good
AH-00035,2026-07-04 06:00:00,32.1,38.85,84.5,-75.3,v2.0.1,online,good
AH-00094,2026-07-04 06:01:00,26.87,44.13,78.7,-56.4,v2.1.0,online,good
AH-00179,2026-07-04 06:01:00,31.05,55.69,71.8,-68.1,v2.1.0,online,good
AH-00127,2026-07-04 06:01:00,26.57,32.04,76.1,-74.3,v1.5.0,online,poor
AH-00084,2026-07-04 06:01:00,25.14,51.25,80.1,-62.2,v2.0.1,online,good
AH-00186,2026-07-04 06:02:00,28.1,,72.9,-64.8,v1.5.0,online,good
AH-00082,2026-07-04 06:03:00,24.51,41.73,96.5,-51.0,v2.1.0,online,good
AH-00192,2026-07-04 06:04:00,31.58,45.73,-2.2,-71.8,v2.1.0,online,fair
AH-00144,2026-07-04 06:04:00,31.5,47.49,77.9,-60.7,v2.0.1,online,good
AH-00107,2026-07-04 06:05:00,29.31,45.25,87.9,-66.9,v2.0.1,online,fair
AH-00189,2026-07-04 06:07:00,25.87,30.15,70.4,-71.8,v1.5.0,online,good
AH-00075,2026-07-04 06:09:00,25.93,54.52,87.8,-51.0,v2.0.1,online,good
AH-00163,2026-07-04 06:11:00,33.72,48.47,63.5,-70.6,v2.1.0,online,good
AH-00191,2026-07-04 06:11:00,30.39,59.78,88.4,-50.2,v2.0.1,offline,good
AH-00091,2026-07-04 06:12:00,26.09,33.89,92.4,-46.5,v2.0.1,offline,good
AH-00199,2026-07-04 06:15:00,24.39,41.61,69.9,-70.3,v2.0.1,online,good
AH-00119,2026-07-04 06:17:00,25.48,49.98,61.5,-54.0,v2.1.0,online,good
AH-00172,2026-07-04 06:20:00,30.64,42.94,59.2,-62.3,v2.0.1,online,good
AH-00155,2026-07-04 06:23:00,27.88,44.15,93.0,-68.9,v2.0.1,online,good
AH-00032,2026-07-04 06:24:00,29.41,36.59,-7.0,-63.7,v2.1.0,online,poor
AH-00074,2026-07-04 06:24:00,24.4,36.57,76.3,-48.3,v1.5.0,maintenance,poor
AH-00154,2026-07-04 06:24:00,32.97,44.45,99.4,-73.5,v2.0.1,online,good
AH-00138,2026-07-04 06:24:00,32.98,56.67,73.7,-59.6,v2.0.1,online,good
AH-00183,2026-07-04 06:25:00,25.04,40.64,76.6,-55.1,v2.0.1,online,poor
AH-00192,2026-07-04 06:25:00,28.33,41.55,61.9,-53.0,v2.0.1,online,good
AH-00131,2026-07-04 06:25:00,28.1,,88.4,-66.7,v1.5.0,online,good
AH-00090,2026-07-04 06:27:00,26.39,44.11,54.2,-58.3,v2.1.0,online,good
AH-00072,2026-07-04 06:27:00,30.65,37.6,78.0,-52.3,v1.5.0,online,good
AH-00027,2026-07-04 06:30:00,27.41,29.7,97.6,-61.9,v2.0.1,online,good
AH-00060,2026-07-04 06:30:00,25.57,61.15,87.8,-68.6,v2.1.0,offline,good
AH-00022,2026-07-04 06:31:00,,44.62,81.1,-53.2,v2.0.1,online,good
AH-00154,2026-07-04 06:34:00,25.35,52.81,73.2,-72.7,v1.5.0,online,good
AH-00125,2026-07-04 06:34:00,25.56,53.95,74.9,-64.3,v2.0.1,online,fair
AH-00002,2026-07-04 06:34:00,29.81,57.65,76.2,-54.4,v2.0.1,online,good
AH-00100,2026-07-04 06:35:00,31.07,59.39,79.6,-64.3,v2.1.0,online,good
AH-00148,2026-07-04 06:35:00,36.72,38.38,79.7,-68.1,v2.1.0,online,good
AH-00147,2026-07-04 06:35:00,37.21,44.78,87.1,-61.7,v2.1.0,offline,good
AH-00125,2026-07-04 06:35:00,30.14,39.8,59.0,-56.1,v2.0.1,online,good
AH-00091,2026-07-04 06:37:00,25.97,45.14,89.7,-55.9,v2.1.0,online,good
AH-00056,2026-07-04 06:40:00,28.98,45.15,75.5,-64.2,v2.1.0,online,good
AH-00049,2026-07-04 06:42:00,30.94,40.95,-8.4,-67.7,v1.5.0,online,good
AH-00179,2026-07-04 06:43:00,33.92,40.3,93.2,-58.8,v1.5.0,offline,good
AH-00178,2026-07-04 06:43:00,25.08,48.86,-10.0,-57.7,v2.1.0,online,good
AH-00033,2026-07-04 06:45:00,,53.15,62.3,-61.9,v1.5.0,online,good
AH-00092,2026-07-04 06:45:00,38.44,42.83,72.6,-43.5,v2.0.1,online,poor
AH-00155,2026-07-04 06:45:00,27.23,29.52,66.6,-46.6,v2.1.0,offline,good
AH-00092,2026-07-04 06:46:00,32.83,58.71,72.0,-66.8,v2.0.1,online,good
AH-00037,2026-07-04 06:47:00,21.47,45.49,-3.7,-58.5,v2.0.1,online,fair
AH-00038,2026-07-04 06:48:00,27.42,60.87,93.7,-71.1,v1.5.0,online,poor
AH-00047,2026-07-04 06:50:00,33.6,58.66,61.6,-61.3,v2.1.0,online,fair
AH-00002,2026-07-04 06:50:00,30.16,36.08,79.6,-62.8,v2.0.1,maintenance,good
AH-00165,2026-07-04 06:51:00,26.83,57.71,71.0,-65.3,v1.4.2,online,good
AH-00179,2026-07-04 06:52:00,22.74,43.14,72.0,-68.3,v2.0.1,online,good
AH-00180,2026-07-04 06:53:00,26.14,41.3,90.0,-72.0,v1.5.0,online,good
AH-00184,2026-07-04 06:53:00,28.01,39.81,72.1,-71.3,v2.0.1,online,good
AH-00095,2026-07-04 06:53:00,30.35,49.8,54.3,-49.9,v2.0.1,online,good
AH-00022,2026-07-04 06:53:00,28.11,32.9,61.7,-63.9,v2.0.1,offline,good
AH-00090,2026-07-04 06:56:00,22.07,48.02,67.7,-54.8,v2.0.1,online,good
AH-00153,2026-07-04 06:56:00,25.74,34.14,71.2,-66.7,v1.5.0,online,poor
AH-00025,2026-07-04 06:57:00,,60.66,100.0,-63.9,v2.0.1,online,good
AH-00053,2026-07-04 06:58:00,26.08,41.45,93.7,-62.4,v1.5.0,online,poor
AH-00031,2026-07-04 06:59:00,28.31,118.04,98.9,-75.6,v2.0.1,online,good
AH-00141,2026-07-04 07:00:00,33.07,52.64,97.0,-50.6,v2.1.0,online,fair
AH-00037,2026-07-04 07:01:00,27.82,41.57,92.9,-52.9,v1.5.0,maintenance,fair
AH-00052,2026-07-04 07:01:00,29.41,38.9,87.4,-67.8,v1.5.0,online,good
AH-00101,2026-07-04 07:02:00,28.47,35.66,75.9,-63.4,v2.0.1,online,good
AH-00189,2026-07-04 07:02:00,25.67,44.79,86.4,-72.0,v2.1.0,online,good
AH-00062,2026-07-04 07:06:00,33.91,46.78,89.6,-65.8,v1.5.0,online,good
AH-00073,2026-07-04 07:07:00,,,69.4,-64.0,v2.0.1,maintenance,good
AH-00063,2026-07-04 07:07:00,,38.44,80.0,-60.1,v1.5.0,online,fair
AH-00154,2026-07-04 07:08:00,28.98,46.61,68.4,-64.3,v2.0.1,online,good
AH-00092,2026-07-04 07:11:00,27.72,34.09,87.7,-61.4,v2.0.1,online,good
AH-00144,2026-07-04 07:11:00,23.95,46.25,62.8,-61.3,v2.0.1,maintenance,good
AH-00038,2026-07-04 07:11:00,28.59,44.95,65.3,-35.0,v2.0.1,online,good
AH-00097,2026-07-04 07:14:00,26.18,49.04,70.3,-61.6,v2.0.1,online,fair
AH-00078,2026-07-04 07:14:00,28.85,41.9,61.7,-56.9,v1.5.0,offline,good
AH-00041,2026-07-04 07:14:00,29.54,30.75,67.5,-69.3,v1.5.0,offline,fair
AH-00008,2026-07-04 07:15:00,25.83,39.65,73.9,-64.7,v1.5.0,online,fair
AH-00015,2026-07-04 07:15:00,32.27,31.88,82.1,-69.5,v2.0.1,offline,good
AH-00170,2026-07-04 07:16:00,24.07,45.18,47.3,-60.9,v2.1.0,online,good
AH-00026,2026-07-04 07:17:00,28.64,,100.0,-61.4,v2.0.1,online,poor
AH-00131,2026-07-04 07:19:00,33.22,43.29,83.0,-48.4,v2.0.1,online,good
AH-00040,2026-07-04 07:19:00,25.92,50.5,74.5,-67.8,v2.1.0,offline,good
AH-00181,2026-07-04 07:21:00,30.75,30.49,60.2,-66.6,v2.0.1,online,good
AH-00153,2026-07-04 07:23:00,34.94,52.96,80.8,-67.4,v2.1.0,online,fair
AH-00178,2026-07-04 07:23:00,,47.78,67.9,-77.1,v2.0.1,online,good
AH-00177,2026-07-04 07:23:00,27.01,,99.8,-70.2,v2.0.1,online,good
AH-00064,2026-07-04 07:24:00,28.09,47.63,71.7,-59.1,v2.1.0,maintenance,good
AH-00105,2026-07-04 07:25:00,31.68,43.29,70.2,-63.5,v1.5.0,online,good
AH-00173,2026-07-04 07:25:00,23.28,50.26,78.1,-67.0,v2.1.0,online,fair
AH-00154,2026-07-04 07:25:00,34.12,34.62,66.6,-55.1,v1.5.0,online,good
AH-00143,2026-07-04 07:25:00,29.47,40.54,95.4,-59.4,v2.1.0,online,good
AH-00059,2026-07-04 07:26:00,26.2,53.7,66.4,-80.2,v1.5.0,offline,good
AH-00129,2026-07-04 07:28:00,27.57,110.07,84.8,-71.0,v2.0.1,online,good
AH-00059,2026-07-04 07:28:00,,41.19,97.2,-49.7,v1.5.0,online,good
AH-00137,2026-07-04 07:28:00,28.82,30.94,74.3,-69.5,v1.5.0,maintenance,poor
AH-00160,2026-07-04 07:28:00,28.22,54.24,87.1,-67.6,v2.0.1,online,good
AH-00079,2026-07-04 07:31:00,20.31,42.75,64.4,-62.7,v2.0.1,online,good
AH-00079,2026-07-04 07:33:00,34.62,60.99,88.8,-65.0,v1.5.0,online,poor
AH-00059,2026-07-04 07:34:00,28.84,28.76,85.3,-58.2,v2.0.1,offline,good
AH-00076,2026-07-04 07:36:00,27.86,50.8,76.6,-49.7,v2.1.0,online,poor
AH-00196,2026-07-04 07:38:00,,37.24,89.8,-56.8,v2.0.1,online,good
AH-00066,2026-07-04 07:39:00,26.03,42.08,76.1,-75.5,v1.5.0,offline,good
AH-00142,2026-07-04 07:39:00,32.32,44.24,53.7,-82.7,v1.5.0,online,good
AH-00057,2026-07-04 07:39:00,33.17,,77.9,-48.9,v1.5.0,online,good
AH-00184,2026-07-04 07:40:00,35.77,40.27,82.4,-60.2,v1.5.0,maintenance,fair
AH-00051,2026-07-04 07:41:00,27.55,38.63,81.9,-49.5,v2.1.0,online,fair
AH-00010,2026-07-04 07:41:00,20.5,35.64,91.3,-67.6,v1.5.0,online,fair
AH-00111,2026-07-04 07:43:00,26.77,41.65,77.3,-79.9,v2.0.1,online,good
AH-00162,2026-07-04 07:45:00,30.97,39.61,73.2,-70.1,v1.5.0,online,good
AH-00182,2026-07-04 07:46:00,28.36,41.42,81.8,-67.4,v2.0.1,online,good
AH-00014,2026-07-04 07:49:00,,31.7,69.8,-59.5,v2.0.1,online,good
AH-00065,2026-07-04 07:49:00,32.47,48.99,92.4,-71.6,v2.0.1,online,fair
AH-00175,2026-07-04 07:51:00,37.39,43.71,74.6,-71.7,v1.5.0,online,fair
AH-00060,2026-07-04 07:55:00,23.24,,81.3,-65.2,v2.0.1,online,good
AH-00040,2026-07-04 07:56:00,21.85,34.68,81.2,-56.5,v2.1.0,offline,good
AH-00074,2026-07-04 07:57:00,28.96,65.2,80.1,-75.6,v2.1.0,online,fair
AH-00193,2026-07-04 07:59:00,28.5,61.15,86.4,-54.4,v2.1.0,online,fair
AH-00029,2026-07-04 08:02:00,24.53,56.71,81.5,-67.4,v1.5.0,maintenance,good
AH-00129,2026-07-04 08:03:00,24.17,54.14,74.1,-64.8,v2.1.0,online,good
AH-00198,2026-07-04 08:03:00,32.87,41.82,69.5,-61.0,v1.4.2,online,poor
AH-00105,2026-07-04 08:06:00,24.09,33.94,76.3,-59.8,v2.0.1,online,good
AH-00195,2026-07-04 08:06:00,27.22,45.23,88.8,-50.4,v2.1.0,online,good
AH-00094,2026-07-04 08:07:00,33.48,41.43,72.3,-78.2,v1.5.0,online,good
AH-00157,2026-07-04 08:07:00,33.76,49.35,96.5,-47.5,v2.0.1,online,good
AH-00162,2026-07-04 08:10:00,26.67,35.25,81.1,-64.6,v1.5.0,online,good
AH-00149,2026-07-04 08:11:00,30.52,36.16,75.7,-56.9,v1.4.2,online,good
AH-00049,2026-07-04 08:12:00,28.72,45.12,93.9,-74.2,v2.0.1,online,good
AH-00105,2026-07-04 08:13:00,29.39,119.48,92.3,-66.3,v2.0.1,online,good
AH-00132,2026-07-04 08:13:00,27.16,34.05,59.2,-70.2,v2.1.0,online,poor
AH-00164,2026-07-04 08:14:00,30.07,45.71,45.0,-67.3,v2.1.0,online,fair
AH-00141,2026-07-04 08:17:00,34.83,44.62,76.8,-65.8,v2.1.0,online,good
AH-00137,2026-07-04 08:17:00,27.21,43.11,67.0,-46.1,v2.1.0,online,good
AH-00200,2026-07-04 08:18:00,29.96,,88.0,-63.8,v2.0.1,online,good
AH-00118,2026-07-04 08:20:00,32.74,107.88,77.4,-62.0,v2.0.1,online,good
AH-00067,2026-07-04 08:21:00,28.09,44.57,70.9,-65.7,v1.4.2,online,poor
AH-00018,2026-07-04 08:22:00,28.41,36.01,70.7,-52.1,v1.5.0,online,good
AH-00026,2026-07-04 08:22:00,26.7,40.51,84.3,-58.5,v1.5.0,online,good
AH-00075,2026-07-04 08:28:00,24.68,63.5,72.8,-59.3,v2.1.0,online,good
AH-00037,2026-07-04 08:28:00,21.69,,78.4,-53.3,v2.0.1,offline,good
AH-00072,2026-07-04 08:30:00,29.04,55.89,75.9,-54.7,v2.0.1,online,good
AH-00188,2026-07-04 08:33:00,30.38,116.52,89.9,-45.1,v2.1.0,offline,fair
AH-00028,2026-07-04 08:35:00,27.51,39.33,87.8,-55.8,v2.0.1,online,good
AH-00140,2026-07-04 08:35:00,28.41,34.16,62.3,-68.5,v2.0.1,online,good
AH-00037,2026-07-04 08:36:00,34.26,60.76,64.4,-66.5,v1.5.0,online,fair
AH-00184,2026-07-04 08:36:00,26.31,32.86,80.8,-69.8,v2.0.1,offline,good
AH-00155,2026-07-04 08:36:00,33.72,51.38,75.9,-70.2,v2.0.1,online,good
AH-00151,2026-07-04 08:37:00,,49.04,82.9,-63.6,v2.1.0,online,good
AH-00157,2026-07-04 08:37:00,31.41,51.66,65.2,-59.4,v2.0.1,online,fair
AH-00176,2026-07-04 08:37:00,25.74,49.59,82.9,-52.2,v2.1.0,online,good
AH-00003,2026-07-04 08:37:00,30.62,37.14,75.2,-52.6,v1.5.0,online,poor
AH-00009,2026-07-04 08:37:00,27.58,,57.9,-66.7,v2.0.1,online,good
AH-00086,2026-07-04 08:38:00,27.79,45.28,73.1,-68.4,v2.1.0,online,good
AH-00152,2026-07-04 08:38:00,26.13,125.3,68.8,-59.8,v2.1.0,online,fair
AH-00006,2026-07-04 08:39:00,28.33,59.04,65.2,-61.4,v2.1.0,online,good
AH-00003,2026-07-04 08:40:00,24.71,29.52,82.8,-47.7,v1.5.0,online,poor
AH-00078,2026-07-04 08:40:00,29.43,36.0,72.1,-68.7,v2.1.0,online,fair
AH-00142,2026-07-04 08:41:00,30.18,50.15,74.4,-58.0,v2.1.0,offline,good
AH-00023,2026-07-04 08:41:00,28.46,48.1,84.2,-45.5,v1.5.0,online,poor
AH-00190,2026-07-04 08:41:00,28.48,39.98,68.5,-54.4,v2.0.1,online,poor
AH-00011,2026-07-04 08:43:00,26.84,38.63,77.9,-62.1,v2.0.1,maintenance,good
AH-00065,2026-07-04 08:43:00,,54.95,100.0,-51.5,v2.0.1,online,good
AH-00056,2026-07-04 08:43:00,20.75,46.97,67.9,-66.3,v2.0.1,maintenance,good
AH-00081,2026-07-04 08:43:00,29.44,41.84,74.5,-65.3,v2.0.1,online,good
AH-00029,2026-07-04 08:43:00,28.18,48.57,78.8,-70.6,v1.5.0,maintenance,good
AH-00015,2026-07-04 08:44:00,26.15,48.01,79.2,-55.4,v1.5.0,online,good
AH-00166,2026-07-04 08:45:00,25.3,57.9,99.2,-81.7,v1.5.0,online,good
AH-00101,2026-07-04 08:46:00,31.13,44.0,63.1,-59.1,v2.0.1,online,good
AH-00125,2026-07-04 08:47:00,26.63,32.65,68.3,-52.0,v2.0.1,online,good
AH-00026,2026-07-04 08:47:00,25.35,52.09,97.3,-67.9,v2.1.0,online,good
AH-00001,2026-07-04 08:48:00,,57.41,73.7,-63.6,v2.1.0,online,fair
AH-00022,2026-07-04 08:48:00,31.96,113.79,72.1,-54.2,v1.5.0,online,good
AH-00026,2026-07-04 08:49:00,24.77,32.52,76.6,-50.3,v2.1.0,online,good
AH-00098,2026-07-04 08:51:00,27.73,44.08,84.7,-64.4,v2.0.1,offline,good
AH-00069,2026-07-04 08:53:00,,39.36,82.3,-57.0,v2.0.1,online,poor
AH-00083,2026-07-04 08:53:00,33.46,37.55,97.8,-60.2,v2.0.1,maintenance,good
AH-00187,2026-07-04 08:53:00,29.83,29.32,80.1,-69.3,v2.1.0,online,good
AH-00159,2026-07-04 08:54:00,28.57,53.17,88.8,-43.2,v1.5.0,online,good
AH-00176,2026-07-04 08:54:00,30.77,36.79,74.1,-59.3,v2.0.1,online,fair
AH-00084,2026-07-04 08:56:00,29.07,48.24,82.2,-59.2,v1.5.0,online,good
AH-00079,2026-07-04 08:57:00,28.82,30.47,91.8,-67.4,v2.1.0,online,good
AH-00080,2026-07-04 09:00:00,34.73,55.64,74.6,-69.3,v2.0.1,online,poor
AH-00042,2026-07-04 09:00:00,28.15,56.52,90.0,-67.0,v2.1.0,online,good
AH-00084,2026-07-04 09:00:00,29.82,51.16,87.4,-65.1,v2.0.1,online,fair
AH-00077,2026-07-04 09:00:00,35.59,,87.3,-54.9,v2.0.1,online,fair
AH-00039,2026-07-04 09:00:00,29.54,42.64,57.3,-53.9,v2.1.0,offline,fair
AH-00104,2026-07-04 09:03:00,26.4,41.21,69.4,-68.1,v2.0.1,offline,fair
AH-00009,2026-07-04 09:04:00,35.07,46.37,72.1,-63.4,v1.5.0,online,fair
AH-00109,2026-07-04 09:04:00,27.61,43.49,58.7,-62.6,v1.5.0,online,good
AH-00042,2026-07-04 09:04:00,31.53,47.32,88.2,-64.9,v1.4.2,online,good
AH-00078,2026-07-04 09:05:00,20.29,29.4,100.0,-51.1,v2.0.1,online,poor
AH-00137,2026-07-04 09:06:00,28.05,31.53,70.6,-64.2,v1.5.0,online,good
AH-00138,2026-07-04 09:07:00,21.49,41.81,82.8,-62.4,v2.1.0,offline,fair
AH-00003,2026-07-04 09:07:00,24.93,48.85,81.4,-60.4,v1.5.0,online,good
AH-00198,2026-07-04 09:09:00,,102.98,66.2,-64.6,v2.1.0,offline,fair
AH-00172,2026-07-04 09:09:00,32.97,56.11,83.6,-61.2,v2.1.0,online,good
AH-00160,2026-07-04 09:12:00,29.0,52.09,69.8,-73.8,v2.0.1,online,good
AH-00027,2026-07-04 09:12:00,32.13,55.84,94.8,-78.5,v2.0.1,online,good
AH-00062,2026-07-04 09:13:00,29.99,,87.8,-70.8,v2.0.1,online,good
AH-00197,2026-07-04 09:13:00,20.61,45.66,84.2,-69.0,v2.0.1,online,good
AH-00062,2026-07-04 09:15:00,23.75,47.56,80.5,-72.9,v2.1.0,online,fair
AH-00120,2026-07-04 09:17:00,29.72,52.66,74.8,-62.0,v1.5.0,online,fair
AH-00133,2026-07-04 09:18:00,31.04,49.35,80.3,-68.3,v2.1.0,offline,poor
AH-00110,2026-07-04 09:18:00,29.02,42.96,62.9,-70.5,v2.1.0,online,good
AH-00093,2026-07-04 09:21:00,26.25,111.48,74.6,-64.1,v2.0.1,online,good
AH-00122,2026-07-04 09:22:00,17.63,41.16,78.2,-67.0,v2.0.1,offline,good
AH-00091,2026-07-04 09:23:00,,34.13,81.6,-59.1,v1.5.0,online,good
AH-00133,2026-07-04 09:24:00,24.39,49.1,82.0,-67.0,v2.0.1,online,fair
AH-00148,2026-07-04 09:24:00,32.29,44.43,95.3,-80.8,v2.1.0,online,fair
AH-00167,2026-07-04 09:24:00,26.73,48.89,93.6,-55.4,v2.0.1,online,good
AH-00158,2026-07-04 09:26:00,29.78,55.83,-3.1,-71.4,v2.0.1,online,poor
AH-00051,2026-07-04 09:29:00,30.31,33.92,80.1,-50.2,v2.1.0,online,good
AH-00088,2026-07-04 09:29:00,26.58,43.36,87.0,-59.5,v1.5.0,online,good
AH-00012,2026-07-04 09:30:00,26.06,,66.7,-74.2,v2.0.1,online,good
AH-00035,2026-07-04 09:33:00,30.49,,80.6,-65.5,v2.0.1,online,good
AH-00111,2026-07-04 09:34:00,30.74,52.29,70.6,-59.6,v2.0.1,online,fair
AH-00181,2026-07-04 09:37:00,29.42,53.57,62.1,-51.9,v1.5.0,online,good
AH-00050,2026-07-04 09:37:00,,,62.8,-70.4,v1.5.0,offline,fair
AH-00154,2026-07-04 09:38:00,26.37,40.94,65.4,-69.8,v1.5.0,online,good
AH-00040,2026-07-04 09:40:00,27.3,122.54,93.2,-49.5,v2.1.0,online,good
AH-00014,2026-07-04 09:41:00,30.2,47.25,94.4,-59.2,v1.5.0,online,good
AH-00197,2026-07-04 09:42:00,29.27,36.36,85.5,-57.7,v2.1.0,online,good
AH-00040,2026-07-04 09:42:00,26.42,40.72,81.5,-56.6,v2.1.0,offline,good
AH-00098,2026-07-04 09:43:00,22.31,37.88,73.1,-63.3,v2.0.1,online,good
AH-00195,2026-07-04 09:43:00,27.81,41.97,60.9,-58.7,v2.1.0,online,good
AH-00010,2026-07-04 09:43:00,23.52,44.4,66.4,-64.8,v2.0.1,online,good
AH-00149,2026-07-04 09:45:00,30.73,48.89,87.5,-68.5,v2.0.1,online,poor
AH-00141,2026-07-04 09:46:00,29.0,44.79,81.9,-60.3,v2.0.1,online,poor
AH-00107,2026-07-04 09:47:00,26.76,42.9,92.0,-65.3,v2.1.0,offline,fair
AH-00003,2026-07-04 09:48:00,28.26,52.38,64.1,-68.0,v1.4.2,online,good
AH-00052,2026-07-04 09:50:00,28.07,29.36,67.8,-52.5,v2.0.1,online,good
AH-00079,2026-07-04 09:51:00,27.66,43.68,81.1,-66.5,v2.0.1,online,good
AH-00031,2026-07-04 09:52:00,31.04,48.2,74.8,-56.7,v2.0.1,online,poor
AH-00119,2026-07-04 09:52:00,26.13,41.0,68.4,-52.4,v2.0.1,online,good
AH-00162,2026-07-04 09:55:00,26.12,42.83,79.1,-59.0,v1.5.0,online,good
AH-00072,2026-07-04 09:55:00,21.58,36.23,94.7,-59.5,v2.0.1,online,good
AH-00167,2026-07-04 09:55:00,26.31,38.05,75.3,-75.0,v2.1.0,online,good
AH-00199,2026-07-04 09:55:00,20.64,55.23,57.2,-60.4,v1.4.2,online,good
AH-00160,2026-07-04 09:58:00,28.8,49.4,98.5,-48.0,v2.1.0,online,good
AH-00103,2026-07-04 09:59:00,26.79,37.54,51.6,-66.6,v2.1.0,offline,good
AH-00105,2026-07-04 09:59:00,29.45,37.33,76.9,-67.5,v2.0.1,online,good
AH-00174,2026-07-04 10:00:00,27.1,54.09,96.5,-63.3,v2.1.0,online,good
AH-00010,2026-07-04 10:01:00,16.06,46.05,75.2,-68.2,v1.5.0,online,fair
AH-00034,2026-07-04 10:03:00,,25.55,100.0,-57.5,v2.0.1,online,fair
AH-00118,2026-07-04 10:04:00,29.73,39.24,73.1,-80.2,v2.0.1,online,good
AH-00164,2026-07-04 10:05:00,21.38,,78.2,-51.5,v1.5.0,online,good
AH-00115,2026-07-04 10:05:00,30.3,43.89,56.4,-54.0,v1.5.0,online,fair
AH-00049,2026-07-04 10:05:00,27.74,48.34,75.7,-65.2,v1.4.2,online,good
AH-00054,2026-07-04 10:07:00,24.29,,84.7,-62.4,v2.0.1,online,good
AH-00134,2026-07-04 10:07:00,26.88,33.21,92.3,-52.9,v2.0.1,online,good
AH-00083,2026-07-04 10:09:00,34.65,46.54,86.2,-58.0,v2.0.1,online,fair
AH-00026,2026-07-04 10:10:00,22.04,41.19,79.6,-61.9,v2.0.1,online,good
AH-00078,2026-07-04 10:10:00,29.95,44.83,66.7,-74.6,v2.0.1,online,good
AH-00122,2026-07-04 10:10:00,26.47,44.02,72.5,-70.0,v2.1.0,online,good
AH-00121,2026-07-04 10:11:00,24.94,21.37,83.9,-53.8,v1.5.0,online,good
AH-00177,2026-07-04 10:13:00,27.58,51.91,78.1,-60.6,v2.1.0,online,good
AH-00074,2026-07-04 10:13:00,27.72,43.24,89.1,-64.6,v2.0.1,online,good
AH-00128,2026-07-04 10:14:00,28.89,41.1,76.6,-74.0,v2.0.1,online,good
AH-00141,2026-07-04 10:15:00,31.42,40.97,93.4,-57.0,v2.0.1,online,good
AH-00023,2026-07-04 10:16:00,21.36,42.6,100.0,-58.9,v2.0.1,offline,good
AH-00130,2026-07-04 10:16:00,22.55,50.64,73.8,-58.7,v2.0.1,online,good
AH-00190,2026-07-04 10:17:00,26.98,56.92,72.5,-54.4,v2.0.1,maintenance,fair
AH-00133,2026-07-04 10:19:00,29.66,26.75,70.3,-63.6,v2.1.0,online,good
AH-00169,2026-07-04 10:19:00,24.94,62.74,84.4,-61.0,v1.5.0,online,good
AH-00031,2026-07-04 10:21:00,25.64,41.86,61.9,-56.9,v2.0.1,online,good
AH-00135,2026-07-04 10:21:00,28.13,43.88,84.6,-59.9,v2.0.1,online,poor
AH-00012,2026-07-04 10:24:00,28.32,54.14,80.6,-54.0,v2.0.1,online,good
AH-00087,2026-07-04 10:26:00,23.14,60.46,100.0,-60.7,v2.1.0,online,good
AH-00096,2026-07-04 10:26:00,31.12,48.08,77.7,-69.0,v2.0.1,online,poor
AH-00120,2026-07-04 10:26:00,30.36,41.07,72.3,-59.0,v2.1.0,online,good
AH-00100,2026-07-04 10:27:00,28.88,41.47,77.8,-52.0,v2.1.0,online,fair
AH-00019,2026-07-04 10:29:00,27.69,45.08,92.4,-62.5,v2.0.1,online,fair
AH-00089,2026-07-04 10:30:00,,42.58,75.2,-53.8,v2.0.1,offline,fair
AH-00089,2026-07-04 10:30:00,26.42,57.56,83.9,-60.2,v2.0.1,online,good
AH-00008,2026-07-04 10:30:00,21.28,26.33,79.0,-62.8,v2.1.0,online,good
AH-00172,2026-07-04 10:31:00,24.95,36.42,72.3,-46.8,v2.1.0,online,fair
AH-00060,2026-07-04 10:32:00,,53.73,76.2,-64.1,v2.0.1,online,fair
AH-00147,2026-07-04 10:33:00,21.38,41.8,71.9,-75.4,v1.5.0,online,good
AH-00177,2026-07-04 10:34:00,32.43,39.27,74.7,-67.6,v1.4.2,online,poor
AH-00138,2026-07-04 10:34:00,29.87,32.58,82.9,-66.1,v2.1.0,online,good
AH-00195,2026-07-04 10:35:00,25.53,38.4,79.7,-52.4,v1.5.0,online,good
AH-00112,2026-07-04 10:36:00,27.75,35.65,-7.0,-63.3,v2.1.0,online,good
AH-00021,2026-07-04 10:36:00,28.18,35.37,70.0,-66.0,v1.5.0,online,good
AH-00037,2026-07-04 10:37:00,38.25,52.79,91.0,-66.9,v2.0.1,online,fair
AH-00088,2026-07-04 10:43:00,30.54,46.83,94.1,-50.6,v2.0.1,online,fair
AH-00065,2026-07-04 10:43:00,24.2,53.7,74.3,-68.4,v2.1.0,online,poor
AH-00050,2026-07-04 10:43:00,19.71,28.73,71.3,-60.7,v2.0.1,online,good
AH-00047,2026-07-04 10:43:00,21.68,43.84,81.3,-59.0,v1.5.0,online,good
AH-00187,2026-07-04 10:43:00,17.6,44.01,100.0,-53.8,v1.5.0,online,good
AH-00007,2026-07-04 10:45:00,19.62,64.03,62.3,-57.8,v2.0.1,online,good
AH-00004,2026-07-04 10:46:00,33.69,50.04,79.8,-48.8,v2.1.0,online,good
AH-00083,2026-07-04 10:47:00,26.58,38.56,85.4,-70.5,v2.0.1,online,fair
AH-00165,2026-07-04 10:47:00,31.35,34.62,64.8,-59.4,v2.0.1,online,good
AH-00029,2026-07-04 10:47:00,27.06,34.66,71.3,-64.6,v2.0.1,online,good
AH-00101,2026-07-04 10:49:00,26.16,41.83,90.1,-58.9,v2.0.1,online,good
AH-00121,2026-07-04 10:52:00,,35.52,-2.4,-72.1,v2.1.0,online,good
AH-00082,2026-07-04 10:55:00,34.4,43.88,70.8,-58.0,v2.0.1,online,fair
AH-00153,2026-07-04 10:56:00,25.55,50.47,70.7,-62.8,v2.0.1,online,poor
AH-00188,2026-07-04 10:57:00,26.23,,73.9,-67.8,v1.4.2,online,good
AH-00175,2026-07-04 10:59:00,31.82,56.09,77.2,-56.3,v2.0.1,maintenance,good
AH-00181,2026-07-04 11:00:00,24.88,44.71,63.8,-68.8,v1.5.0,online,good
AH-00149,2026-07-04 11:01:00,27.01,,82.6,-63.0,v2.0.1,online,good
AH-00055,2026-07-04 11:04:00,25.29,50.2,57.8,-54.9,v2.0.1,online,good
AH-00141,2026-07-04 11:05:00,24.66,61.14,51.6,-60.2,v2.0.1,online,fair
AH-00068,2026-07-04 11:05:00,26.55,46.62,78.4,-59.9,v2.0.1,online,good
AH-00027,2026-07-04 11:05:00,25.04,64.4,91.9,-61.0,v1.5.0,online,good
AH-00057,2026-07-04 11:07:00,28.17,45.07,87.5,-61.3,v2.0.1,maintenance,good
AH-00104,2026-07-04 11:08:00,28.2,33.78,100.0,-52.3,v1.5.0,online,good
AH-00188,2026-07-04 11:09:00,29.98,48.12,65.6,-76.4,v2.1.0,online,fair
AH-00138,2026-07-04 11:12:00,28.83,46.01,74.0,-63.1,v2.0.1,online,fair
AH-00066,2026-07-04 11:12:00,23.15,48.62,68.3,-67.3,v2.1.0,online,good
AH-00184,2026-07-04 11:14:00,27.64,,86.5,-74.1,v2.0.1,online,good
AH-00039,2026-07-04 11:14:00,30.45,48.97,70.1,-58.9,v1.4.2,online,fair
AH-00161,2026-07-04 11:15:00,26.86,39.24,90.4,-66.5,v2.0.1,online,good
AH-00113,2026-07-04 11:16:00,26.87,39.5,97.6,-50.8,v1.5.0,online,poor
AH-00183,2026-07-04 11:16:00,29.9,54.35,83.6,-58.5,v1.4.2,online,good
AH-00177,2026-07-04 11:16:00,22.35,50.58,64.2,-66.8,v2.0.1,online,fair
AH-00109,2026-07-04 11:17:00,27.87,38.62,67.5,-54.2,v2.0.1,offline,fair
AH-00034,2026-07-04 11:18:00,29.8,47.76,70.0,-67.0,v2.0.1,offline,good
AH-00159,2026-07-03 08:09:00,32.28,53.06,77.1,-67.9,v2.0.1,online,good
AH-00142,2026-07-01 12:21:00,27.88,40.97,71.2,-65.1,v2.0.1,online,good
AH-00128,2026-07-03 11:42:00,29.28,38.34,-3.3,-60.6,v1.4.2,online,good
AH-00165,2026-07-04 03:41:00,27.89,48.85,62.1,-75.7,v2.0.1,online,good
AH-00141,2026-07-03 05:17:00,20.45,44.68,100.0,-72.4,v2.0.1,online,fair
AH-00162,2026-07-02 06:06:00,28.63,43.06,-10.9,-63.9,v2.0.1,online,good
AH-00192,2026-07-02 23:56:00,,38.59,78.2,-64.4,v1.5.0,offline,good
AH-00092,2026-07-03 07:03:00,,40.07,76.8,-64.8,v2.0.1,online,fair
AH-00096,2026-07-03 10:18:00,25.38,37.53,83.5,-58.3,v2.0.1,online,good
AH-00097,2026-07-02 22:21:00,28.55,43.17,81.0,-58.8,v2.1.0,online,good
AH-00109,2026-07-04 01:17:00,30.38,116.13,81.0,-60.4,v2.0.1,online,good
AH-00082,2026-07-03 09:37:00,28.87,35.11,75.6,-60.0,v2.0.1,online,good
AH-00176,2026-07-03 00:37:00,26.65,,-2.6,-61.0,v1.5.0,online,poor
AH-00194,2026-07-03 04:48:00,28.85,,100.0,-57.4,v1.5.0,online,good
AH-00080,2026-07-03 23:54:00,,33.86,80.2,-60.0,v2.1.0,online,good
AH-00036,2026-07-01 10:00:00,22.53,37.39,76.2,-65.7,v2.0.1,online,good
AH-00091,2026-07-01 10:26:00,30.48,43.41,72.0,-56.4,v2.0.1,offline,good
AH-00144,2026-07-03 13:10:00,28.5,55.46,56.1,-68.6,v1.5.0,online,good
AH-00044,2026-07-02 14:02:00,27.93,39.66,76.3,-63.8,v2.1.0,online,poor
AH-00013,2026-07-02 21:03:00,26.85,54.16,62.7,-54.8,v2.1.0,online,good
AH-00056,2026-07-02 13:05:00,24.38,47.44,74.1,-70.5,v1.5.0,online,good
AH-00154,2026-07-03 21:41:00,24.7,49.61,88.3,-55.5,v2.1.0,online,good
AH-00170,2026-07-04 07:16:00,24.07,45.18,47.3,-60.9,v2.1.0,online,good
AH-00089,2026-07-02 11:03:00,24.99,,75.5,-52.1,v2.0.1,online,poor
AH-00002,2026-07-04 06:34:00,29.81,57.65,76.2,-54.4,v2.0.1,online,good
AH-00039,2026-07-02 22:57:00,25.34,44.38,82.3,-58.0,v1.5.0,maintenance,good
AH-00075,2026-07-03 13:40:00,23.58,44.14,94.0,-43.5,v2.1.0,online,good
AH-00174,2026-07-01 07:39:00,,47.51,65.6,-55.3,v2.1.0,online,good
AH-00146,2026-07-02 16:56:00,19.87,50.72,86.6,-72.3,v2.0.1,online,good
AH-00028,2026-07-02 11:19:00,27.66,44.95,77.1,-71.8,v2.0.1,maintenance,good
AH-00007,2026-07-01 10:12:00,26.11,55.59,84.9,-63.3,v1.5.0,online,fair
AH-00036,2026-07-03 22:15:00,26.81,41.27,59.8,-65.7,v2.0.1,online,good
AH-00075,2026-07-04 08:28:00,24.68,63.5,72.8,-59.3,v2.1.0,online,good
AH-00029,2026-07-02 06:09:00,35.02,40.32,86.0,-60.7,v2.0.1,online,good
AH-00194,2026-07-04 04:09:00,,51.62,83.9,-79.4,v2.0.1,online,fair
AH-00166,2026-07-02 08:56:00,,44.38,91.7,-69.5,v2.0.1,online,fair
AH-00003,2026-07-03 12:57:00,,,76.5,-58.6,v2.1.0,online,good
AH-00056,2026-07-02 12:36:00,34.12,45.99,64.4,-50.1,v2.1.0,online,fair
AH-00061,2026-07-03 21:00:00,,38.74,82.0,-62.3,v1.5.0,online,good
AH-00169,2026-07-01 05:57:00,33.39,57.06,81.0,-66.6,v2.0.1,online,good
AH-00013,2026-07-04 01:20:00,25.33,50.76,69.7,-60.1,v1.5.0,online,good
AH-00124,2026-07-03 05:24:00,20.12,43.5,95.8,-53.0,v2.0.1,online,good
AH-00029,2026-07-01 19:55:00,26.77,51.38,75.8,-61.9,v2.0.1,online,good
AH-00056,2026-07-03 09:52:00,28.25,47.25,65.2,-72.5,v2.0.1,maintenance,good
AH-00064,2026-07-03 10:46:00,22.62,43.82,97.3,-54.3,v2.0.1,online,fair
AH-00183,2026-07-01 04:30:00,29.8,,85.2,-49.0,v2.0.1,online,fair
AH-00044,2026-07-04 03:45:00,28.58,41.76,95.3,-64.9,v2.0.1,online,good
AH-00190,2026-07-03 02:28:00,28.08,50.2,81.7,-55.4,v2.1.0,online,fair
AH-00001,2026-07-01 03:13:00,28.66,,67.8,-88.1,v2.0.1,offline,good
AH-00078,2026-07-03 14:37:00,29.93,41.29,74.1,-62.6,v2.1.0,online,good
AH-00142,2026-07-02 12:12:00,25.95,,86.6,-60.9,v2.1.0,maintenance,good
AH-00024,2026-07-04 00:29:00,30.62,40.07,97.5,-82.5,v1.4.2,online,good
AH-00124,2026-07-01 23:02:00,31.24,45.64,70.8,-42.2,v2.0.1,maintenance,good
AH-00117,2026-07-01 18:32:00,32.33,66.06,68.1,-59.0,v2.1.0,online,fair
AH-00079,2026-07-01 11:03:00,26.88,61.79,85.0,-45.8,v2.1.0,online,good
AH-00142,2026-07-02 18:09:00,26.05,34.89,59.2,-72.7,v2.1.0,online,good
AH-00129,2026-07-03 01:36:00,32.93,62.91,82.1,-69.8,v2.1.0,online,poor
AH-00184,2026-07-03 01:50:00,20.58,45.17,90.0,-48.5,v2.0.1,offline,good
AH-00060,2026-07-01 02:45:00,25.05,55.42,77.0,-63.1,v2.0.1,online,good
AH-00194,2026-07-02 08:58:00,24.61,43.99,76.2,-70.4,v2.0.1,online,fair
AH-00124,2026-07-03 12:56:00,,41.55,81.2,-52.8,v2.0.1,online,good
AH-00046,2026-07-02 05:38:00,23.89,36.04,83.3,-53.5,v2.1.0,online,good
AH-00008,2026-07-04 03:55:00,30.36,47.09,68.7,-58.6,v2.1.0,online,good
AH-00086,2026-07-01 01:17:00,29.17,43.26,65.9,-67.9,v2.0.1,offline,good
AH-00092,2026-07-02 00:39:00,27.1,62.39,62.9,-50.7,v2.0.1,offline,good
AH-00112,2026-07-02 21:12:00,29.01,55.42,70.6,-62.7,v2.0.1,online,good
AH-00140,2026-07-02 23:59:00,34.71,55.15,84.5,-80.0,v1.5.0,online,good
AH-00164,2026-07-02 10:47:00,28.48,64.74,88.7,-61.8,v2.1.0,maintenance,good
AH-00165,2026-07-04 01:47:00,22.55,46.39,80.9,-61.9,v1.5.0,maintenance,fair
AH-00140,2026-07-01 09:19:00,30.45,,75.5,-60.8,v2.0.1,maintenance,good
AH-00108,2026-07-02 07:12:00,28.45,35.39,92.6,-66.0,v2.0.1,online,fair
AH-00005,2026-07-03 07:40:00,22.19,52.09,88.4,-61.4,v2.0.1,maintenance,good
AH-00089,2026-07-01 20:28:00,28.59,114.63,90.4,-64.0,v2.0.1,online,poor
AH-00158,2026-07-02 07:46:00,25.64,52.49,75.3,-50.7,v2.0.1,online,good
AH-00026,2026-07-01 06:31:00,26.67,43.17,84.5,-55.1,v1.5.0,online,fair
AH-00083,2026-07-03 16:34:00,25.42,38.61,73.1,-65.9,v2.1.0,online,good
AH-00180,2026-07-04 01:47:00,30.91,46.17,82.8,-51.2,v2.0.1,online,good
AH-00200,2026-07-02 13:00:00,,48.72,76.3,-62.3,v2.0.1,online,good
AH-00090,2026-07-01 11:16:00,29.39,33.04,71.0,-61.2,v2.0.1,online,good
AH-00071,2026-07-01 07:29:00,23.78,51.58,63.5,-71.8,v2.0.1,online,good
AH-00038,2026-07-01 02:28:00,29.84,36.92,76.3,-63.3,v2.1.0,online,poor
AH-00008,2026-07-04 07:15:00,25.83,39.65,73.9,-64.7,v1.5.0,online,fair
AH-00078,2026-07-02 21:02:00,33.85,44.44,84.9,-52.8,v2.0.1,online,fair
AH-00073,2026-07-03 21:17:00,,50.85,66.4,-65.7,v1.5.0,offline,good
AH-00094,2026-07-04 00:00:00,25.37,44.42,89.9,-69.1,v2.1.0,online,good
AH-00076,2026-07-02 01:09:00,25.01,46.74,74.3,-72.0,v2.1.0,online,good
AH-00045,2026-07-01 20:01:00,26.15,50.13,89.8,-62.7,v1.5.0,offline,good
AH-00045,2026-07-03 14:46:00,26.13,27.83,70.9,-79.1,v1.5.0,maintenance,good
AH-00137,2026-07-02 20:06:00,30.44,48.88,74.8,-71.0,v1.5.0,online,fair
AH-00005,2026-07-02 08:32:00,,45.58,64.2,-56.3,v2.0.1,online,fair
AH-00182,2026-07-02 06:00:00,33.22,37.29,71.2,-45.7,v2.0.1,online,good
AH-00124,2026-07-03 09:41:00,21.73,52.81,69.5,-77.8,v2.1.0,offline,fair
AH-00115,2026-07-03 13:46:00,32.47,43.84,58.3,-65.7,v2.1.0,online,good
AH-00110,2026-07-01 00:04:00,25.91,32.87,72.0,-71.5,v2.0.1,online,good
AH-00072,2026-07-03 21:08:00,34.09,50.48,86.8,-74.3,v2.1.0,maintenance,fair
AH-00028,2026-07-01 20:41:00,30.7,45.13,88.3,-63.5,v2.1.0,online,good
AH-00118,2026-07-04 05:20:00,27.64,54.97,93.1,-53.3,v2.1.0,online,fair
AH-00195,2026-07-01 21:50:00,32.51,,66.1,-62.2,v1.5.0,online,good
AH-00139,2026-07-03 18:30:00,29.58,59.26,67.1,-55.7,v2.0.1,online,good
AH-00159,2026-07-01 11:54:00,25.38,47.85,98.9,-70.8,v2.0.1,online,good
